Workbook

Sheet 개정이력
A1: 광단국 선번장 개정이력
A3: 개정일자 | B3: 선번장 | F3: 변경내역 | H3: 사 유 | I3: 비 고
B4: 설치장소 | C4: 설비종류 | D4: 카드종류 | E4: 포트번호 | F4: 회선내역(개정전) | G4: 회선내역(개정후)
A5: 2017.01.13 | B5: 화천S/S | C5: 통합PTP | D5: LIU | E5: 1,2,4,5 | F5: - | G5: - | H5: 현황정리
A6: 2017.01.13 | B6: 화천S/S | C6: 통합단말 | D6: LIU | E6: 1-8 | F6: - | G6: - | H6: 현황정리
A7: 2017.03.09 | B7: 양구S/S | C7: P32T(인제계) | D7: 4W E/M | E7: 3, 4 | H7: 현황정리
B8: 양구S/S | C8: P32T(상남계) | D8: 4W E/M | E8: 2 | H8: 현황정리
A9: 2017.11.06 | B9: 춘천S/S | C9: CMUX(강릉) | D9: 4W E/M | E9: 12 | F9: - | G9: 신평창ADS | H9: 포트생성
B10: 본부 | C10: CMUX(강릉) | D10: 4W E/M | E10: 11 | F10: 영월CC DAS | G10: 신평창DAS | H10: 포트생성
A11: 2017.11.07 | B11: 춘천S/S | C11: OMS(본부계) | D11: ETU | E11: 8 | F11: - | G11: CMUX | H11: 포트생성
B12: 본부 | C12: OMS(춘천계) | D12: ETU | E12: 8 | F12: - | G12: CMUX | H12: 포트생성
A13: 2017.11.08 | B13: 춘천S/S | C13: PTP(본부계) | D13: E1 | E13: 6,9 | F13: - | G13: 송변전감시 | H13: 포트생성
B14: 본부 | C14: PTP(춘천계) | D14: E1 | E14: 6,9 | F14: - | G14: 송변전감시 | H14: 포트생성

Sheet 본부통신실
A1: 본부통신실 광단국선번장('25.06.23)
A2: 설치장소 | B2: 대국장소 | C2: 순번 | D2: 카드 | E2: 회선 사용 내역 | I2: 카드 | J2: 중계경로
A3: 본부 | B3: 춘천(구) | C3: 1 | D3: E1/T1 | E3: E1 | F3: C-MUX | H3: 본부-춘천#1 | I3: E1/T1 | J3: 본부-(송변PTPU:1)-춘천
A4: 송변PTPU | C4: 2 | E4: E1 | F4: 데이터링크 | H4: 거래소(의왕)-춘천 | J4: 춘천-(송변PTPU:2)-강원본부[KepCIT PQM()]-원주PO[MSPP PQM()]
A5: 2022.05 UPDATE | C5: 3 | E5: T1 | F5: C-MUX | H5: 본부-춘천#2 | J5: 춘천-(송변PTPU:3)-춘천
C6: 4 | E6: E1 | F6: C-MUX | H6: 춘천S/S-강릉P/O | J6: 춘천-(송변PTPU:4)-강원본부[MSPP PQM52(38)-강릉PO[MSPP PQM2(24)]
C7: 5 | D7: E1/T1 | E7: E1 | F7: C-MUX | H7: 춘천-동해 | I7: E1/T1 | J7: 춘천-(송변PTPU:5)-강원본부#2[MSPP PQM(4)-동해PO[MSPP PQM(4)]
C8: 6 | E8: E1 | F8: 배전전력구 | H8: 남춘천 배전전력구 화상감시#1 | J8: 남춘천-(9:통합단말:10)-춘천-(송변PTPU:6)-본부
C9: 7 | E9: E1 | F9: 배전전력구 | H9: 남춘천 배전전력구 화상감시#2 | J9: 남춘천-(10:통합단말:11)-춘천-(송변PTPU:7)-본부
C10: 8 | E10: E1 | F10: 배전전력구 | H10: 남춘천 배전전력구 화상감시#3 | J10: 남춘천-(11:통합단말:12)-춘천-(송변PTPU:8)-본부
C11: 9 | D11: E1/T1 | I11: E1/T1
C12: 10
C13: 11
C14: 12
A15: 본부 | B15: 춘천(구) | C15: 1 | D15: E1/T1 | E15: T1 | F15: 데이터링크 | H15: 거래소-춘천 | I15: E1/T1 | J15: 본사[MSPP_W 52-PQM-17]-(MSPP 52-PQM-15]강원DD-통합[1]-춘천S/S(급전소)
A16: 통합(P-to-P)#1 | C16: 2 | E16: E1 | K16: 동해 LIUDS 로 바꿀것
C17: 3 | E17: E1
C18: 4 | E18: E1 | F18: 급전분소 후비 | H18: 급전소-강릉 | J18: 강릉[MSPP_2_PQM-25]-강원DD[MSPP_52_PQM-30]-통합[4]-춘천S/S-ETH_CSU
C19: 5 | E19: E1 | F19: 급전분소 후비 | H19: 급전소-원주 | J19: 원주[MSPP_2_PQM-28]-강원DD[MSPP_52_PQM-41]-통합[5]-춘천S/S-ETH_CSU
C20: 6 | E20: E1 | F20: 송변전감시 | H20: 춘천-횡계 | J20: 춘천-6(PTP)본부#2[MSPP PQM(2)-강릉PO[MSPP PQM(2)]
C21: 7 | E21: E1 | F21: CMS-PLUS | H21: 춘천(구)-원주 | J21: 춘천-7(PTP)-본부[MSPP PQM()-원주PO[MSPP PQM()]
C22: 8 | E22: E1
C23: 9 | E23: E1 | F23: 송변전감시 | H23: 춘천-영월 | J23: 춘천-9(PTP)-본부#2[MSPP PQM(3)-태백PO[MSPP PQM(1)]
C24: 10 | E24: E1 | F24: D-SCADA | H24: 원주 LIU DS | J24: 춘천-10(PTP)-본부[MSPP PQM(12)-원주PO[MSPP PQM(12)]
C25: 11 | E25: E1 | F25: MMI | H25: 강릉 원격MMI | J25: 춘천-11(PTP)-본부[MSPP PQM()-강릉PO[MSPP PQM()]
C26: 12 | E26: E1
C27: 1 | D27: 4W E&M | E27: 9.6K | I27: 4W E&M
C28: 2 | E28: 9.6K
C29: 3 | E29: 9.6K
C30: 4 | E30: 9.6K
A31: 본부 | B31: 춘천(구) | C31: 1 | D31: E1/T1 | E31: E1 | I31: E1/T1
A32: 통합(P-to-P)#2 | C32: 2 | E32: E1 | F32: 신재생 감시 | H32: 동해변전소 제어동 | J32: 동해 : 동해-(MSPP:49 - MSPP#2:5) - 강원본부 - (PTP#2:2) - 춘천(구) - 신재생발전원스위치3
C33: 3 | E33: E1
C34: 4 | E34: E1 | F34: 배전전력구 | H34: 화천배전전력구 | J34: 화천 ECSU-(4:통합단말:9)-춘천(구)(PTP#2 : 4 ) - 본부CSU - ~
C35: 5 | E35: E1 | F35: 배전전력구 | H35: 서홍천배전전력구 | J35: 서홍천 ECSU-(2:통합단말:9)-춘천(구)(PTP#2 : 5) - 본부CSU - ~
C36: 6 | E36: E1 | F36: 신재생 감시 | H36: 북평화력 | J36: 북평TP : 동해-(MSPP:50 - MSPP#2:6) - 강원본부 - (PTP#2:6) - 춘천(구) - 신재생발전원스위치4
C37: 7 | E37: E1 | F37: 신재생 감시 | H37: 삼척G/P | J37: 삼척GP : 동해-(MSPP:51 - MSPP#2:7) - 강원본부 - (PTP#2:7) - 춘천(구) - 신재생발전원스위치5
C38: 8
C39: 9
C40: 10 | L40: 2017.08수정
C41: 11 | E41: E1 | F41: 배전전력구 | H41: 남춘천 배전전력구 화상감시#1 | J41: 남춘천-(9:통합단말:10)-춘천-(PTP#2:11)-본부
C42: 12 | L42: 2017.08수정
C43: 1 | D43: 4W E&M | I43: 4W E&M
C44: 2
C45: 3
C46: 4
A47: 본부 | B47: 춘천(구) | C47: 1 | D47: 4W E&M | I47: 4W E&M | J47: 불량
A48: CMUX | C48: 2 | J48: 불량
C49: 3
C50: 4
C51: 5
C52: 6
C53: 7 | D53: 4W E&M | I53: 4W E&M | J53: '
C54: 8
C55: 9
C56: 10
C57: 11
C58: 12 | F58: 급전 | H58: 강릉T/P(나주KPX) | J58: 나주KPX-(CMS:20)-강원D/D-(CMUX:12)-춘천변전소-(CMUX#2:15)-강릉P/O
C59: 13 | D59: 4W E&M | I59: 4W E&M
C60: 14
C61: 15
C62: 16 | F62: 급전 | H62: 안인개폐소(의왕KPX) | J62: 의왕KPX-(CMS:10)-강원본부-16(CMUX)-춘천-(CMUX#2:14)-강릉P/O
C63: 17 | F63: 급전 | H63: 강릉T/P(의왕KPX) | J63: 의왕KPX-(CMS:11)-강원본부-17(CMUX)-춘천-(CMUX#2:16)-강릉P/O
C64: 18
C65: 19 | D65: 4W E&M | F65: 급전 | H65: 급전소-청평양수 | I65: SLC-T | J65: 본부-19(CMUX)-춘천-17(통합단말)13-서홍천-1(P32T)-청평PP
C66: 20 | F66: 급전 | H66: 급전소-한강RCC | J66: 본부-20(C-MUX)-춘천-18(통합단말)11-북춘천-16(P32T)-춘천HP
C67: 21
C68: 22
C69: 23
C70: 24
C71: 25 | D71: 4W E&M | I71: 4W E&M
C72: 26
C73: 27
C74: 28
C75: 29 | F75: 급전 | H75: 안인개폐소(나주KPX) | J75: 나주KPX-(CMS:19)-강원D/D-(CMUX:29)-춘천변전소-(CMUX#2:13)-강릉P/O
C76: 30 | H76: 사용불가 | J76: 사용불가
C77: 31 | D77: 4W E&M | I77: BLANK
C78: 32
C79: 33
C80: 34
C81: 35
C82: 36
C83: 37 | D83: 4W E&M | F83: 급전 | H83: 거래소(나주)-급전소 | I83: 4W E&M | J83: 나주KPX-CH5-강원본부-37(C-MUX)-춘천변전소 | K83: 데이터회선
C84: 38 | F84: 급전 | H84: 거래소(나주)-춘천 | J84: 나주KPX-CH6-강원본부-38(C-MUX)-춘천변전소 | K84: 회선없음
C85: 39
C86: 40
C87: 41
C88: 42
C89: 43 | D89: BLANK | I89: BLANK
C90: 44
C91: 45
C92: 46
C93: 47
C94: 48
C95: 49 | D95: BLANK | I95: BLANK
C96: 50
C97: 51
C98: 52
C99: 53
C100: 54
...

Sheet 춘천SS(구)
A1: (구)춘천S/S 광단국 선번장
A4: 설치장소 | B4: 대국장소 | C4: 순번 | D4: 카드 | E4: 회선 사용 내역 | I4: 카드 | J4: 중계경로
A5: 춘천(구) | B5: 본부 | C5: 1 | D5: E1/T1 | E5: E1 | F5: C-MUX | G5: =본부통신실!G3 | H5: 본부-춘천#1 | I5: E1/T1 | J5: 본부-(송변PTPU:1)-춘천
A6: 송변PTPU | C6: 2 | E6: E1 | F6: 데이터링크 | G6: =본부통신실!G4 | H6: 거래소(의왕)-춘천 | J6: 춘천-(송변PTPU:2)-강원본부[MSPP PQM()]-원주PO[MSPP PQM()]
A7: 2022.05 UPDATE | C7: 3 | E7: T1 | F7: C-MUX | G7: =본부통신실!G5 | H7: 본부-춘천#2 | J7: 춘천-(송변PTPU:3)-춘천
C8: 4 | E8: E1 | F8: C-MUX | G8: =본부통신실!G6 | H8: 춘천S/S-강릉P/O | J8: 춘천-(송변PTPU:4)-강원본부[MSPP PQM52(38)-강릉PO[MSPP PQM2(24)]
C9: 5 | E9: E1 | F9: C-MUX | H9: 춘천-동해 | J9: 춘천-(송변PTPU:5)-강원본부#2[MSPP PQM(4)-동해PO[MSPP PQM(4)]
C10: 6 | E10: E1 | F10: 배전전력구 | H10: 남춘천 배전전력구 화상감시#1 | J10: 남춘천-(9:통합단말:10)-춘천-(송변PTPU:6)-본부
C11: 7 | E11: E1 | F11: 배전전력구 | H11: 남춘천 배전전력구 화상감시#2 | J11: 남춘천-(10:통합단말:11)-춘천-(송변PTPU:7)-본부
C12: 8 | E12: E1 | F12: 배전전력구 | H12: 남춘천 배전전력구 화상감시#3 | J12: 남춘천-(11:통합단말:12)-춘천-(송변PTPU:8)-본부
C13: 9 | E13: =본부통신실!E11 | F13: =본부통신실!F11 | G13: =본부통신실!G11 | H13: =본부통신실!H11 | J13: =본부통신실!J11
C14: 10
C15: 11
C16: 12
A17: 춘천(구) | B17: 홍천 | C17: 1 | D17: E1/T1 | E17: E1 | F17: PIU | G17: 예비 | H17: 154 남춘천-춘천 T/L | I17: E1/T1 | J17: (신)춘천-(PTP#2:2)-(구)춘천-(PTP:1)-홍천-(PTP:2)-남춘천 | K17: 22.10 구성
A18: 송변PTPU | C18: 2 | E18: E1 | F18: CMS-PLUS | H18: 춘천-인제 | J18: 춘천-2(송변PTPU)-홍천-10-상남-6-인제 | K18: 22.10 구성
A19: 2022.10 UPDATE | C19: 3 | E19: T1 | F19: PITR | G19: 예비 | H19: 154 홍천-소양강HP T/L | J19: 홍천-3(송변PTPU)-춘천-5(OMS)-소양HP | K19: 22.10 구성
C20: 4 | E20: T1 | F20: PITR | G20: 예비 | H20: 154 춘천-소양강HP T/L | J20: 춘천-4(송변PTPU)-홍천-5소양H/P | K20: 22.10 구성
C21: 5
C22: 6
C23: 7
C24: 8
C25: 9
C26: 10
C27: 11
C28: 12
A29: 남춘천 | B29: 춘천(구) | C29: 1 | D29: T1/E1 | I29: T1/E1
A30: 통합PTP | C30: 2
A31: 2018.02 UPDATE | C31: 3
C32: 4
C33: 5
C34: 6
C35: 7
C36: 8
C37: 9
C38: 10
C39: 11
C40: 12
C41: 1 | D41: 4W E&M | I41: 4W E&M
C42: 2
C43: 3
C44: 4
A45: 춘천 | B45: 소양HP | C45: 1 | D45: ETU | E45: T1 | F45: PITR | G45: 주 | H45: 154 춘천-소양걍HP T/L | I45: ETU | J45: 신춘천-1-구춘천-1-소양HP
A46: OMS-PLUS | C46: 2
C47: 3
C48: 4 | E48: E1 | F48: CMS-PLUS | H48: 154 춘천-소양강HP | J48: 춘천-4-소양HP
C49: 5 | D49: ETU | E49: T1 | F49: PITR | G49: 예비 | H49: 154 홍천-소양걍HP T/L | I49: ETU | J49: 홍천-11-춘천-5-소양HP
C50: 6
C51: 7
C52: 8
C53: 9
C54: 10
C55: 11
C56: 12
C57: 13
C58: 14
C59: 15
C60: 16
A61: 춘천(구) | B61: 본부 | C61: 1 | D61: T1/E1 | E61: =본부통신실!E15 -> T1 | F61: =본부통신실!F15 -> 데이터링크 | G61: =본부통신실!G15 | H61: =본부통신실!H15 -> 거래소-춘천 | I61: T1/E1 | J61: =본부통신실!J15 -> 본사[MSPP_W 52-PQM-17]-(MSPP 52-PQM-15]강원DD-통합[1]-춘천S/S(급전소)
A62: 통합(P-to-P) #1 | C62: 2 | E62: =본부통신실!E16 -> E1
A63: 2017.07 UPDATE | C63: 3 | E63: =본부통신실!E17 -> E1
C64: 4 | E64: =본부통신실!E18 -> E1 | F64: =본부통신실!F18 -> 급전분소 후비 | G64: =본부통신실!G18 | H64: =본부통신실!H18 -> 급전소-강릉 | J64: =본부통신실!J18 -> 강릉[MSPP_2_PQM-25]-강원DD[MSPP_52_PQM-30]-통합[4]-춘천S/S-ETH_CSU
C65: 5 | E65: =본부통신실!E19 -> E1 | F65: =본부통신실!F19 -> 급전분소 후비 | G65: =본부통신실!G19 | H65: =본부통신실!H19 -> 급전소-원주 | J65: =본부통신실!J19 -> 원주[MSPP_2_PQM-28]-강원DD[MSPP_52_PQM-41]-통합[5]-춘천S/S-ETH_CSU
C66: 6 | E66: =본부통신실!E20 -> E1 | F66: =본부통신실!F20 -> 송변전감시 | G66: =본부통신실!G20 | H66: =본부통신실!H20 -> 춘천-횡계 | J66: =본부통신실!J20 -> 춘천-6(PTP)본부#2[MSPP PQM(2)-강릉PO[MSPP PQM(2)]
C67: 7 | E67: =본부통신실!E21 -> E1 | F67: =본부통신실!F21 -> CMS-PLUS | G67: =본부통신실!G21 | H67: =본부통신실!H21 -> 춘천(구)-원주 | J67: =본부통신실!J21 -> 춘천-7(PTP)-본부[MSPP PQM()-원주PO[MSPP PQM()]
C68: 8 | E68: =본부통신실!E22 -> E1
C69: 9 | E69: =본부통신실!E23 -> E1 | F69: =본부통신실!F23 -> 송변전감시 | G69: =본부통신실!G23 | H69: =본부통신실!H23 -> 춘천-영월 | J69: =본부통신실!J23 -> 춘천-9(PTP)-본부#2[MSPP PQM(3)-태백PO[MSPP PQM(1)]
C70: 10 | E70: =본부통신실!E24 -> E1 | F70: =본부통신실!F24 -> D-SCADA | G70: =본부통신실!G24 | H70: =본부통신실!H24 -> 원주 LIU DS | J70: =본부통신실!J24 -> 춘천-10(PTP)-본부[MSPP PQM(12)-원주PO[MSPP PQM(12)]
C71: 11 | E71: =본부통신실!E25 -> E1 | G71: =본부통신실!G25
C72: 12 | E72: =본부통신실!E26 -> E1
C73: 1 | D73: 4W E&M | E73: =본부통신실!E27 -> 9.6K | I73: 4W E&M
C74: 2 | E74: =본부통신실!E28 -> 9.6K
C75: 3 | E75: =본부통신실!E29 -> 9.6K
C76: 4 | E76: =본부통신실!E30 -> 9.6K
A77: 춘천(구) | B77: 본부 | C77: 1 | D77: T1/E1 | E77: =본부통신실!E31 -> E1 | G77: =본부통신실!G31 | I77: T1/E1
A78: 통합(P-to-P) #2 | C78: 2 | E78: =본부통신실!E32 -> E1 | F78: =본부통신실!F32 -> 신재생 감시 | G78: =본부통신실!G32 | H78: =본부통신실!H32 -> 동해변전소 제어동 | J78: =본부통신실!J32 -> 동해 : 동해-(MSPP:49 - MSPP#2:5) - 강원본부 - (PTP#2:2) - 춘천(구) - 신재생발전원스위치3
A79: 2017.07 UPDATE | C79: 3 | E79: =본부통신실!E33 -> E1
C80: 4 | E80: =본부통신실!E34 -> E1 | F80: =본부통신실!F34 -> 배전전력구 | G80: =본부통신실!G34 | H80: =본부통신실!H34 -> 화천배전전력구 | J80: =본부통신실!J34 -> 화천 ECSU-(4:통합단말:9)-춘천(구)(PTP#2 : 4 ) - 본부CSU - ~
C81: 5 | E81: =본부통신실!E35 -> E1 | F81: =본부통신실!F35 -> 배전전력구 | G81: =본부통신실!G35 | H81: =본부통신실!H35 -> 서홍천배전전력구 | J81: =본부통신실!J35 -> 서홍천 ECSU-(2:통합단말:9)-춘천(구)(PTP#2 : 5) - 본부CSU - ~
C82: 6 | E82: =본부통신실!E36 -> E1 | F82: =본부통신실!F36 -> 신재생 감시 | G82: =본부통신실!G36 | H82: =본부통신실!H36 -> 북평화력 | J82: =본부통신실!J36 -> 북평TP : 동해-(MSPP:50 - MSPP#2:6) - 강원본부 - (PTP#2:6) - 춘천(구) - 신재생발전원스위치4
C83: 7 | E83: =본부통신실!E37 -> E1 | F83: =본부통신실!F37 -> 신재생 감시 | G83: =본부통신실!G37 | H83: =본부통신실!H37 -> 삼척G/P | J83: =본부통신실!J37 -> 삼척GP : 동해-(MSPP:51 - MSPP#2:7) - 강원본부 - (PTP#2:7) - 춘천(구) - 신재생발전원스위치5
C84: 8 | E84: =본부통신실!E38 | F84: =본부통신실!F38 | G84: =본부통신실!G38 | H84: =본부통신실!H38 | J84: =본부통신실!J38
C85: 9 | E85: =본부통신실!E39 | F85: =본부통신실!F39 | G85: =본부통신실!G39 | H85: =본부통신실!H39 | J85: =본부통신실!J39
C86: 10 | E86: =본부통신실!E40 | F86: =본부통신실!F40 | G86: =본부통신실!G40 | H86: =본부통신실!H40 | J86: =본부통신실!J40
C87: 11 | E87: =본부통신실!E41 -> E1 | F87: =본부통신실!F41 -> 배전전력구 | G87: =본부통신실!G41 | H87: =본부통신실!H41 -> 남춘천 배전전력구 화상감시#1 | J87: =본부통신실!J41 -> 남춘천-(9:통합단말:10)-춘천-(PTP#2:11)-본부
C88: 12 | E88: =본부통신실!E42 | F88: =본부통신실!F42 | G88: =본부통신실!G42 | H88: =본부통신실!H42 | J88: =본부통신실!J42
C89: 1 | D89: 4W E&M | E89: =본부통신실!E43 | F89: =본부통신실!F43 | G89: =본부통신실!G43 | H89: =본부통신실!H43 | I89: 4W E&M
C90: 2 | E90: =본부통신실!E44 | F90: =본부통신실!F44 | G90: =본부통신실!G44 | H90: =본부통신실!H44
C91: 3 | E91: =본부통신실!E45 | F91: =본부통신실!F45 | G91: =본부통신실!G45 | H91: =본부통신실!H45
C92: 4 | E92: =본부통신실!E46 | F92: =본부통신실!F46 | G92: =본부통신실!G46 | H92: =본부통신실!H46
A93: 춘천(구) | B93: 춘천(신) | C93: 1 | D93: T1/E1 | E93: T1 | F93: PITR | G93: 주 | H93: 춘천-소양HP PITR㈜ | I93: T1/E1 | J93: (구)춘천-(PTP#1:1)-(신)춘천-1-소양HP
A94: 통합(PTP)#1 E1/T1 | C94: 2 | E94: T1 | F94: PITR | G94: 주 | H94: 남춘천-춘천 PITR㈜ | J94: (구)춘천-(PTP#1:2)-(신)춘천(6:통합단말:3)-남춘천
A95: 2017.07 UPDATE | C95: 3
C96: 4
C97: 5 | E97: E1 | F97: 차세대SCADA | G97: 주 | H97: 춘천 D-SCADA | J97: (구)춘천S/S - (PTP#1:5) - (신)춘천S/S
C98: 6
C99: 7
C100: 8
C101: 9
C102: 10
...

Sheet 춘천SS(신)
A1: (신)춘천SS 광단국 선번장
A4: 설치장소 | B4: 대국장소 | C4: 순번 | D4: 카드 | E4: 회선 사용 내역 | I4: 카드 | J4: 중계경로
A5: 춘천(신) | B5: 춘천(구) | C5: 1 | D5: T1/E1 | E5: ='춘천SS(구)'!E93 -> T1 | F5: ='춘천SS(구)'!F93 -> PITR | G5: ='춘천SS(구)'!G93 -> 주 | H5: ='춘천SS(구)'!H93 -> 춘천-소양HP PITR㈜ | I5: T1/E1 | J5: ='춘천SS(구)'!J93 -> (구)춘천-(PTP#1:1)-(신)춘천-1-소양HP
A6: 통합PTP #1 E1/T1 | C6: 2
A7: 2017.07 UPDATE | C7: 3
C8: 4 | E8: ='춘천SS(구)'!E96 | F8: ='춘천SS(구)'!F96 | G8: ='춘천SS(구)'!G96 | H8: ='춘천SS(구)'!H96 | J8: ='춘천SS(구)'!J96
C9: 5 | E9: ='춘천SS(구)'!E97 -> E1 | F9: ='춘천SS(구)'!F97 -> 차세대SCADA | G9: ='춘천SS(구)'!G97 -> 주 | H9: ='춘천SS(구)'!H97 -> 춘천 D-SCADA | J9: ='춘천SS(구)'!J97 -> (구)춘천S/S - (PTP#1:5) - (신)춘천S/S
C10: 6 | E10: ='춘천SS(구)'!E98 | F10: ='춘천SS(구)'!F98 | G10: ='춘천SS(구)'!G98 | H10: ='춘천SS(구)'!H98 | J10: ='춘천SS(구)'!J98
C11: 7 | E11: ='춘천SS(구)'!E99 | F11: ='춘천SS(구)'!F99 | G11: ='춘천SS(구)'!G99 | H11: ='춘천SS(구)'!H99 | J11: ='춘천SS(구)'!J99
C12: 8 | E12: ='춘천SS(구)'!E100 | F12: ='춘천SS(구)'!F100 | G12: ='춘천SS(구)'!G100 | H12: ='춘천SS(구)'!H100 | J12: ='춘천SS(구)'!J100
C13: 9 | E13: ='춘천SS(구)'!E101 | F13: ='춘천SS(구)'!F101 | G13: ='춘천SS(구)'!G101 | H13: ='춘천SS(구)'!H101 | J13: ='춘천SS(구)'!J101
C14: 10 | E14: ='춘천SS(구)'!E102 | F14: ='춘천SS(구)'!F102 | G14: ='춘천SS(구)'!G102 | H14: ='춘천SS(구)'!H102 | J14: ='춘천SS(구)'!J102
C15: 11 | E15: ='춘천SS(구)'!E103 | F15: ='춘천SS(구)'!F103 | G15: ='춘천SS(구)'!G103 | H15: ='춘천SS(구)'!H103 | J15: ='춘천SS(구)'!J103
C16: 12 | E16: ='춘천SS(구)'!E104 | F16: ='춘천SS(구)'!F104 | G16: ='춘천SS(구)'!G104 | H16: ='춘천SS(구)'!H104 | J16: ='춘천SS(구)'!J104
C17: 1 | D17: 4W E&M | I17: 4W E&M
C18: 2
C19: 3
C20: 4 | E20: ='춘천SS(구)'!E108 | F20: ='춘천SS(구)'!F108 | G20: ='춘천SS(구)'!G108 | H20: ='춘천SS(구)'!H108
A21: 춘천(신) | B21: 춘천(구) | C21: 1 | D21: T1/E1 | E21: ='춘천SS(구)'!E109 -> T1 | F21: ='춘천SS(구)'!F109 -> PITR | G21: ='춘천SS(구)'!G109 -> 예비 | H21: ='춘천SS(구)'!H109 -> 춘천-소양HP PITR(예비) | I21: T1/E1 | J21: ='춘천SS(구)'!J109 -> (신)춘천-(PTP#2:1)-(구)춘천-15-홍천-5소양H/P
A22: 통합PTP #2 E1/T1 | C22: 2 | E22: E1 | F22: PIU | G22: ='춘천SS(구)'!G110 -> 예비 | H22: ='춘천SS(구)'!H110 -> 남춘천-춘천 PIU(예비) | J22: (신)춘천-(PTP#2:2)-(구)춘천-(PTP:1)-홍천-(PTP:2)-남춘천
A23: 2017.07 UPDATE | C23: 3 | E23: ='춘천SS(구)'!E111 -> T1 | F23: ='춘천SS(구)'!F111 -> PITR | G23: ='춘천SS(구)'!G111 -> 예비 | H23: ='춘천SS(구)'!H111 -> 춘천-북춘천#1,2T/L PITR(예비) | J23: ='춘천SS(구)'!J111 -> (신)춘천-(통합PTP#2:3)-(구)춘천-(통합PTP:1)-북춘천
C24: 4 | E24: ='춘천SS(구)'!E112 | F24: ='춘천SS(구)'!F112 | G24: ='춘천SS(구)'!G112 | H24: ='춘천SS(구)'!H112 | J24: ='춘천SS(구)'!J112
C25: 5 | E25: ='춘천SS(구)'!E113 | F25: ='춘천SS(구)'!F113 | G25: ='춘천SS(구)'!G113 | H25: ='춘천SS(구)'!H113 | J25: ='춘천SS(구)'!J113
C26: 6 | E26: ='춘천SS(구)'!E114 | F26: ='춘천SS(구)'!F114 | G26: ='춘천SS(구)'!G114 | H26: ='춘천SS(구)'!H114 | J26: ='춘천SS(구)'!J114
C27: 7 | E27: ='춘천SS(구)'!E115 | F27: ='춘천SS(구)'!F115 | G27: ='춘천SS(구)'!G115 | H27: ='춘천SS(구)'!H115 | J27: ='춘천SS(구)'!J115
C28: 8 | E28: ='춘천SS(구)'!E116 | F28: ='춘천SS(구)'!F116 | G28: ='춘천SS(구)'!G116 | H28: ='춘천SS(구)'!H116 | J28: ='춘천SS(구)'!J116
C29: 9 | E29: ='춘천SS(구)'!E117 | F29: ='춘천SS(구)'!F117 | G29: ='춘천SS(구)'!G117 | H29: ='춘천SS(구)'!H117 | J29: ='춘천SS(구)'!J117
C30: 10 | E30: ='춘천SS(구)'!E118 | F30: ='춘천SS(구)'!F118 | G30: ='춘천SS(구)'!G118 | H30: ='춘천SS(구)'!H118 | J30: ='춘천SS(구)'!J118
C31: 11 | E31: ='춘천SS(구)'!E119 | F31: ='춘천SS(구)'!F119 | G31: ='춘천SS(구)'!G119 | H31: ='춘천SS(구)'!H119 | J31: ='춘천SS(구)'!J119
C32: 12 | E32: ='춘천SS(구)'!E120 | F32: ='춘천SS(구)'!F120 | G32: ='춘천SS(구)'!G120 | H32: ='춘천SS(구)'!H120 | J32: ='춘천SS(구)'!J120
C33: 1 | D33: 4W E&M | I33: 4W E&M
C34: 2 | E34: ='춘천SS(구)'!E122 | F34: ='춘천SS(구)'!F122 | G34: ='춘천SS(구)'!G122 | H34: ='춘천SS(구)'!H122 | J34: ='춘천SS(구)'!J122
C35: 3 | E35: ='춘천SS(구)'!E123 | F35: ='춘천SS(구)'!F123 | G35: ='춘천SS(구)'!G123 | H35: ='춘천SS(구)'!H123 | J35: ='춘천SS(구)'!J123
C36: 4 | E36: ='춘천SS(구)'!E124 | F36: ='춘천SS(구)'!F124 | G36: ='춘천SS(구)'!G124 | H36: ='춘천SS(구)'!H124 | J36: ='춘천SS(구)'!J124

Sheet 남춘천SS
A1: 남춘천S/S 광단국 선번장
A4: 설치장소 | B4: 대국장소 | C4: 순번 | D4: 카드 | E4: 회선 사용 내역 | I4: 카드 | J4: 중계경로
A5: 남춘천 | B5: 홍천 | C5: 1 | D5: E1/T1 | E5: E1 | F5: PIU | G5: 예비 | H5: 남춘천-홍천 PIU | J5: 남춘천-(PTP:1)-홍천 | K5: 22년 10.구성
A6: 송변PTPU | C6: 2 | E6: E1 | F6: PIU | G6: 예비 | H6: 남춘천-춘천 PIU | J6: (신)춘천-(PTP#2:2)-(구)춘천-(PTP:1)-홍천-(PTP:2)-남춘천 | K6: 22년 10.구성
A7: 2022.10 UPDATE | C7: 3
C8: 4
C9: 5
C10: 6
C11: 7
C12: 8
C13: 9
C14: 10
C15: 11
C16: 12
A17: 남춘천 | B17: 춘천(구) | C17: 1 | D17: T1/E1 | I17: T1/E1
A18: 통합PTP | C18: 2
A19: 2018.02 UPDATE | C19: 3
C20: 4
C21: 5
C22: 6
C23: 7 | E23: ='춘천SS(구)'!E35 | F23: ='춘천SS(구)'!F35 | G23: ='춘천SS(구)'!G35 | H23: ='춘천SS(구)'!H35 | J23: ='춘천SS(구)'!J35
C24: 8 | E24: ='춘천SS(구)'!E36 | F24: ='춘천SS(구)'!F36 | G24: ='춘천SS(구)'!G36 | H24: ='춘천SS(구)'!H36 | J24: ='춘천SS(구)'!J36
C25: 9 | E25: ='춘천SS(구)'!E37 | F25: ='춘천SS(구)'!F37 | G25: ='춘천SS(구)'!G37 | H25: ='춘천SS(구)'!H37 | J25: ='춘천SS(구)'!J37
C26: 10 | E26: ='춘천SS(구)'!E38 | F26: ='춘천SS(구)'!F38 | G26: ='춘천SS(구)'!G38 | H26: ='춘천SS(구)'!H38 | J26: ='춘천SS(구)'!J38
C27: 11 | E27: ='춘천SS(구)'!E39 | F27: ='춘천SS(구)'!F39 | G27: ='춘천SS(구)'!G39 | H27: ='춘천SS(구)'!H39 | J27: ='춘천SS(구)'!J39
C28: 12 | E28: ='춘천SS(구)'!E40 | F28: ='춘천SS(구)'!F40 | G28: ='춘천SS(구)'!G40 | H28: ='춘천SS(구)'!H40 | J28: ='춘천SS(구)'!J40
A29: 남춘천 | B29: 홍천 | C29: 1 | D29: T1/E1 | I29: T1/E1
A30: 통합PTP | C30: 2
A31: 2018.02 UPDATE | C31: 3
C32: 4 | E32: E1 | F32: 차세대SCADA | G32: 주 | H32: 양구 D-SCADA | J32: 양구-(PTP:1)-상남-(PTP:6)-홍천-(PTP:4)-남춘천-(PTP:4)-춘천(구)
C33: 5 | E33: E1 | F33: 차세대SCADA | G33: 주 | H33: 인제 D-SCADA | J33: 인제-(PTP:3)-상남-(PTP:7)-홍천(PTP:5)-남춘천-(PTP:5)-춘천
C34: 6
C35: 7
C36: 8
C37: 9
C38: 10
C39: 11
C40: 12
A41: 남춘천 | B41: 열병합 | C41: 1 | D41: T1/E1 | E41: E1 | F41: PITR | G41: 주 | H41: 남춘천-열병합#2 PITR | I41: T1/E1 | J41: 남춘천-1(PTP)-열병합
A42: 통합PTP | C42: 2 | E42: E1 | F42: PITR | G42: 주 | H42: 남춘천-열병합#1 PITR | J42: 남춘천-2(PTP)-열병합
A43: 2018.02 UPDATE | C43: 3 | E43: T1 | F43: PITR | G43: 주 | H43: 남춘천-열병합 SPS PITR | J43: 남춘천-3(PTP)-열병합
C44: 4 | E44: E1 | F44: 차세대SCADA | G44: 주 | H44: 열병합 D-SCADA | J44: 열병합-(PTP:4)-남춘천-(PTP:2)-춘천(구)
C45: 5 | E45: E1 | F45: 차세대SCADA | G45: 주 | H45: 서홍천 D-SCADA | J45: 서홍천-(OMS:6)-열병합-(PTP:5)-남춘천-(PTP:3)-춘천(구)
C46: 6
C47: 7
C48: 8
C49: 9
C50: 10
C51: 11
C52: 12
C53: 1 | D53: 4W E&M | I53: 4W E&M
C54: 2
C55: 3
C56: 4
A57: 남춘천 | B57: 춘천(구) | C57: 1 | D57: 4W E&M | E57: ='춘천SS(구)'!E351 | F57: ='춘천SS(구)'!F351 -> 0 | G57: ='춘천SS(구)'!G351 -> 0 | H57: ='춘천SS(구)'!H351 -> 0 | I57: 4W E&M | J57: ='춘천SS(구)'!J351 -> 0
A58: CMS-PLUS | C58: 2 | E58: ='춘천SS(구)'!E352 | F58: ='춘천SS(구)'!F352 | G58: ='춘천SS(구)'!G352 | H58: ='춘천SS(구)'!H352 | J58: ='춘천SS(구)'!J352
C59: 3 | E59: ='춘천SS(구)'!E353 | F59: ='춘천SS(구)'!F353 | G59: ='춘천SS(구)'!G353 | H59: ='춘천SS(구)'!H353 | J59: ='춘천SS(구)'!J353
C60: 4 | D60: 4W E&M | E60: ='춘천SS(구)'!E354 | F60: ='춘천SS(구)'!F354 -> 0 | G60: ='춘천SS(구)'!G354 -> 0 | H60: ='춘천SS(구)'!H354 -> 0 | I60: 4W E&M | J60: ='춘천SS(구)'!J354 -> 0
C61: 5 | E61: ='춘천SS(구)'!E355 | F61: ='춘천SS(구)'!F355 -> 0 | G61: ='춘천SS(구)'!G355 -> 0 | H61: ='춘천SS(구)'!H355 -> 0 | J61: ='춘천SS(구)'!J355 -> 0
C62: 6 | E62: ='춘천SS(구)'!E356 | F62: ='춘천SS(구)'!F356 | G62: ='춘천SS(구)'!G356 | H62: ='춘천SS(구)'!H356 | J62: ='춘천SS(구)'!J356
C63: 7 | D63: SLC-E | E63: ='춘천SS(구)'!E357 | F63: ='춘천SS(구)'!F357 -> 내선 | G63: ='춘천SS(구)'!G357 | H63: ='춘천SS(구)'!H357 -> 남춘천 배전반 (610) | I63: SLC-T | J63: ='춘천SS(구)'!J357 -> 춘천-7-남춘천
C64: 8 | E64: ='춘천SS(구)'!E358 | F64: ='춘천SS(구)'!F358 -> 내선 | G64: ='춘천SS(구)'!G358 | H64: ='춘천SS(구)'!H358 -> 남춘천 배전반 (611) | J64: ='춘천SS(구)'!J358 -> 춘천-8-남춘천
C65: 9 | E65: ='춘천SS(구)'!E359 | F65: ='춘천SS(구)'!F359 -> 내선 | G65: ='춘천SS(구)'!G359 | H65: ='춘천SS(구)'!H359 -> 남춘천 배전반 (612) | J65: ='춘천SS(구)'!J359 -> 춘천-9-남춘천
C66: 10 | D66: SLC-E | E66: ='춘천SS(구)'!E360 | F66: ='춘천SS(구)'!F360 -> 내선 | G66: ='춘천SS(구)'!G360 | H66: ='춘천SS(구)'!H360 -> 남춘천 배전반 (659) | I66: SLC-T | J66: ='춘천SS(구)'!J360 -> 남춘천 전력구
C67: 11 | E67: ='춘천SS(구)'!E361 | F67: ='춘천SS(구)'!F361 -> 내선 | G67: ='춘천SS(구)'!G361 | H67: ='춘천SS(구)'!H361 -> 남춘천 FAX(614) | J67: ='춘천SS(구)'!J361 -> 춘천-11-남춘천
C68: 12 | E68: ='춘천SS(구)'!E362 | F68: ='춘천SS(구)'!F362 -> 내선 | G68: ='춘천SS(구)'!G362 | H68: ='춘천SS(구)'!H362 -> 남춘천 배전반 (615) | J68: ='춘천SS(구)'!J362 -> 춘천-12-남춘천
C69: 13 | D69: SLC-E | E69: ='춘천SS(구)'!E363 | F69: ='춘천SS(구)'!F363 | G69: ='춘천SS(구)'!G363 | H69: ='춘천SS(구)'!H363 | I69: SLC-T | J69: ='춘천SS(구)'!J363
C70: 14 | E70: ='춘천SS(구)'!E364 | F70: ='춘천SS(구)'!F364 -> 내선 | G70: ='춘천SS(구)'!G364 | H70: ='춘천SS(구)'!H364 -> 남춘천 통신실 (617) | J70: ='춘천SS(구)'!J364 -> 춘천-14-남춘천
C71: 15 | E71: ='춘천SS(구)'!E365 | F71: ='춘천SS(구)'!F365 -> 내선 | G71: ='춘천SS(구)'!G365 | H71: ='춘천SS(구)'!H365 -> 남춘천S/S 예비군(168) | J71: ='춘천SS(구)'!J365 -> 본부-[MDF C12(2)]-춘천-15-남춘천
C72: 16 | D72: SLC-T | E72: ='춘천SS(구)'!E366 | F72: ='춘천SS(구)'!F366 | G72: ='춘천SS(구)'!G366 | H72: ='춘천SS(구)'!H366 | J72: ='춘천SS(구)'!J366
C73: 17 | E73: ='춘천SS(구)'!E367 | F73: ='춘천SS(구)'!F367 | G73: ='춘천SS(구)'!G367 | H73: ='춘천SS(구)'!H367 | J73: ='춘천SS(구)'!J367
C74: 18 | E74: ='춘천SS(구)'!E368 | F74: ='춘천SS(구)'!F368 | G74: ='춘천SS(구)'!G368 | H74: ='춘천SS(구)'!H368 | J74: ='춘천SS(구)'!J368
C75: 19 | D75: 4W E&M | E75: ='춘천SS(구)'!E369 | F75: ='춘천SS(구)'!F369 | G75: ='춘천SS(구)'!G369 | H75: ='춘천SS(구)'!H369 | I75: RD | J75: ='춘천SS(구)'!J369
C76: 20 | E76: ='춘천SS(구)'!E370 | F76: ='춘천SS(구)'!F370 | G76: ='춘천SS(구)'!G370 | H76: ='춘천SS(구)'!H370 | J76: ='춘천SS(구)'!J370
C77: 21 | E77: ='춘천SS(구)'!E371 | F77: ='춘천SS(구)'!F371 | G77: ='춘천SS(구)'!G371 | H77: ='춘천SS(구)'!H371 | J77: ='춘천SS(구)'!J371
C78: 22
C79: 23
C80: 24
C81: 25
C82: 26
C83: 27
C84: 28
C85: 29
C86: 30

Sheet 북춘천SS
A1: 북춘천S/S 광단국 선번장
A4: 설치장소 | B4: 대국장소 | C4: 순번 | D4: 카드 | E4: 회선 사용 내역 | I4: 카드 | J4: 중계경로
A5: 북춘천 | B5: 춘천(구) | C5: 1 | D5: T1/E1 | E5: ='춘천SS(구)'!E125 -> T1 | F5: ='춘천SS(구)'!F125 -> PITR | G5: ='춘천SS(구)'!G125 -> 예비 | H5: ='춘천SS(구)'!H125 -> 춘천-북춘천 | I5: T1/E1 | J5: ='춘천SS(구)'!J125 -> (신)춘천-(통합PTP#2:3)-(구)춘천-(통합PTP:1)-북춘천
A6: 통합PTP | C6: 2 | E6: ='춘천SS(구)'!E126 -> E1 | F6: ='춘천SS(구)'!F126 -> CMS-PLUS | G6: ='춘천SS(구)'!G126 | H6: ='춘천SS(구)'!H126 -> 춘천-북춘천 | J6: ='춘천SS(구)'!J126 -> 춘천-(PTPU:2)-북춘천
A7: 2018.02 UPDATE | C7: 3 | E7: ='춘천SS(구)'!E127 -> E1 | F7: ='춘천SS(구)'!F127 -> PDAS | G7: ='춘천SS(구)'!G127 | H7: ='춘천SS(구)'!H127 -> 춘천-화천수력 | J7: ='춘천SS(구)'!J127 -> 춘천-(PTPU:3)-북춘천-5-화천수력
C8: 4 | E8: ='춘천SS(구)'!E128 -> E1 | F8: ='춘천SS(구)'!F128 -> PDAS | G8: ='춘천SS(구)'!G128 | H8: ='춘천SS(구)'!H128 -> 춘천수력 | J8: ='춘천SS(구)'!J128 -> 춘천-4(통합PTP)4-북춘천-4(통합PTP)4-가평-3(OMS)3-춘천HP
C9: 5 | E9: ='춘천SS(구)'!E129 -> E1 | F9: ='춘천SS(구)'!F129 -> 디지털SCADA | G9: ='춘천SS(구)'!G129 -> 예비 | H9: ='춘천SS(구)'!H129 -> 인제디지털SCADA | J9: ='춘천SS(구)'!J129 -> 춘천(구)-(PTP:5)-북춘천-(PTPU:2)-화천HP-(PTPU:3)-양구-(OMS:2)-인제
C10: 6 | E10: ='춘천SS(구)'!E130 | F10: ='춘천SS(구)'!F130 | G10: ='춘천SS(구)'!G130 | H10: ='춘천SS(구)'!H130 | J10: ='춘천SS(구)'!J130
C11: 7 | E11: ='춘천SS(구)'!E131 -> E1 | F11: ='춘천SS(구)'!F131 -> 차세대SCADA | G11: ='춘천SS(구)'!G131 -> 주 | H11: ='춘천SS(구)'!H131 -> 북춘천 D-SCADA | J11: ='춘천SS(구)'!J131 -> 북춘천 - (PTP:7) - 춘천(구)
C12: 8
C13: 9
C14: 10 | E14: ='춘천SS(구)'!E134 | F14: ='춘천SS(구)'!F134 | G14: ='춘천SS(구)'!G134 | H14: ='춘천SS(구)'!H134 | J14: ='춘천SS(구)'!J134
C15: 11 | E15: ='춘천SS(구)'!E135 | F15: ='춘천SS(구)'!F135 | G15: ='춘천SS(구)'!G135 | H15: ='춘천SS(구)'!H135 | J15: ='춘천SS(구)'!J135
C16: 12 | E16: ='춘천SS(구)'!E136 | F16: ='춘천SS(구)'!F136 | G16: ='춘천SS(구)'!G136 | H16: ='춘천SS(구)'!H136 | J16: ='춘천SS(구)'!J136
C17: 1 | D17: 4W E&M | E17: ='춘천SS(구)'!E137 | F17: ='춘천SS(구)'!F137 | G17: ='춘천SS(구)'!G137 | H17: ='춘천SS(구)'!H137 | I17: 4W E&M | J17: ='춘천SS(구)'!J137
C18: 2 | E18: ='춘천SS(구)'!E138 | F18: ='춘천SS(구)'!F138 | G18: ='춘천SS(구)'!G138 | H18: ='춘천SS(구)'!H138 | J18: ='춘천SS(구)'!J138
C19: 3 | E19: ='춘천SS(구)'!E139 | F19: ='춘천SS(구)'!F139 | G19: ='춘천SS(구)'!G139 | H19: ='춘천SS(구)'!H139 | J19: ='춘천SS(구)'!J139
C20: 4 | E20: ='춘천SS(구)'!E140 | F20: ='춘천SS(구)'!F140 | G20: ='춘천SS(구)'!G140 | H20: ='춘천SS(구)'!H140 | J20: ='춘천SS(구)'!J140
A21: 북춘천 | B21: 화천HP | C21: 1 | D21: T1/E1
A22: 통합PTP | C22: 2
A23: 2018.02 UPDATE | C23: 3
C24: 4 | E24: E1 | F24: P32-T | H24: 북춘천-화천수력 P32T | J24: 북춘천-4(통합PTP)4-화천HP
C25: 5
C26: 6
C27: 7 | E27: E1 | F27: PIU | G27: 예비 | H27: 가평-화천수력 PIU(예) | J27: 가평-1(통합PTP)1-북춘천-7(PTP)-화천HP
C28: 8
C29: 9 | E29: E1 | F29: PIU | G29: 예비 | H29: 북춘천-화천수력 PIU(예) | J29: 북춘천-9(통합PTP)9-화천HP
C30: 10
C31: 11
C32: 12
C33: 1 | D33: 4W E&M | I33: 4W E&M
C34: 2
C35: 3
C36: 4
A37: 북춘천 | B37: 춘천HP | C37: 1 | D37: T1/E1 | E37: E1 | F37: P32-T | H37: 북춘천-춘천HP P32T | I37: T1/E1 | J37: 북춘천-1(PTP)-춘천HP
A38: 통합PTP | C38: 2
A39: 2018.02 UPDATE | C39: 3
C40: 4
C41: 5
C42: 6
C43: 7
C44: 8
C45: 9
C46: 10
C47: 11
C48: 12
C49: 1 | D49: 4W E&M | H49: ? | I49: 4W E&M | J49: TX 단자대 1P~2P 수용(RX 단자대 미수용)
C50: 2
C51: 3
C52: 4
A53: 북춘천 | B53: 가평 | C53: 1 | D53: T1/E1 | E53: E1 | F53: PIU | G53: 예비 | H53: 가평-화천HP | I53: T1/E1 | J53: 가평-1(통합PTP)1-북춘천-7(PTP)-화천HP
A54: 통합PTP E1/T1 | C54: 2
A55: 2018.02 UPDATE | C55: 3 | E55: E1 | F55: PIU | G55: 예비 | H55: 북춘천-춘천HP | J55: 북춘천-3(통합PTP)3-가평-9(OMS)9-춘천HP
C56: 4
C57: 5
C58: 6
C59: 7
C60: 8
C61: 9
C62: 10
C63: 11
C64: 12
C65: 1 | D65: 4W E&M | H65: ? | I65: 4W E&M | J65: TX 단자대 1P~2P 수용(RX 단자대 미수용) | K65: 확인필요
C66: 2
A67: 북춘천 | B67: 춘천HP | C67: 1 | D67: T1/E1 | I67: T1/E1
A68: I-MUX | C68: 2
A69: 2017.07 UPDATE | C69: 3 | E69: T1 | F69: PITR | G69: 주 | H69: 가평-화천HP PITR(주) | J69: 가평-6(OMS)6-춘천HP-3(IMUX)3-북춘천-7(통합PTP)7-화천HP | K69: 케이블 미철거
C70: 4
A71: 북춘천 | B71: 춘천 | C71: 1 | D71: 4W E&M | E71: ='춘천SS(구)'!E381 | F71: ='춘천SS(구)'!F381 -> 급전 | G71: ='춘천SS(구)'!G381 | H71: ='춘천SS(구)'!H381 -> 원주분소-청평H/P | I71: 4W E&M | J71: ='춘천SS(구)'!J381 -> 청평H/P-(한수원망)-춘천H/P-8-북춘천-1-춘천-30-원주
A72: CMS-PLUS | C72: 2 | E72: ='춘천SS(구)'!E382 | F72: ='춘천SS(구)'!F382 -> 급전 | G72: ='춘천SS(구)'!G382 | H72: ='춘천SS(구)'!H382 -> 원주분소-의암H/P | J72: ='춘천SS(구)'!J382 -> 의암H/P-(한수원망)-춘천H/P-9-북춘천-2-춘천-14-원주
A73: 2017.07 UPDATE | C73: 3 | E73: ='춘천SS(구)'!E383 | F73: ='춘천SS(구)'!F383 | G73: ='춘천SS(구)'!G383 | H73: ='춘천SS(구)'!H383 | J73: ='춘천SS(구)'!J383
C74: 4 | D74: SLC-T | E74: ='춘천SS(구)'!E384 | F74: ='춘천SS(구)'!F384 -> 급전 | G74: ='춘천SS(구)'!G384 | H74: ='춘천SS(구)'!H384 -> 춘천-한강RCC | I74: 4W E&M | J74: ='춘천SS(구)'!J384 -> 춘천H/P-2-북춘천-4-춘천
C75: 5 | E75: ='춘천SS(구)'!E385 | F75: ='춘천SS(구)'!F385 | G75: ='춘천SS(구)'!G385 | H75: ='춘천SS(구)'!H385 | J75: ='춘천SS(구)'!J385
C76: 6 | E76: ='춘천SS(구)'!E386 | F76: ='춘천SS(구)'!F386 | G76: ='춘천SS(구)'!G386 | H76: ='춘천SS(구)'!H386 | J76: ='춘천SS(구)'!J386
C77: 7 | D77: 4W E&M | E77: ='춘천SS(구)'!E387 | F77: ='춘천SS(구)'!F387 | G77: ='춘천SS(구)'!G387 | H77: ='춘천SS(구)'!H387 | I77: 4W E&M | J77: ='춘천SS(구)'!J387
C78: 8 | E78: ='춘천SS(구)'!E388 | F78: ='춘천SS(구)'!F388 | G78: ='춘천SS(구)'!G388 | H78: ='춘천SS(구)'!H388 | J78: ='춘천SS(구)'!J388
C79: 9 | E79: ='춘천SS(구)'!E389 | F79: ='춘천SS(구)'!F389 | G79: ='춘천SS(구)'!G389 | H79: ='춘천SS(구)'!H389 | J79: ='춘천SS(구)'!J389
C80: 10
C81: 11
C82: 12
C83: 13
C84: 14
C85: 15
C86: 16
C87: 17
C88: 18
C89: 19
C90: 20
C91: 21
... C100: 30
A101: 북춘천 | B101: 춘천HP | C101: 1 | D101: 2W 4W E&M | I101: 2W 4W E&M
A102: P32-T | C102: 2
A103: 2017.07 UPDATE | C103: 3
C104: 4 | D104: SLC-T/E | I104: 2W 4W E&M
C105: 5
C106: 6
C107: 7 | D107: 2W 4W E&M | I107: 2W 4W E&M
C108: 8
C109: 9
C110: 10 | D110: SLC-T/E | I110: 2W 4W E&M
...

Sheet 열병합
A1: 열병합SY 광단국선번장
A4: 설치장소 | B4: 대국장소 | C4: 순번 | D4: 카드 | E4: 회선 사용 내역 | I4: 카드 | J4: 중계경로
A5: 열병합 | B5: 서홍천 | C5: 1 | D5: E1/T1 | E5: E1 | F5: PITR | G5: 예비 | H5: 청평PP-열병합 PITR | I5: E1/T1 | J5: 청평PP-(OMS:1)-서홍천-(송변PTPU:1)-열병합
A6: 송변PTPU | C6: 2 | E6: E1 | F6: PITR | G6: 예비 | H6: 서홍천-청평PP PITR | J6: 서홍천-(송변PTPU:2)-열병합-(PTP:2)-청평PP
A7: 2022.05 UPDATE | C7: 3 | E7: T1 | F7: PITR | G7: 예비 | H7: 열병합-서종 SPS PITR | J7: 청평PP-(OMS:3)-서홍천-(송변PTPU:3)-열병합-(PTP#2:2)-춘천에너지
C8: 4
C9: 5 | D9: E1/T1 | E9: T1 | F9: PITR | G9: 주 | H9: 서홍천-열병합 PITR | I9: E1/T1 | J9: 서홍천-(송변PTPU:5)-열병합
C10: 6 | E10: E1 | F10: 차세대SCADA | G10: 주 | H10: 서홍천 D-SCADA | J10: 서홍천-(송변PTPU:6)-열병합-(PTP:5)-남춘천-(PTP:3)-춘천(구)
C11: 7
C12: 8
C13: 9 | D13: E1/T1 | I13: E1/T1
C14: 10
C15: 11
C16: 12
A17: 열병합 | B17: 남춘천 | C17: 1 | D17: T1/E1 | E17: =남춘천SS!E41 -> E1 | F17: =남춘천SS!F41 -> PITR | G17: =남춘천SS!G41 -> 주 | H17: =남춘천SS!H41 -> 남춘천-열병합#2 PITR | I17: T1/E1 | J17: =남춘천SS!J41 -> 남춘천-1(PTP)-열병합
A18: 통합PTP | C18: 2 | E18: =남춘천SS!E42 -> E1 | F18: =남춘천SS!F42 -> PITR | G18: =남춘천SS!G42 -> 주 | H18: =남춘천SS!H42 -> 남춘천-열병합#1 PITR | J18: =남춘천SS!J42 -> 남춘천-2(PTP)-열병합
A19: 2018.03 UPDATE | C19: 3 | E19: =남춘천SS!E43 -> T1 | F19: =남춘천SS!F43 -> PITR | G19: =남춘천SS!G43 -> 주 | H19: =남춘천SS!H43 -> 남춘천-열병합 SPS PITR | J19: =남춘천SS!J43 -> 남춘천-3(PTP)-열병합
C20: 4 | E20: =남춘천SS!E44 -> E1 | F20: =남춘천SS!F44 -> 차세대SCADA | G20: =남춘천SS!G44 -> 주 | H20: =남춘천SS!H44 -> 열병합 D-SCADA | J20: =남춘천SS!J44 -> 열병합-(PTP:4)-남춘천-(PTP:2)-춘천(구)
C21: 5 | E21: =남춘천SS!E45 -> E1 | F21: =남춘천SS!F45 -> 차세대SCADA | G21: =남춘천SS!G45 -> 주 | H21: =남춘천SS!H45 -> 서홍천 D-SCADA | J21: =남춘천SS!J45 -> 서홍천-(OMS:6)-열병합-(PTP:5)-남춘천-(PTP:3)-춘천(구)
C22: 6 | E22: =남춘천SS!E46 | F22: =남춘천SS!F46 | G22: =남춘천SS!G46 | H22: =남춘천SS!H46 | J22: =남춘천SS!J46
C23: 7 | E23: =남춘천SS!E47 | F23: =남춘천SS!F47 | G23: =남춘천SS!G47 | H23: =남춘천SS!H47 | J23: =남춘천SS!J47
C24: 8 | E24: =남춘천SS!E48 | F24: =남춘천SS!F48 | G24: =남춘천SS!G48 | H24: =남춘천SS!H48 | J24: =남춘천SS!J48
C25: 9 | E25: =남춘천SS!E49 | F25: =남춘천SS!F49 | G25: =남춘천SS!G49 | H25: =남춘천SS!H49 | J25: =남춘천SS!J49
C26: 10 | E26: =남춘천SS!E50 | F26: =남춘천SS!F50 | G26: =남춘천SS!G50 | H26: =남춘천SS!H50 | J26: =남춘천SS!J50
C27: 11 | E27: =남춘천SS!E51 | F27: =남춘천SS!F51 | G27: =남춘천SS!G51 | H27: =남춘천SS!H51 | J27: =남춘천SS!J51
C28: 12 | E28: =남춘천SS!E52 | F28: =남춘천SS!F52 | G28: =남춘천SS!G52 | H28: =남춘천SS!H52 | J28: =남춘천SS!J52
C29: 1 | D29: 4W E&M | E29: =남춘천SS!E53 | F29: =남춘천SS!F53 | G29: =남춘천SS!G53 | H29: =남춘천SS!H53 | I29: 4W E&M | J29: =남춘천SS!J53
C30: 2 | E30: =남춘천SS!E54 | F30: =남춘천SS!F54 | G30: =남춘천SS!G54 | H30: =남춘천SS!H54 | J30: =남춘천SS!J54
C31: 3 | E31: =남춘천SS!E55 | F31: =남춘천SS!F55 | G31: =남춘천SS!G55 | H31: =남춘천SS!H55 | J31: =남춘천SS!J55
C32: 4 | E32: =남춘천SS!E56 | F32: =남춘천SS!F56 | G32: =남춘천SS!G56 | H32: =남춘천SS!H56 | J32: =남춘천SS!J56
A33: 열병합 | B33: 서홍천 | C33: 1 | D33: T1/E1 | I33: T1/E1
A34: 통합PTP | C34: 2
A35: 2018.03 UPDATE | C35: 3
A36: 장비 안살림 | C36: 4
C37: 5
C38: 6
C39: 7
C40: 8
C41: 9
C42: 10
C43: 11
C44: 12
C45: 1 | D45: 4W E&M | I45: 4W E&M
C46: 2
C47: 3
C48: 4
A49: 열병합 | B49: 청평PP | C49: 1 | D49: T1/E1 | E49: E1 | F49: PITR | G49: 주 | H49: 청평PP-열병합 PITR | I49: T1/E1 | J49: 청평PP-1(PTP)-열병합
A50: 통합PTP | C50: 2 | E50: T1 | F50: PITR | G50: 예비 | H50: 서홍천-청평PP PITR | J50: 서홍천-2(OMS)-열병합-2(PTP)-청평PP
A51: 2018.03 UPDATE | C51: 3 | E51: T1 | F51: PITR | G51: 주 | H51: 열병합-서종 SPS PITR | J51: 청평PP-3(PTP)-열병합-1(PTP#1)-춘천에너지
C52: 4
C53: 5
C54: 6
C55: 7
C56: 8
C57: 9
C58: 10
C59: 11
C60: 12
C61: 1 | D61: 4W E&M | I61: 4W E&M
C62: 2
C63: 3
C64: 4
A65: 열병합 | B65: 춘천에너지#1 | C65: 1 | D65: T1/E1 | E65: T1 | F65: PITR | G65: 주 | H65: 춘천에너지-춘천S/S SPS(중계) | I65: T1/E1
A66: 통합PTP | C66: 2 | E66: T1 | F66: PITR | G66: 예비 | H66: 열병합-서종 SPS PITR | J66: 청평PP-3(OMS)-서홍천-3(OMS)-열병합-2(PTP#2)-춘천에너지
A67: 2022.01 UPDATE | C67: 3
C68: 4
C69: 5
C70: 6
C71: 7
C72: 8
C73: 9
C74: 10
C75: 11
C76: 12
C77: 1 | D77: 4W E&M | I77: 4W E&M
C78: 2
C79: 3
C80: 4
A81: 열병합 | B81: 춘천에너지#2 | C81: 1 | D81: T1/E1 | E81: T1 | F81: PITR | G81: 주 | H81: 열병합-서종 SPS PITR | I81: T1/E1 | J81: 청평PP-3(PTP)-열병합-1(PTP#1)-춘천에너지
A82: 통합PTP | C82: 2 | E82: T1 | F82: PITR | G82: 예비 | H82: 춘천에너지-춘천S/S SPS(중계)
A83: 2022.01 UPDATE | C83: 3
C84: 4
C85: 5
C86: 6
C87: 7
C88: 8
C89: 9
C90: 10
C91: 11
C92: 12
C93: 1 | D93: 4W E&M | I93: 4W E&M
C94: 2
C95: 3
C96: 4

Sheet 서홍천SS
A1: 서홍천S/S 광단국선번장
A4: 설치장소 | B4: 대국장소 | C4: 순번 | D4: 카드 | E4: 회선 사용 내역 | I4: 카드 | J4: 중계경로
A5: 서홍천 | B5: 열병합 | C5: 1 | D5: E1/T1 | E5: =열병합!E5 -> E1 | F5: =열병합!F5 -> PITR | G5: =열병합!G5 -> 예비 | H5: =열병합!H5 -> 청평PP-열병합 PITR | I5: E1/T1 | J5: =열병합!J5 -> 청평PP-(OMS:1)-서홍천-(송변PTPU:1)-열병합
A6: 송변PTPU | C6: 2 | E6: =열병합!E6 -> E1 | F6: =열병합!F6 -> PITR | G6: =열병합!G6 -> 예비 | H6: =열병합!H6 -> 서홍천-청평PP PITR | J6: =열병합!J6 -> 서홍천-(송변PTPU:2)-열병합-(PTP:2)-청평PP
A7: 2022.05 UPDATE | C7: 3 | E7: =열병합!E7 -> T1 | F7: =열병합!F7 -> PITR | G7: =열병합!G7 -> 예비 | H7: =열병합!H7 -> 열병합-서종 SPS PITR | J7: =열병합!J7 -> 청평PP-(OMS:3)-서홍천-(송변PTPU:3)-열병합-(PTP#2:2)-춘천에너지
C8: 4 | E8: =열병합!E8 | F8: =열병합!F8 | G8: =열병합!G8 | H8: =열병합!H8 | J8: =열병합!J8
C9: 5 | D9: E1/T1 | E9: =열병합!E9 -> T1 | F9: =열병합!F9 -> PITR | G9: =열병합!G9 -> 주 | H9: =열병합!H9 -> 서홍천-열병합 PITR | I9: E1/T1 | J9: =열병합!J9 -> 서홍천-(송변PTPU:5)-열병합
C10: 6 | E10: =열병합!E10 -> E1 | F10: =열병합!F10 -> 차세대SCADA | G10: =열병합!G10 -> 주 | H10: =열병합!H10 -> 서홍천 D-SCADA | J10: =열병합!J10 -> 서홍천-(송변PTPU:6)-열병합-(PTP:5)-남춘천-(PTP:3)-춘천(구)
C11: 7 | E11: =열병합!E11 | F11: =열병합!F11 | G11: =열병합!G11 | H11: =열병합!H11 | J11: =열병합!J11
C12: 8 | E12: =열병합!E12 | F12: =열병합!F12 | G12: =열병합!G12 | H12: =열병합!H12 | J12: =열병합!J12
C13: 9 | D13: E1/T1 | E13: =열병합!E13 | F13: =열병합!F13 | G13: =열병합!G13 | H13: =열병합!H13 | I13: E1/T1 | J13: =열병합!J13
C14: 10 | E14: =열병합!E14 | F14: =열병합!F14 | G14: =열병합!G14 | H14: =열병합!H14 | J14: =열병합!J14
C15: 11 | E15: =열병합!E15 | F15: =열병합!F15 | G15: =열병합!G15 | H15: =열병합!H15 | J15: =열병합!J15
C16: 12 | E16: =열병합!E16 | F16: =열병합!F16 | G16: =열병합!G16 | H16: =열병합!H16 | J16: =열병합!J16
A17: 서홍천 | B17: 청평PP | C17: 1 | D17: ETU | E17: E1 | F17: PITR | G17: 예비 | H17: 청평PP-열병합 PITR | I17: ETU | J17: 청평PP-1-서홍천-1-열병합
A18: OMS-PLUS | C18: 2 | E18: E1 | F18: P32T | H18: 서홍천-청평PP P32T | J18: 청평PP-2-서홍천
A19: 2018.02 UPDATE | C19: 3 | E19: E1 | F19: PITR | G19: 예비 | H19: 열병합-서종 SPS PITR | J19: 청평PP-3-서홍천-3-열병합
C20: 4
C21: 5 | D21: ETU | E21: E1 | F21: PITR | G21: 주 | H21: 서홍천-청평PP PITR | I21: ETU | J21: 청평PP-5-서홍천
C22: 6
C23: 7
C24: 8
C25: 9 | D25: ETU | I25: ETU
C26: 10
C27: 11
C28: 12
C29: 13
C30: 14
C31: 15
C32: 16
A33: 서홍천 | B33: 청평양수 | C33: 1 | D33: 2W 4W E&M | F33: 급전전화 | H33: 급전소~청평양수 | I33: SLC-T/E | J33: =본부통신실!J65 -> 본부-19(CMUX)-춘천-17(통합단말)13-서홍천-1(P32T)-청평PP
A34: P32-T | C34: 2
A35: 2018.02 UPDATE | C35: 3
C36: 4
C37: 5
C38: 6
C39: 7
C40: 8
C41: 9
C42: 10
C43: 11
C44: 12
C45: 13
C46: 14
C47: 15
... C62: 30

Sheet 화천SS
A1: 화천S/S 광단국선번장
A4: 설치장소 | B4: 대국장소 | C4: 순번 | D4: 카드 | E4: 회선 사용 내역 | I4: 카드 | J4: 중계경로
A5: 화천 | B5: 철원 | C5: 1 | D5: LIU | E5: E1 | F5: PIU | G5: 예비 | H5: 철원-화천 #1T/L | I5: LIU | J5: 철원-1-화천
A6: 통합(P-to-P) E1/T1 | C6: 2 | E6: E1 | F6: PIU | G6: 예비 | H6: 철원-화천 #2T/L | J6: 철원-2-화천
A7: 2018.02 UPDATE | C7: 3
C8: 4
C9: 5
C10: 6
C11: 7
C12: 8
C13: 9
C14: 10
C15: 11
C16: 12
A17: 통합(P-to-P) 4W/EM | C17: 1 | D17: 4W E&M | I17: 4W E&M
C18: 2
C19: 3
C20: 4
A21: 화천 | B21: 화천HP | C21: 1 | D21: LIU | E21: E1 | F21: PIU | G21: 예비 | H21: 화천-화천HP #1T/L | I21: LIU | J21: 화천-(PTP:1)-화천HP | K21: `22.09.14 구성
A22: 통합(P-to-P) E1/T1 | C22: 2 | E22: E1 | F22: PIU | G22: 예비 | H22: 화천-화천HP #2T/L | J22: 화천-(PTP:2)-화천HP | K22: `22.09.14 구성
A23: 2018.02 UPDATE | C23: 3
C24: 4
C25: 5
C26: 6
C27: 7
C28: 8
C29: 9
C30: 10
C31: 11
C32: 12
A33: 통합(P-to-P) 4W/EM | C33: 1 | D33: 4W E&M | I33: 4W E&M
C34: 2
C35: 3
C36: 4

Sheet 철원SS
A1: 철원S/S 광단국선번장
A4: 설치장소 | B4: 대국장소 | C4: 순번 | D4: 카드 | E4: 회선 사용 내역 | I4: 카드 | J4: 중계경로
A5: 철원 | B5: 운천 | C5: 1 | D5: ETU | E5: E1 | F5: PITR | G5: 주 | H5: 철원-운천#1 PITR | I5: ETU | J5: 철원-1(OMS)-운천
A6: OMS-PLUS#1 | C6: 2
A7: 2018.05 UPDATE | C7: 3 | E7: E1 | F7: PITR | G7: 주 | H7: 철원-운천#2 PITR | J7: 철원-3(OMS)-운천
C8: 4
C9: 5
C10: 6
C11: 7
C12: 8
C13: 9
C14: 10
C15: 11
C16: 12
C17: 13
C18: 14
C19: 15
C20: 16
A21: 철원 | B21: 운천 | C21: 1 | D21: ETU | I21: ETU
A22: OMS-PLUS#2 | C22: 2 | E22: E1 | F22: PITR | G22: 예비 | H22: 철원-운천#1 PITR | J22: 철원-2(OMS)-운천
A23: 2018.05 UPDATE | C23: 3 | E23: E1 | F23: PITR | G23: 예비 | H23: 철원-운천#2 PITR | J23: 철원-3(OMS)-운천
C24: 4
C25: 5 | D25: ETU | I25: ETU
C26: 6
C27: 7
C28: 8
C29: 9
C30: 10
C31: 11
C32: 12
C33: 13
C34: 14
C35: 15
C36: 16
A37: 철원 | B37: 화천 | C37: 1 | D37: LIU | E37: E1 | F37: PIU | G37: 예비 | H37: 철원-화천 #1T/L | I37: LIU | J37: =화천SS!J5 -> 철원-1-화천
A38: 통합(P-to-P) E1/T1 | C38: 2 | E38: E1 | F38: PIU | G38: 예비 | H38: 철원-화천 #2T/L | J38: =화천SS!J6 -> 철원-2-화천
A39: 2018.05 UPDATE | C39: 3 | E39: =화천SS!E7 | F39: =화천SS!F7 | G39: =화천SS!G7 | H39: =화천SS!H7 | J39: =화천SS!J7
C40: 4 | E40: =화천SS!E8 | F40: =화천SS!F8 | G40: =화천SS!G8 | H40: =화천SS!H8 | J40: =화천SS!J8
C41: 5 | E41: =화천SS!E9 | F41: =화천SS!F9 | G41: =화천SS!G9 | H41: =화천SS!H9 | J41: =화천SS!J9
C42: 6 | E42: =화천SS!E10 | F42: =화천SS!F10 | G42: =화천SS!G10 | H42: =화천SS!H10 | J42: =화천SS!J10
C43: 7 | E43: =화천SS!E11 | F43: =화천SS!F11 | G43: =화천SS!G11 | H43: =화천SS!H11 | J43: =화천SS!J11
C44: 8 | E44: =화천SS!E12 | F44: =화천SS!F12 | G44: =화천SS!G12 | H44: =화천SS!H12 | J44: =화천SS!J12
C45: 9 | E45: =화천SS!E13 | F45: =화천SS!F13 | G45: =화천SS!G13 | H45: =화천SS!H13 | J45: =화천SS!J13
C46: 10 | E46: =화천SS!E14 | F46: =화천SS!F14 | G46: =화천SS!G14 | H46: =화천SS!H14 | J46: =화천SS!J14
C47: 11 | E47: =화천SS!E15 | F47: =화천SS!F15 | G47: =화천SS!G15 | H47: =화천SS!H15 | J47: =화천SS!J15
C48: 12 | E48: =화천SS!E16 | F48: =화천SS!F16 | G48: =화천SS!G16 | H48: =화천SS!H16 | J48: =화천SS!J16
A49: 통합(P-to-P) 4W/EM | C49: 1 | D49: 4W E&M | E49: =화천SS!E17 | I49: 4W E&M
C50: 2 | E50: =화천SS!E18
C51: 3 | E51: =화천SS!E19
C52: 4 | E52: =화천SS!E20 | F52: =화천SS!F20 | G52: =화천SS!G20 | H52: =화천SS!H20 | J52: =화천SS!J20

Sheet 양구SS
A1: 양구S/S 광단국선번장 | L1: 260311
A2: 설치장소 | B2: 대국장소 | C2: 순번 | D2: 카드 | E2: 회선 사용 내역 | I2: 카드 | J2: 중계경로 | K2: 회선ID
A3: 양구 | B3: 인제 | C3: 1 | D3: E1/T1 | I3: E1/T1 | K3: 5520000219
A4: 송변PTPU | C4: 2 | E4: E1 | F4: PITR | G4: 예비 | H4: 인제-상남#1 | J4: 인제-(PTPU:2)-양구-(통합PTP:5)-상남
A5: 2022.05 UPDATE | C5: 3
C6: 4 | E6: E1 | F6: PITR | G6: 주 | H6: 양구-인제#2 | J6: 양구-(송변PTPU:4)-인제
C7: 5 | D7: E1/T1 | E7: E1 | F7: PITR | G7: 주 | H7: 양구-인제#1 | I7: E1/T1 | J7: 양구-(송변PTPU:5)-인제
C8: 6
C9: 7
C10: 8
C11: 9 | D11: E1/T1 | E11: E1 | F11: PITR | G11: 예비 | H11: 인제-상남#2 | I11: E1/T1 | J11: 인제-(PTPU:9)-양구-(통합PTP:9)-상남
C12: 10
C13: 11
C14: 12
A15: 양구 | B15: 화천HP | C15: 1 | D15: LIU | E15: E1 | F15: PIU | G15: 예비 | H15: 양구-화천HP#1 | I15: LIU | J15: 양구-(PTP:1)-화천HP
A16: 통합(P-to-P) E1/T1 | C16: 2 | E16: E1 | F16: PIU | G16: 예비 | H16: 양구-화천HP#2 | J16: 양구-(PTP:2)-화천HP
C17: 3 | E17: E1 | F17: 디지털SCADA | G17: 예비 | H17: 인제 D-SCADA | J17: 춘천(구)-(PTP:5)-북춘천-(PTPU:2)-화천HP-(PTPU:3)-양구-(OMS:2)-인제 | K17: 미사용
C18: 4
C19: 5
C20: 6
C21: 7
C22: 8
C23: 9
C24: 10
C25: 11
C26: 12
A27: 양구 | B27: 상남 | C27: 1 | D27: LIU | E27: E1 | F27: 차세대SCADA | G27: 주 | H27: 양구 D-SCADA | I27: LIU | J27: 양구-(PTP:1)-상남-(PTP:6)-홍천-(PTP:4)-남춘천-(PTP:4)-춘천(구)
A28: 통합(P-to-P) E1/T1 | C28: 2 | E28: E1 | F28: PITR | G28: 예비 | H28: 양구-인제#2 | J28: 양구-(PTPU:2)-상남-(PTPU:6)-인제
A29: 2018.03 UPDATE | C29: 3 | E29: E1 | F29: PITR | G29: 예비 | H29: 양구-인제#1 | J29: 양구-(PTPU:3)-상남-(PTPU:7)-인제
C30: 4
C31: 5 | E31: E1 | F31: PITR | G31: 예비 | H31: 인제-상남#1 | J31: 인제-(PTPU:2)-양구-(통합PTP:5)-상남
C32: 6
C33: 7
C34: 8
C35: 9 | E35: E1 | F35: PITR | G35: 예비 | H35: 인제-상남#2 | J35: 인제-(PTPU:9)-양구-(통합PTP:9)-상남
C36: 10
C37: 11
C38: 12
C39: 1 | D39: 4W E&M | I39: 4W E&M
C40: 2
C41: 3
C42: 4
A43: 양구 | B43: 인제 | C43: 1 | D43: 2W 4W E&M | I43: SLC-T/E | L43: 26. 3. 11 전원OFF(인제)
A44: P32-T | C44: 2
A45: 2018.02 UPDATE | C45: 3
C46: 4 | D46: 2W 4W E&M | I46: SLC-T/E
C47: 5 | F47: 내선 | H47: 양구 통신실 (640) | J47: 춘천-11-인제-5-양구
C48: 6 | F48: 화재경보수신 | H48: 646 | J48: 춘천-8-인제-6-양구
C49: 7 | D49: 2W 4W E&M | I49: 2W 4W E&M
C50: 8
C51: 9
C52: 10 | D52: 2W 4W E&M | I52: 2W 4W E&M
C53: 11
C54: 12
C55: 13
C56: 14
C57: 15
C58: 16
C59: 17
C60: 18
A61: 양구 | B61: 상남 | C61: 1 | D61: ETU | E61: E1 | F61: P32-T | H61: 양구-상남 | I61: ETU | J61: 양구-1-상남 | L61: 26. 3. 11 전원OFF
A62: OMS-5116 | C62: 2
A63: 2018.02 UPDATE | C63: 3 | K63: 철거할것
C64: 4
C65: 5 | D65: ETU | I65: ETU
C66: 6
C67: 7
C68: 8 | F68: SCADA | H68: 양구S/S D-SCADA | J68: 양구-8-상남-(13:OMS)-홍천-(9:OMS)-춘천 | K68: 미사용
C69: 9
C70: 10
C71: 11
C72: 12
C73: 13
C74: 14
C75: 15
C76: 16
A77: 양구 | B77: 상남 | C77: 1 | D77: 2W 4W E&M | I77: 2W 4W E&M | L77: 26. 3. 11 전원OFF
A78: P32-T | C78: 2
C79: 3
C80: 4
C81: 5
C82: 6
C83: 7
C84: 8
C85: 9
C86: 10
C87: 11
C88: 12
C89: 13
C90: 14
... C106: 30

Sheet 인제SS
A1: 인제S/S 광단국 선번장 | K1: 260326
A4: 설치장소 | B4: 대국장소 | C4: 순번 | D4: 카드 | E4: 회선 사용 내역 | I4: 카드 | J4: 중계경로
A5: 인제 | B5: 양구 | C5: 1 | D5: E1/T1 | I5: E1/T1
A6: 송변PTPU | C6: 2 | E6: E1 | F6: PITR | G6: 예비 | H6: 인제-상남#1 | J6: 인제-(PTPU:2)-양구-(통합PTP:5)-상남 | K6: 26. 3.11 변경
A7: 2022.05 UPDATE | C7: 3
C8: 4 | E8: =양구SS!E6 -> E1 | F8: =양구SS!F6 -> PITR | G8: =양구SS!G6 -> 주 | H8: =양구SS!H6 -> 양구-인제#2 | J8: =양구SS!J6 -> 양구-(송변PTPU:4)-인제
C9: 5 | D9: E1/T1 | E9: =양구SS!E7 -> E1 | F9: =양구SS!F7 -> PITR | G9: =양구SS!G7 -> 주 | H9: =양구SS!H7 -> 양구-인제#1 | I9: E1/T1 | J9: =양구SS!J7 -> 양구-(송변PTPU:5)-인제
C10: 6
C11: 7
C12: 8
C13: 9 | D13: E1/T1 | E13: E1 | F13: PITR | G13: 예비 | H13: 인제-상남#2 | I13: E1/T1 | J13: 인제-(PTPU:9)-양구-(통합PTP:9)-상남 | K13: 26. 3.11 변경
C14: 10 | E14: =양구SS!E12 | F14: =양구SS!F12 | G14: =양구SS!G12 | H14: =양구SS!H12 | J14: =양구SS!J12
C15: 11 | E15: =양구SS!E13 | F15: =양구SS!F13 | G15: =양구SS!G13 | H15: =양구SS!H13 | J15: =양구SS!J13
C16: 12 | E16: =양구SS!E14 | F16: =양구SS!F14 | G16: =양구SS!G14 | H16: =양구SS!H14 | J16: =양구SS!J14
A17: 인제 | B17: 신양양 | C17: 1 | D17: LIU | I17: LIU
A18: 통합(P-to-P) E1/T1 | C18: 2
A19: 2018.02 UPDATE | C19: 3 | E19: E1 | F19: PIU | G19: 예비 | H19: 신양양-인제#1T/L | J19: 인제-(PTP:3)-신양양
C20: 4 | E20: E1 | F20: PIU | G20: 예비 | H20: 신양양-인제#2T/L | J20: 인제-(PTP:4)-신양양
C21: 5
C22: 6
C23: 7
C24: 8
C25: 9
C26: 10
C27: 11
C28: 12
C29: 1 | D29: 4W E&M | I29: 4W E&M
C30: 2
C31: 3
C32: 4
A33: 인제 | B33: 간성 | C33: 1 | D33: LIU | I33: LIU
A34: 통합(P-to-P) E1/T1 | C34: 2
A35: 2018.02 UPDATE | C35: 3
C36: 4
C37: 5 | E37: E1 | F37: PIU | G37: 예비 | H37: 간성-인제#1T/L | J37: 인제-5-간성
C38: 6
C39: 7
C40: 8
C41: 9 | E41: E1 | F41: PIU | G41: 예비 | H41: 간성-인제#2T/L | J41: 인제-5-간성
C42: 10
C43: 11
C44: 12
C45: 1 | D45: 4W E&M | I45: 4W E&M
C46: 2
C47: 3
C48: 4
A49: 인제 | B49: 상남 | C49: 1 | D49: LIU | E49: E1 | F49: PITR | G49: 주 | H49: 상남-인제#1T/L | I49: LIU | J49: 인제-1-상남
A50: 통합(P-to-P) E1/T1 | C50: 2 | E50: E1 | F50: PITR | G50: 주 | H50: 상남-인제#2T/L | J50: 인제-2-상남
A51: 2018.02 UPDATE | C51: 3 | E51: E1 | F51: 차세대SCADA | G51: 주 | H51: 인제 D-SCADA | J51: 인제-(PTP:3)-상남-(PTP:7)-홍천(PTP:5)-남춘천-(PTP:5)-춘천 | K51: 사용X / '26.3.27 확인
C52: 4
C53: 5 | E53: E1 | F53: 배전전력구감시시스템 | J53: 인제-5-상남-? | K53: 사용X / '26.3.27 확인
C54: 6 | E54: E1 | F54: PITR | G54: 예비 | H54: 양구-인제#2 | J54: 양구-(PTPU:2)-상남-(PTPU:6)-인제
C55: 7 | E55: E1 | F55: PITR | G55: 예비 | H55: 양구-인제#1 | J55: 양구-(PTPU:3)-상남-(PTPU:7)-인제
C56: 8
C57: 9
C58: 10
C59: 11
C60: 12
C61: 1 | D61: 4W E&M | I61: 4W E&M
C62: 2
C63: 3
C64: 4
A65: 인제 | B65: 춘천(구) | C65: 1 | D65: SLC-E | E65: ='춘천SS(구)'!E321 | F65: ='춘천SS(구)'!F321 | G65: ='춘천SS(구)'!G321 | H65: ='춘천SS(구)'!H321 | I65: SLC-T | J65: ='춘천SS(구)'!J321 | K65: 전원OFF / '26. 3. 11
A66: CMS-PLUS | C66: 2 | E66: ='춘천SS(구)'!E322 | F66: ='춘천SS(구)'!F322 | G66: ='춘천SS(구)'!G322 | H66: ='춘천SS(구)'!H322 | J66: ='춘천SS(구)'!J322
C67: 3 | E67: ='춘천SS(구)'!E323 | F67: ='춘천SS(구)'!F323 | G67: ='춘천SS(구)'!G323 | H67: ='춘천SS(구)'!H323
C68: 4 | D68: SLC-E | E68: ='춘천SS(구)'!E324 | F68: ='춘천SS(구)'!F324 | G68: ='춘천SS(구)'!G324 | H68: ='춘천SS(구)'!H324 | I68: SLC-T
C69: 5 | E69: ='춘천SS(구)'!E325 | F69: ='춘천SS(구)'!F325 -> 내선 | G69: ='춘천SS(구)'!G325 | H69: ='춘천SS(구)'!H325 -> 통신실(630) | J69: ='춘천SS(구)'!J325 -> 인제-5-춘천
C70: 6 | E70: ='춘천SS(구)'!E326 | F70: ='춘천SS(구)'!F326 | G70: ='춘천SS(구)'!G326 | H70: ='춘천SS(구)'!H326
C71: 7 | D71: SLC-E | E71: ='춘천SS(구)'!E327 | I71: 4W E&M
C72: 8 | E72: ='춘천SS(구)'!E328 | F72: ='춘천SS(구)'!F328 -> 화재감시 | G72: ='춘천SS(구)'!G328 | H72: ='춘천SS(구)'!H328 -> 자동화재탐지기(646) | J72: ='춘천SS(구)'!J328 -> 춘천-8-인제-6-양구
C73: 9 | E73: ='춘천SS(구)'!E329 | F73: ='춘천SS(구)'!F329 -> TWBP | G73: ='춘천SS(구)'!G329 | H73: ='춘천SS(구)'!H329 -> 양구 TWBP | J73: ='춘천SS(구)'!J329 -> 춘천-9-인제-3-양구
C74: 10 | D74: SLC-E | E74: ='춘천SS(구)'!E330 | G74: ='춘천SS(구)'!G330 | I74: 4W E&M
C75: 11 | E75: ='춘천SS(구)'!E331 | F75: ='춘천SS(구)'!F331 -> 내선 | G75: ='춘천SS(구)'!G331 | H75: ='춘천SS(구)'!H331 -> 양구 통신실 (640) | J75: ='춘천SS(구)'!J331 -> 춘천-11-인제-5-양구
C76: 12 | E76: ='춘천SS(구)'!E332 | F76: ='춘천SS(구)'!F332 | G76: ='춘천SS(구)'!G332 | H76: ='춘천SS(구)'!H332 | J76: ='춘천SS(구)'!J332
C77: 13 | D77: 4W E&M | I77: 4W E&M
C78: 14
C79: 15
C80: 16 | D80: 4W E&M | I80: 4W E&M
C81: 17
C82: 18
C83: 19 | E83: ='춘천SS(구)'!E339 | F83: ='춘천SS(구)'!F339 | G83: ='춘천SS(구)'!G339 | H83: ='춘천SS(구)'!H339 | J83: ='춘천SS(구)'!J339
C84: 20 | E84: ='춘천SS(구)'!E340 | F84: ='춘천SS(구)'!F340 | G84: ='춘천SS(구)'!G340 | H84: ='춘천SS(구)'!H340 | J84: ='춘천SS(구)'!J340
C85: 21 | E85: ='춘천SS(구)'!E341 | F85: ='춘천SS(구)'!F341 | G85: ='춘천SS(구)'!G341 | H85: ='춘천SS(구)'!H341 | J85: ='춘천SS(구)'!J341
C86: 22 | E86: ='춘천SS(구)'!E342 | F86: ='춘천SS(구)'!F342 | G86: ='춘천SS(구)'!G342 | H86: ='춘천SS(구)'!H342 | J86: ='춘천SS(구)'!J342
C87: 23 | E87: ='춘천SS(구)'!E343 | F87: ='춘천SS(구)'!F343 | G87: ='춘천SS(구)'!G343 | H87: ='춘천SS(구)'!H343 | J87: ='춘천SS(구)'!J343
C88: 24 | E88: ='춘천SS(구)'!E344 | F88: ='춘천SS(구)'!F344 | G88: ='춘천SS(구)'!G344 | H88: ='춘천SS(구)'!H344 | J88: ='춘천SS(구)'!J344
C89: 25 | E89: ='춘천SS(구)'!E345 | F89: ='춘천SS(구)'!F345 | G89: ='춘천SS(구)'!G345 | H89: ='춘천SS(구)'!H345 | J89: ='춘천SS(구)'!J345
C90: 26 | E90: ='춘천SS(구)'!E346 | F90: ='춘천SS(구)'!F346 | G90: ='춘천SS(구)'!G346 | H90: ='춘천SS(구)'!H346 | J90: ='춘천SS(구)'!J346
C91: 27 | E91: ='춘천SS(구)'!E347 | F91: ='춘천SS(구)'!F347 | G91: ='춘천SS(구)'!G347 | H91: ='춘천SS(구)'!H347 | J91: ='춘천SS(구)'!J347
C92: 28 | E92: ='춘천SS(구)'!E348 | F92: ='춘천SS(구)'!F348 | G92: ='춘천SS(구)'!G348 | H92: ='춘천SS(구)'!H348 | J92: ='춘천SS(구)'!J348
C93: 29 | E93: ='춘천SS(구)'!E349 | F93: ='춘천SS(구)'!F349 | G93: ='춘천SS(구)'!G349 | H93: ='춘천SS(구)'!H349 | J93: ='춘천SS(구)'!J349
C94: 30 | E94: ='춘천SS(구)'!E350 | F94: ='춘천SS(구)'!F350 | G94: ='춘천SS(구)'!G350 | H94: ='춘천SS(구)'!H350 | J94: ='춘천SS(구)'!J350
A95: 인제 | B95: 양구 | C95: 1 | D95: 2W 4W E&M | E95: =양구SS!E43 | I95: SLC-T/E | K95: 전원OFF / '26. 3. 11
A96: P32-T | C96: 2 | E96: =양구SS!E44
C97: 3 | E97: =양구SS!E45
C98: 4 | D98: 2W 4W E&M | E98: =양구SS!E46 | I98: SLC-T/E | J98: =양구SS!J46
C99: 5 | E99: =양구SS!E47 | F99: =양구SS!F47 -> 내선 | G99: =양구SS!G47 | H99: =양구SS!H47 -> 양구 통신실 (640) | J99: =양구SS!J47 -> 춘천-11-인제-5-양구
C100: 6 | E100: =양구SS!E48 | F100: =양구SS!F48 -> 화재경보수신 | G100: =양구SS!G48 | H100: =양구SS!H48 -> 646 | J100: =양구SS!J48 -> 춘천-8-인제-6-양구
C101: 7 | D101: 2W 4W E&M | E101: =양구SS!E49 | F101: =양구SS!F49 | G101: =양구SS!G49 | H101: =양구SS!H49 | I101: 2W 4W E&M
C102: 8
...

Sheet 춘천HP
A1: 춘천HP 광단국선번장
A2: 설치장소 | B2: 대국장소 | C2: 순번 | D2: 카드 | E2: 회선 사용 내역 | I2: 카드 | J2: 중계경로
A3: 가평 | B3: 춘천HP | C3: 1 | D3: ETU | E3: E1 | F3: PIU | G3: 예비 | H3: 가평-춘천HP T/L | I3: ETU | J3: 가평-1춘천H/P
A4: OMS-5116 | C4: 2
C5: 3
C6: 4
C7: 5 | D7: ETU | I7: ETU
C8: 6 | E8: T1 | F8: PITR | G8: 주 | H8: 가평-화천HP T/L | J8: 가평-6-춘천HP-IMUX[3]-북춘천-6-화천H/P | K8: 케이블미철거
C9: 7
C10: 8
C11: 9 | D11: ETU | E11: E1 | F11: PIU | G11: 예비 | H11: 북춘천-춘천HP | I11: ETU | J11: 북춘천-3(통합PTP)3-가평-9(OMS)9-춘천HP
C12: 10
C13: 11
C14: 12
C15: 13
C16: 14
C17: 15
C18: 16
A19: 북춘천 | B19: 춘천HP | C19: 1 | D19: LIU | E19: E1 | F19: P32-T | H19: 북춘천-춘천HP | I19: LIU | J19: 북춘천-1-춘천HP
A20: 통합(P-to-P) E1/T1 | C20: 2
C21: 3
C22: 4
C23: 5
C24: 6
C25: 7
C26: 8
C27: 9
C28: 10
C29: 11
C30: 12
A31: 통합(P-to-P) 4W/EM | C31: 1 | D31: 4W E&M | I31: 4W E&M
C32: 2
C33: 3
C34: 4
A35: 북춘천 | B35: 춘천HP | C35: 1 | D35: 2W 4W E&M | I35: 2W 4W E&M
A36: P32-T | C36: 2
C37: 3
C38: 4 | D38: SLC-T/E | I38: 2W 4W E&M
C39: 5
C40: 6
C41: 7 | D41: 2W 4W E&M | I41: 2W 4W E&M
C42: 8
C43: 9
C44: 10 | D44: SLC-T/E | I44: 2W 4W E&M
C45: 11
C46: 12
C47: 13 | D47: 2W 4W E&M | I47: 2W 4W E&M
C48: 14
C49: 15
C50: 16 | D50: 2W 4W E&M | F50: 급전 | H50: 강원급전소-한강RCC | I50: SLC-T/E | J50: =본부통신실!J66 -> 본부-20(C-MUX)-춘천-18(통합단말)11-북춘천-16(P32T)-춘천HP
C51: 17
C52: 18
C53: 19
C54: 20
C55: 21
C56: 22
C57: 23
C58: 24
C59: 25
C60: 26
C61: 27
C62: 28
... C64: 30

Sheet 화천HP
A1: 화천HP 소형광단국 선번장
K2: 260324
L3: P-32T 철거
A4: 설치장소 | B4: 대국장소 | C4: 순번 | D4: 카드 | E4: 회선 사용 내역 | I4: 카드 | J4: 중계경로 | K4: 회선ID
A6: 북춘천 | B6: 화천HP | C6: 1 | D6: LIU | E6: =북춘천SS!E21 | F6: =북춘천SS!F21 | G6: =북춘천SS!G21 | H6: =북춘천SS!H21 | I6: LIU | J6: =북춘천SS!J21
A7: 통합(P-to-P) E1/T1 | C7: 2
A8: 2018.02 UPDATE | C8: 3
C9: 4
C10: 5
C11: 6
C12: 7 | E12: =북춘천SS!E27 -> E1 | F12: PIU | G12: =북춘천SS!G27 -> 예비 | H12: =북춘천SS!H27 -> 가평-화천수력 PIU(예) | J12: =북춘천SS!J27 -> 가평-1(통합PTP)1-북춘천-7(PTP)-화천HP
C13: 8
C14: 9 | E14: =북춘천SS!E29 -> E1 | F14: =북춘천SS!F29 -> PIU | G14: =북춘천SS!G29 -> 예비 | H14: =북춘천SS!H29 -> 북춘천-화천수력 PIU(예) | J14: =북춘천SS!J29 -> 북춘천-9(통합PTP)9-화천HP
C15: 10
C16: 11
C17: 12
A18: 통합(P-to-P) 4W/EM | C18: 1 | D18: 4W E&M | I18: 4W E&M
C19: 2
C20: 3
C21: 4
A22: 화천HP | B22: 양구 | C22: 1 | D22: LIU | E22: E1 | F22: PITR | G22: 예비 | H22: 양구-화천HP#1 | I22: LIU | J22: 양구-(PTP:1)-화천HP
A23: 통합(P-to-P) E1/T1 | C23: 2 | E23: E1 | F23: PITR | G23: 예비 | H23: 양구-화천HP#2 | J23: 양구-(PTP:2)-화천HP
C24: 3 | E24: E1 | F24: 디지털SCADA | G24: 예비 | H24: 인제디지털SCADA | J24: 춘천(구)-(PTP:5)-북춘천-(PTPU:2)-화천HP-(PTPU:3)-양구-(OMS:2)-인제
C25: 4
C26: 5
C27: 6
C28: 7
C29: 8
C30: 9
C31: 10
C32: 11
C33: 12
A34: 화천 | B34: 화천HP | C34: 1 | D34: LIU | E34: E1 | F34: PITR | G34: 예비 | H34: 화천-화천HP #1T/L | I34: LIU | J34: 화천-(PTP:1)-화천HP | K34: `22.09.14 구성
A35: 통합(P-to-P) E1/T1 | C35: 2 | E35: E1 | F35: PITR | G35: 예비 | H35: 화천-화천HP #2T/L | J35: 화천-(PTP:2)-화천HP | K35: `22.09.14 구성
A36: 2018.02 UPDATE | C36: 3
C37: 4
C38: 5
C39: 6
C40: 7
C41: 8
C42: 9
C43: 10
C44: 11
C45: 12
A46: 통합(P-to-P) 4W/EM | C46: 1 | D46: 4W E&M | I46: 4W E&M
C47: 2
C48: 3
C49: 4

Sheet 통합단말(춘천#1-DS1)
A1: 통합단말 선번장(춘천#1-DS1)
A4: 설치장소 | B4: 순번 | C4: 카드 | D4: 회선내역 | H4: 중계경로
A5: 춘천 | B5: 1 | C5: LIU(B) | D5: T1 | E5: PITR | F5: 주 | G5: 154kV 춘천-북춘천#1,2 | H5: 춘천-(1:통합단말:1)-북춘천 | J5: 신
A6: COT | B6: 2 | D6: E1 | E6: SCADA | G6: 북춘천 Digital SCADA | H6: 춘천-(2:통합단말:9)-북춘천-RTU | I6: 10.11.29 CH | J6: 구
B8: 4 | D8: E1 | E8: LAN | G8: 화천 | H8: 춘천-(4:통합단말:3)-화천
B9: 5
B10: 6 | D10: E1 | E10: LAN | G10: 춘천수력 | H10: 춘천-(6:통합단말:8)-북춘천-11-춘천HP | I10: 10.1.14, HS
B11: 7
B12: 8
B13: 9 | D13: E1 | E13: 배전전력구 | G13: 화천 배전전력구 감시시스템 | H13: 화천 ECSU-(4:통합단말:9)-춘천(구)(PTP#2 : 3 ) - 본부CSU - ~
B14: 10 | D14: E1 | E14: 배전전력구 | G14: 북춘천 배전전력구 감시시스템 | H14: 춘천-(10:통합단말:13)-북춘천
B15: 11 | D15: E1 | E15: FRU | G15: 화천 | H15: 춘천-(11:통합단말:CU)-화천
B16: 12 | D16: E1 | E16: FRU | G16: 북춘천 | H16: 춘천-(12:통합단말:CU)-북춘천
B17: 13 | D17: E1 | E17: CCTV | G17: 북춘천 집수정 카메라 | H17: 춘천-(13:통합단말:7)-북춘천
B18: 14 | D18: E1 | E18: SCADA | G18: 화천 Digital SCADA | H18: 춘천-(14:통합단말:9)-화천-RTU
B19: 15 | D19: E1 | E19: SCADA | G19: 철원 Digital SCADA | H19: 춘천-(15:통합단말9:)-철원-RTU | I19: 확인필요(추정)
B20: 16 | D20: E1 | H20: 춘천-(16:통합단말11:)-철원-RTU | I20: 확인필요
B21: 17
B22: 18
B23: 19 | D23: E1 | E23: OA LAN_2 | G23: 화천B/O(파워콤OMA#2?) | H23: 춘천-(19:통합단말:14)-화천
B24: 20 | I24: 12.1.9 SH
B25: 21 | D25: E1 | E25: FRU | G25: 철원 | H25: 춘천-(21:통합단말:CU)-철원
B26: 22 | D26: E1 | H26: 춘천-(22:통합단말:10)-철원 | I26: 확인필요
B27: 23
B28: 24
A29: 북춘천 | B29: 1 | C29: FN 3 (LIU-A) | D29: =D5 -> T1 | E29: =E5 -> PITR | F29: =F5 -> 주 | G29: =G5 -> 154kV 춘천-북춘천#1,2 | H29: =H5 -> 춘천-(1:통합단말:1)-북춘천
A30: RT : 1 | B30: 2
A31: 2018.04 UPDATE | B31: 3 | I31: 11.4.21 SH
B32: 4 | I32: 11.4.14 SH
B33: 5 | I33: 11.5.13 SH
B34: 6
B35: 7 | D35: =D17 -> E1 | E35: =E17 -> CCTV | G35: =G17 -> 북춘천 집수정 카메라 | H35: =H17 -> 춘천-(13:통합단말:7)-북춘천 | I35: 21.1.6 07:16 LOS 알람발생/ 원주급전분소 배전센터 모두 확인했으나 CCTV 화면 두 장소 모두 감시 안하고있어서 포트 닫고 향후 철거 예정
B36: 8 | D36: =D10 -> E1 | E36: =E10 -> LAN | F36: =F10 -> 0 | G36: =G10 -> 춘천수력 | H36: =H10 -> 춘천-(6:통합단말:8)-북춘천-11-춘천HP | I36: 10.5.13, SH
B37: 1(9) | C37: FN 5 (LIU-C) | D37: LAN | E37: SCADA | F37: 예비 | G37: 북춘천 Digital SCADA | H37: 춘천-(2:통합단말:9)-북춘천-RTU | I37: 10.11.29 CH
B38: 2(10) | D38: LAN
B39: 3(11) | D39: LAN
B40: 4(12) | D40: LAN
B41: 5(13) | D41: E1 | E41: 배전전력구 | G41: 배전전력구 감시시스템 | H41: 춘천-(10:통합단말:13)-북춘천
B42: 6(14)
B43: 7(15)
B44: 8(16)
A45: 화천 | B45: 1 | C45: FN 3 (LIU-A) | I45: 11.4.21 SH
A46: RT : 2 | B46: 2 | D46: T1 | E46: PITR | F46: 예비 | G46: 154kV 화천-화천HP | H46: 화천-(2:통합단말:4)-북춘천-6-화천H/P | I46: 11.4.14 SH
A47: 2018.04 UPDATE | B47: 3 | D47: E1 | E47: LAN | G47: 화천CSU#2 | H47: 춘천-(4:통합단말:3)-화천
B48: 4 | D48: E1 | E48: 배전전력구 | G48: 화천배전전력구 감시시스템 | H48: 화천 ECSU-(4:통합단말:9)-춘천(구)(PTP#2 : 3 ) - 본부CSU - ~ | I48: 18.7.17예정
B49: 5 | D49: T1 | E49: PITR | F49: 주 | G49: 154kV 철원-화천#1,2T/L | H49: 철원-(1:통합단말:5)-화천
B50: 6
B51: 7
B52: 8
B53: 1(9) | C53: FN 5 (LIU-C) | D53: LAN | E53: SCADA | G53: 화천 Digital SCADA | H53: 춘천-(14:통합단말:9)-화천-RTU
B54: 2(10)
B55: 3(11)
B56: 4(12)
B57: 5(13)
B58: 6(14) | D58: E1 | E58: OA LAN_2 | G58: 화천B/O(파워콤OMA#2?) | H58: 춘천-(19:통합단말:14)-화천
B59: 7(15) | I59: 10.6.22,SH
B60: 8(16)
A61: 철원 | B61: 1 | C61: FN 3 (LIU-A) | D61: T1 | E61: PITR | F61: 주 | G61: 154kV 철원-화천#1,2T/L | H61: 철원-(1:통합단말:5)-화천
A62: RT : 3 | B62: 2
A63: 2018.05 UPDATE | B63: 3
B64: 4
B65: 5 | I65: 11.5.13 SH
B66: 6 | I66: 12.1.9 SH
B67: 7
B68: 8
B69: 1(9) | C69: FN 5 (LIU-C) | D69: LAN | E69: SCADA | G69: 철원 Digital SCADA | H69: 춘천-(15:통합단말9:)-철원-RTU | I69: 확인필요(추정)
B70: 2(10) | D70: LAN | H70: 춘천-(22:통합단말:10)-철원 | I70: 확인필요
B71: 3(11) | D71: LAN | H71: 춘천-(16:통합단말11:)-철원-RTU | I71: 확인필요
B72: 4(12) | D72: LAN
B73: 5(13)
B74: 6(14)
B75: 7(15)
B76: 8(16)

Sheet 통합단말(춘천#2-DS1)
A1: 통합단말 선번장(춘천#2-DS1)
A4: 설치장소 | B4: 순번 | C4: 카드 | D4: 회선내역 | H4: 중계경로
A5: 춘천 | B5: 1 | C5: LIU(B)
A6: COT | B6: 2
A7: 2018.04 UPDATE | B7: 3
B8: 4
B9: 5 | D9: E1 | E9: FRU | G9: 춘천열병합 | H9: 춘천-(5:통합단말:CU)-춘천열병합
B10: 6 | D10: T1 | E10: PITR | F10: 주 | G10: 154kV 남춘천-춘천 | H10: 춘천-(6:통합단말:3)-남춘천
B11: 7 | D11: E1 | E11: CMS-PLUS | G11: 남춘천-춘천 | H11: 춘천-(7:통합단말:4)-남춘천
B12: 8
B13: 9 | D13: E1 | E13: 배전전력구 | G13: 서홍천 배전전력구 | H13: =H79 -> 서홍천 ECSU-(2:통합단말:9)-춘천(구)(PTP#2 : 4) - 본부CSU - ~
B14: 10 | D14: E1 | E14: 배전전력구 | G14: 남춘천 배전전력구 감시#1 | H14: 춘천-(10:통합단말:9)-남춘천
B15: 11 | D15: E1 | E15: 배전전력구 | G15: 남춘천 배전전력구 감시#2 | H15: 춘천-(11:통합단말:10)-남춘천
B16: 12 | D16: E1 | E16: 배전전력구 | G16: 남춘천 배전전력구 감시#3 | H16: 춘천-(12:통합단말:11)-남춘천
B17: 13
B18: 14 | D18: E1 | E18: SCADA | F18: 예비 | G18: 남춘천 Digital SCADA | H18: 춘천#2링 춘천-(14:통합단말:17)-남춘천-RTU | I18: 10.11.29 SH
B19: 15 | D19: E1 | E19: SCADA | F19: 예비 | G19: 서홍천 Digital SCADA | H19: 춘천#2링 춘천-(15:통합단말:17)-서홍천-RTU | I19: 10.11.25 SH
B20: 16 | D20: E1 | E20: SCADA | F20: 예비 | G20: 춘천열병합 Digital SCADA | H20: 춘천-(16:통합단말:17)-춘천열병합
B21: 17 | D21: E1 | G21: 춘천열병합 RTU 전원리셋 | H21: 춘천-(17:통합단말:18)-춘천열병합 | I21: `22.09.27 구성
B22: 18 | D22: E1 | E22: SCADA | F22: 예비 | G22: 남춘천S/S SA용 SCADA | H22: 춘천-(FN5 18:통합단말:FN5 2)-남춘천
B23: 19
B24: 20
B25: 21
B26: 22 | D26: E1 | E26: FRU | G26: 남춘천 | H26: 춘천-(22:통합단말:CU)-남춘천
B27: 23
B28: 24 | D28: E1 | E28: FRU | G28: 서홍천 | H28: 춘천-(24:통합단말:CU)-서홍천
A29: 남춘천 | B29: 1 | C29: FN 3 (LIU-E)
A30: RT : 1 | B30: 2
A31: 2018.04 UPDATE | B31: 3 | D31: T1 | E31: PITR | F31: 주 | G31: 154kV 남춘천-춘천 | H31: 춘천-(6:통합단말:3)-남춘천
B32: 4 | D32: E1 | E32: CMS-PLUS | G32: 남춘천-춘천 | H32: 춘천-(7:통합단말:4)-남춘천
B33: 5 | D33: T1 | E33: PITR | F33: 예 | G33: 남춘천-춘천열병합 SPS PITR | H33: 남춘천-(5:통합단말:2)-춘천열병합
B34: 6
B35: 7 | D35: E1 | E35: PITR | F35: 예비 | G35: 154kV 열병합-남춘천 #1 | H35: 남춘천-(7:통합단말:1)-열병합
B36: 8 | D36: E1 | E36: PITR | F36: 예비 | G36: 154kV 열병합-남춘천 #2 | H36: 남춘천-(8:통합단말:3)-열병합
B37: 9 | D37: E1 | E37: 배전전력구 | G37: 남춘천 배전 전력구 감시#1 | H37: 남춘천-(9:통합단말:10)-춘천-(송변PTPU:6)-본부
B38: 10 | D38: E1 | E38: 배전전력구 | G38: 남춘천 배전 전력구 감시#2 | H38: 남춘천-(10:통합단말:11)-춘천-(송변PTPU:7)-본부
B39: 11 | D39: E1 | E39: 배전전력구 | G39: 남춘천 배전 전력구 감시#3 | H39: 남춘천-(11:통합단말:12)-춘천-(송변PTPU:8)-본부
B40: 12
B41: 13
B42: 14
B43: 15
B44: 16
B45: 1(17) | C45: FN 5 (LIU-C) | D45: LAN | E45: SCADA | G45: 남춘천 Digital SCADA | H45: 춘천#2링 춘천-(14:통합단말:17)-남춘천-RTU | I45: 10.11.29 SH
B46: 2(18) | D46: LAN | E46: SCADA | F46: 예비 | G46: 남춘천 SA용 SCADA | H46: 춘천-(FN5 18:통합단말:FN5 2)-남춘천 | I46: `22. 09.27구성
B47: 3(19) | D47: LAN
B48: 4(20) | D48: LAN
B49: 5(21)
B50: 6(22)
B51: 7(23)
B52: 8(24)
A53: 춘천열병합 | B53: 1 | C53: FN 3 (LIU-E) | D53: E1 | E53: PITR | F53: 예비 | G53: 154kV 남춘천-열병합 #1 T/L | H53: 남춘천-(7:통합단말:1)-열병합
A54: RT : 2 | B54: 2 | D54: T1 | E54: PITR | F54: 예 | G54: 남춘천-춘천열병합 SPS PITR | H54: 남춘천-(5:통합단말:2)-춘천열병합
A55: 2018.04 UPDATE | B55: 3 | D55: E1 | E55: PITR | F55: 예비 | G55: 154kV 남춘천-열병합 #2 T/L | H55: 남춘천-(8:통합단말:3)-열병합
B56: 4
B57: 5 | D57: T1 | E57: PITR | F57: 예비 | G57: 154kV 서홍천-열병합 T/L | H57: 열병합-(5:통합단말:2)-서홍천
B58: 6
B59: 7
B60: 8
B61: 9
B62: 10
B63: 11
B64: 12
B65: 13
B66: 14
B67: 15
B68: 16
B69: 1(17) | C69: FN 5 (LIU-C) | D69: LAN | E69: SCADA | F69: 예비 | G69: 춘천열병합 Digital SCADA | H69: 춘천-(16:통합단말:17)-춘천열병합
B70: 2(18) | D70: LAN | G70: 춘천열병합 RTU 전원리셋 | H70: 춘천-(17:통합단말:18)-춘천열병합
B71: 3(19) | D71: LAN
B72: 4(20) | D72: LAN
B73: 5(21)
B74: 6(22)
B75: 7(23)
B76: 8(24)
A77: 서홍천 | B77: 1 | C77: FN 3 (LIU-E)
A78: RT : 3 | B78: 2 | D78: T1 | E78: PITR | F78: 주 | G78: 154kV 열병합-서홍천 | H78: 열병합-(5:통합단말:2)-서홍천
A79: 2018.04 UPDATE | B79: 3 | D79: E1 | E79: 배전전력구 | G79: 서홍천 배전전력구 감시스템 | H79: 서홍천 ECSU-(2:통합단말:9)-춘천(구)(PTP#2 : 4) - 본부CSU - ~ | I79: 18.7.17 예정
B80: 4
B81: 5
B82: 6
B83: 7
B84: 8
B85: 9
B86: 10
B87: 11
B88: 12
B89: 13
B90: 14
B91: 15
B92: 16
B93: 1(17) | C93: FN 5 (LIU-C) | D93: LAN | E93: SCADA | G93: 서홍천 Digital SCADA | H93: 춘천#2링 춘천-(15:통합단말:17)-서홍천-RTU | I93: 10.11.25 SH
B94: 2(18) | D94: LAN
B95: 3(19) | D95: LAN
B96: 4(20) | D96: LAN
B97: 5(21)
B98: 6(22)
B99: 7(23)
B100: 8(24)

Sheet 통합단말(춘천#3-DS1)_인제_양구
A1: 통합단말 선번장(춘천#3-DS1_인제,양구)
A4: 설치장소 | B4: 순번 | C4: 카드 | D4: 회선내역 | H4: 중계경로
A5: 춘천 | B5: 1 | C5: LIU(B) | D5: LAN | E5: SCADA | F5: 예비 | G5: 양구 Digital SCADA | H5: 강릉#3링 강릉-(1:통합단말:1)-양구-RTU
A6: COT | B6: 2 | D6: LAN | E6: SCADA | F6: 예비 | G6: 인제 Digital SCADA | H6: 강릉#3링 강릉-(2:통합단말:2)-인제-RTU
A7: 2018.04 UPDATE | B7: 3
B8: 4 | D8: LAN | E8: 신재생 | G8: 양구S/S 신재생감시시스템 | H8: 춘천#3링 춘천-(4:통합단말:4)-양구S/S
B9: 5
B10: 6
B11: 7
B12: 8
B13: 9
B14: 10
B15: 11
B16: 12
B17: 13
B18: 14 | I18: 10.11.29 SH
B19: 15 | I19: 10.11.25 SH
B20: 16
B21: 17
B22: 18
B23: 19
B24: 20
B25: 21
B26: 22
B27: 23
B28: 24
A29: 인제 | B29: 1 | C29: FN 3 (LIU-A)
A30: RT : 2 | B30: 2
A31: 2018.02 UPDATE | B31: 3
B32: 4
B33: 5
B34: 6
B35: 7
B36: 8
B37: 1 | C37: FN 5 (LIU-C) | D37: LAN | E37: =E6 -> SCADA | F37: =F6 -> 예비 | G37: =G6 -> 인제 Digital SCADA | H37: =H6 -> 강릉#3링 강릉-(2:통합단말:2)-인제-RTU
B38: 2 | D38: LAN
B39: 3 | D39: LAN
B40: 4 | D40: LAN
B41: 1
B42: 2
B43: 3 | H43: 미사용(LED점등X)
B44: 4
A45: 양구 | B45: 1 | C45: FN 3 (LIU-A)
A46: RT : 3 | B46: 2
A47: 2018.02 UPDATE | B47: 3 | G47: Z
B48: 4 | D48: LAN | E48: 신재생 | G48: 양구S/S 신재생감시시스템 | H48: 춘천#3링 춘천-(9:통합단말:4)-양구S/S
B49: 5
B50: 6
B51: 7
B52: 8
B53: 1 | C53: FN 5 (LIU-C) | D53: LAN | E53: =E5 -> SCADA | F53: =F5 -> 예비 | G53: =G5 -> 양구 Digital SCADA | H53: =H5 -> 강릉#3링 강릉-(1:통합단말:1)-양구-RTU
B54: 2 | D54: LAN
B55: 3 | D55: LAN
B56: 4 | D56: LAN
B57: 1
B58: 2
B59: 3
B60: 4

Sheet 통합단말(춘천COT-DS0)
A1: 통합단말 선번장(춘천COT-DS0)
A4: 설치장소 | B4: 순번 | C4: 카드 | D4: 회선내역 | H4: 중계경로 | I4: 회선ID
A5: 춘천 | B5: 1 | C5: FX0
A6: COT | B6: 2
B7: 3
B8: 4
B9: 5
B10: 6
B11: 7
B12: 8
B13: 9 | C13: FX0
B14: 10
B15: 11
B16: 12
B17: 13
B18: 14
B19: 15
B20: 16
B21: 17 | C21: 4W E&M | E21: 급전 | G21: 급전소-청평PP | H21: =서홍천SS!J33 -> 본부-19(CMUX)-춘천-17(통합단말)13-서홍천-1(P32T)-청평PP
B22: 18 | E22: 급전 | G22: 급전소-한강RCC | H22: =북춘천SS!J116 -> 본부-20(C-MUX)-춘천-18(통합단말)11-북춘천-16(P32T)-춘천HP
B23: 19
B24: 20
B25: 21
B26: 22
B27: 23
B28: 24
B29: 25 | C29: 4W E&M
B30: 26
B31: 27
B32: 28
B33: 29
B34: 30
B35: 31
B36: 32
B37: 33 | C37: 4W E&M
B38: 34
B39: 35
B40: 36
B41: 37
B42: 38
B43: 39
B44: 40
B45: 41 | C45: RD
B46: 42
B47: 43
B48: 44
B49: 45
B50: 46
B51: 47
B52: 48
B53: 49 | C53: FXS
B54: 50
B55: 51
B56: 52
B57: 53
B58: 54
B59: 55
B60: 56
B61: 57
B62: 58
B63: 59
B64: 60
B65: 61
... B84: 80

Sheet 통합단말(춘천#1-DS0)
A1: 통합단말 선번장(춘천#1-DS0)
A4: 설치장소 | B4: 순번 | C4: 카드 | D4: 회선내역 | H4: 중계경로
A5: 북춘천 | B5: 1 | C5: FXS
A6: RT : 1 | B6: 2
B7: 3
B8: 4
B9: 5
B10: 6
B11: 7
B12: 8
B13: 9 | C13: 4W E&M
B14: 10
B15: 11 | E15: 급전 | G15: 급전소-한강RCC | H15: ='통합단말(춘천COT-DS0)'!H22 -> 본부-20(C-MUX)-춘천-18(통합단말)11-북춘천-16(P32T)-춘천HP
B16: 12
B17: 13
B18: 14
B19: 15
B20: 16
B21: 17 | C21: RD
B22: 18
B23: 19
B24: 20
B25: 21
B26: 22
B27: 23
B28: 24
B29: 25
B30: 26
B31: 27
B32: 28
B33: 29
... B36: 32
A37: 화천 | B37: 1 | C37: FXS
A38: RT : 2 | B38: 2
B39: 3
B40: 4
B41: 5
B42: 6
B43: 7
B44: 8
B45: 9 | C45: 4W E&M
B46: 10
B47: 11
B48: 12
B49: 13
B50: 14
B51: 15
B52: 16
B53: 17 | C53: RD
B54: 18
B55: 19
B56: 20
B57: 21
B58: 22
B59: 23
B60: 24
B61: 25
B62: 26
B63: 27
B64: 28
B65: 29
... B68: 32
A69: 철원 | B69: 1 | C69: FXS
A70: RT : 3 | B70: 2
B71: 3
B72: 4
B73: 5
B74: 6
B75: 7
B76: 8
B77: 9 | C77: 4W E&M
B78: 10
B79: 11
B80: 12
B81: 13
B82: 14
B83: 15
B84: 16
B85: 17 | C85: RD
B86: 18
B87: 19
B88: 20
B89: 21
B90: 22
B91: 23
B92: 24
B93: 25
B94: 26
B95: 27
B96: 28
B97: 29
... B100: 32

Sheet 통합단말(춘천#2-DS0)
A1: 통합단말 선번장(춘천#2-DS0)
A4: 설치장소 | B4: 순번 | C4: 카드 | D4: 회선내역 | H4: 중계경로
A5: 남춘천 | B5: 1 | C5: FXS
A6: RT : 1 | B6: 2
B7: 3
B8: 4
B9: 5
B10: 6
B11: 7
B12: 8
B13: 9 | C13: 4W E&M
B14: 10
B15: 11
B16: 12
B17: 13
B18: 14
B19: 15
B20: 16
B21: 17 | C21: RD
B22: 18
B23: 19
B24: 20
B25: 21
B26: 22
B27: 23
B28: 24
B29: 25
B30: 26
B31: 27
B32: 28
B33: 29
... B36: 32
A37: 열병합 | B37: 1 | C37: FXS
A38: RT : 2 | B38: 2
B39: 3
B40: 4
B41: 5
B42: 6
B43: 7
B44: 8
B45: 9 | C45: 4W E&M
B46: 10
B47: 11
B48: 12
B49: 13
B50: 14
B51: 15
B52: 16
B53: 17 | C53: RD
B54: 18
B55: 19
B56: 20
B57: 21
B58: 22
B59: 23
B60: 24
B61: 25
B62: 26
B63: 27
B64: 28
B65: 29
... B68: 32
A69: 서홍천 | B69: 1 | C69: FXS
A70: RT : 3 | B70: 2
B71: 3
B72: 4
B73: 5
B74: 6
B75: 7
B76: 8
B77: 9 | C77: 4W E&M
B78: 10
B79: 11
B80: 12
B81: 13 | E81: 급전 | G81: 급전소-청평PP | H81: =서홍천SS!J33 -> 본부-19(CMUX)-춘천-17(통합단말)13-서홍천-1(P32T)-청평PP
B82: 14
B83: 15
B84: 16
B85: 17 | C85: RD
B86: 18
B87: 19
B88: 20
B89: 21
B90: 22
B91: 23
B92: 24
B93: 25
B94: 26
B95: 27
B96: 28
B97: 29
... B100: 32

Sheet 통합단말(춘천LIU-DS)
A1: 통합단말 선번장(춘천LIU-DS)
A4: 설치장소 | B4: 순번 | C4: 카드 | D4: 회선내역 | H4: 중계경로
B5: 1 | C5: LIU-DS | D5: LAN | E5: SCADA | G5: 화천 Digital SCADA | H5: 춘천#1링 춘천-(14:통합단말:FN5[1])-화천-RTU
B6: 2 | D6: LAN | E6: SCADA | G6: 북춘천 Digital SCADA | H6: 춘천#1링 춘천-(2:통합단말:FN5[1])-북춘천-RTU | I6: 10.11.29 CH
B7: 3 | D7: LAN | E7: SCADA | G7: 서홍천 Digital SCADA | H7: 춘천#2링 춘천-(14:통합단말:FN5[1])-남춘천-RTU | I7: 10.11.29 SH
B8: 4 | D8: LAN | E8: SCADA | G8: 남춘천 Digital SCADA | H8: 춘천#2링 춘천-(15:통합단말:FN5[1])-서홍천-RTU | I8: 10.11.25 SH
B9: 5 | D9: LAN | E9: SCADA | G9: 춘천-동해 LIU-DS Digital SCADA | H9: 춘천-통합P[2]-본부-[40:MSPP:22]-동해-[22:통합:1]-인제-RTU | I9: 12.6.19 SH
B10: 6 | D10: LAN | E10: SCADA | G10: 철원 FN5:1
B11: 7 | D11: LAN | E11: SCADA | G11: 철원 FN5:2
B12: 8 | D12: LAN | E12: SCADA | G12: 열병합 FN5:1
B13: 9 | D13: LAN | E13: SCADA | G13: 열병합 FN5:2
B14: 10 | D14: LAN | E14: SCADA | G14: 철원 FN5:3
B15: 11
B16: 12
B17: 13 | D17: LAN | E17: SCADA | G17: 춘천-강릉 LIU-DS Digital SCADA | H17: 춘천-12(PTP)-본부[MSPP PQM()-강릉PO[MSPP PQM()]
B18: 14
B19: 15
B20: 16 | D20: LAN | E20: SCADA | G20: 양구 Digital SCADA | H20: 춘천#3링 춘천-(1:통합단말:FN5[1])-양구-RTU
B21: 17 | D21: LAN | E21: SCADA | G21: 인제 Digital SCADA | H21: 춘천#3링 춘천-(2:통합단말:FN5[1])-인제-RTU
B22: 18 | D22: LAN | E22: SCADA | G22: 남춘천 SA용 SCADA 예비 | H22: 춘천#2링 춘천-(18:통합단말:FN5[2])-남춘천 SA 시스템 | I22: `22.09.27 구성
B23: 19
B24: 20 | D24: LAN | E24: SCADA | G24: 춘천-원주 LIU-DS Digital SCADA | H24: 춘천-10(PTP)-본부[MSPP PQM()-원주PO[MSPP PQM()]
