Workbook

Sheet 원주
A1: ■ 강원본부 OFD 선번장(원주) | L1: ※ 코아명칭 부여 PTP : COT측 장비 광출력 기준 링 : 링방향 West 광출력 기준
AS2: 45601 | AX2: 용도
A3: 본부 | B3: 관리사업소 | C3: 설치장소 | D3: 상대국명 | E3: 코어 선번 | F3: 사용여부판단 | G3: 송전선로 관리번호 | H3: 송전, 배전 선로명 | I3: 사용 여부 | J3: 융착/ 패치 | K3: 용도 | L3: 수용내역 | M3: 사용회사 | N3: 측정가능 여부 | O3: 측정거리 (km) | P3: 측정DATA 1310 (dB) | Q3: 측정DATA 1550 (dB) | R3: 측정일자 | S3: 측정거리 (km) | T3: 측정DATA 1310 (dB) | U3: 측정DATA 1550 (dB) | V3: 측정일자 | W3: 측정거리 (km) | X3: 측정DATA 1310 (dB) | Y3: 측정DATA 1550 (dB) | Z3: 측정일자 | AA3: 측정거리 (km) | AB3: 측정DATA 1310 (dB) | AC3: 측정DATA 1550 (dB) | AD3: 측정일자 | AE3: 측정거리 (km) | AF3: 측정DATA 1310 (dB) | AG3: 측정DATA 1550 (dB) | AH3: 측정일자 | AI3: 측정거리 (km) | AJ3: 측정DATA 1310 (dB) | AK3: 측정DATA 1550 (dB) | AL3: 측정일자 | AM3: 측정거리 (km) | AN3: 측정DATA 1310 (dB) | AO3: 측정DATA 1550 (dB) | AP3: 측정일자 | AQ3: 접속개소 | AR3: 상태 판단 | AS3: 비고 | AX3: 소형광단국
A4: 강원본부 | B4: 원주전력소 | C4: 원주전력소 | D4: 홍천변전소 | E4: 1 | F4: =ISTEXT(L4) -> FALSE | G4: 1000000353, 1000005969 | H4: 원주문막#2 T/L, 원주북원주#2 T/L | I4: =IF(F4=TRUE,"사용","미사용") -> 미사용 | J4: 패치 | M4: KEPCO | N4: =IF(F4=TRUE,"X","O") -> O | AM4: 44.484 | AN4: 15.878 | AO4: 10.833 | AP4: 44972 | AX4: 통합단말
A5: 강원본부 | B5: 원주전력소 | C5: 원주전력소 | D5: 홍천변전소 | E5: 2 | F5: =ISTEXT(L5) -> FALSE | G5: 1000000353, 1000005969 | H5: 원주문막#2 T/L, 원주북원주#2 T/L | I5: =IF(F5=TRUE,"사용","미사용") -> 미사용 | J5: 패치 | M5: KEPCO | N5: =IF(F5=TRUE,"X","O") -> O | AM5: 44.361 | AN5: 15.737 | AO5: 10.688 | AP5: 44972 | AX5: KepCIT
A6: 강원본부 | B6: 원주전력소 | C6: 원주전력소 | D6: 홍천변전소 | E6: 3 | F6: =ISTEXT(L6) -> FALSE | G6: 1000000353, 1000005969 | H6: 원주문막#2 T/L, 원주북원주#2 T/L | I6: =IF(F6=TRUE,"사용","미사용") -> 미사용 | J6: 패치 | M6: KEPCO | N6: =IF(F6=TRUE,"X","O") -> O | AM6: 43.654 | AN6: 14.878 | AO6: 11.116 | AP6: 44972 | AX6: 광스위치
A7: 강원본부 | B7: 원주전력소 | C7: 원주전력소 | D7: 홍천변전소 | E7: 4 | F7: =ISTEXT(L7) -> FALSE | G7: 1000000353, 1000005969 | H7: 원주문막#2 T/L, 원주북원주#2 T/L | I7: =IF(F7=TRUE,"사용","미사용") -> 미사용 | J7: 패치 | M7: KEPCO | N7: =IF(F7=TRUE,"X","O") -> O | AM7: 43.556 | AN7: 14.821 | AO7: 10.186 | AP7: 44972 | AX7: 송변전광
A8: 강원본부 | B8: 원주전력소 | C8: 원주전력소 | D8: 홍천변전소 | E8: 5 | F8: =ISTEXT(L8) -> TRUE | G8: 1000000353, 1000005969 | H8: 원주문막#2 T/L, 원주북원주#2 T/L | I8: =IF(F8=TRUE,"사용","미사용") -> 사용 | J8: 패치 | K8: 통합단말 | L8: 원주전력소 GR2링(원주-홍천) OUT | M8: KEPCO | N8: =IF(F8=TRUE,"X","O") -> X | AX8: 임대
A9: 강원본부 | B9: 원주전력소 | C9: 원주전력소 | D9: 홍천변전소 | E9: 6 | F9: =ISTEXT(L9) -> TRUE | G9: 1000000353, 1000005969 | H9: 원주문막#2 T/L, 원주북원주#2 T/L | I9: =IF(F9=TRUE,"사용","미사용") -> 사용 | J9: 패치 | K9: 통합단말 | L9: 원주전력소 GR2링(원주-홍천) IN | M9: KEPCO | N9: =IF(F9=TRUE,"X","O") -> X | AX9: PTPU
A10: 강원본부 | B10: 원주전력소 | C10: 원주전력소 | D10: 홍천변전소 | E10: 7 | F10: =ISTEXT(L10) -> FALSE | G10: 1000000353, 1000005969 | H10: 원주문막#2 T/L, 원주북원주#2 T/L | I10: =IF(F10=TRUE,"사용","미사용") -> 미사용 | M10: KEPCO | N10: =IF(F10=TRUE,"X","O") -> O | AX10: SCADA
A11: 강원본부 | B11: 원주전력소 | C11: 원주전력소 | D11: 홍천변전소 | E11: 8 | F11: =ISTEXT(L11) -> FALSE | G11: 1000000353, 1000005969 | H11: 원주문막#2 T/L, 원주북원주#2 T/L | I11: =IF(F11=TRUE,"사용","미사용") -> 미사용 | M11: KEPCO | N11: =IF(F11=TRUE,"X","O") -> O | AX11: PITR
A12: 강원본부 | B12: 원주전력소 | C12: 원주전력소 | D12: 홍천변전소 | E12: 9 | F12: =ISTEXT(L12) -> TRUE | G12: 1000000353, 1000005969 | H12: 원주문막#2 T/L, 원주북원주#2 T/L | I12: =IF(F12=TRUE,"사용","미사용") -> 사용 | J12: 패치 | K12: 광스위치 | L12: 디지탈스카다㈜(홍천-동원주) | M12: KEPCO | N12: =IF(F12=TRUE,"X","O") -> X | AX12: DAS
A13: 강원본부 | B13: 원주전력소 | C13: 원주전력소 | D13: 홍천변전소 | E13: 10 | F13: =ISTEXT(L13) -> FALSE | G13: 1000000353, 1000005969 | H13: 원주문막#2 T/L, 원주북원주#2 T/L | I13: =IF(F13=TRUE,"사용","미사용") -> 미사용 | N13: =IF(F13=TRUE,"X","O") -> O | O13: 43.285 | P13: 14.573 | Q13: 9.171 | R13: 43243 | S13: 43.44 | T13: 14.474 | U13: 9.819 | V13: 43700 | W13: 43.54 | X13: 14.511 | Y13: 10.827 | Z13: 43878 | AA13: 43.64 | AB13: 14.355 | AC13: 10.496 | AD13: 43878 | AH13: 44355 | AI13: 44.024 | AJ13: 14.764 | AK13: 10.508 | AL13: 44641 | AM13: 43.547 | AN13: 14.554 | AO13: 10.666 | AP13: 44972 | AX13: 기타
A14: 강원본부 | B14: 원주전력소 | C14: 원주전력소 | D14: 홍천변전소 | E14: 11 | F14: =ISTEXT(L14) -> FALSE | G14: 1000000353, 1000005969 | H14: 원주문막#2 T/L, 원주북원주#2 T/L | I14: =IF(F14=TRUE,"사용","미사용") -> 미사용 | M14: KEPCO | N14: =IF(F14=TRUE,"X","O") -> O | AX14: 송PTPU
A15: 강원본부 | B15: 원주전력소 | C15: 원주전력소 | D15: 홍천변전소 | E15: 12 | F15: =ISTEXT(L15) -> FALSE | G15: 1000000353, 1000005969 | H15: 원주문막#2 T/L, 원주북원주#2 T/L | I15: =IF(F15=TRUE,"사용","미사용") -> 미사용 | M15: KEPCO | N15: =IF(F15=TRUE,"X","O") -> O
A16: 강원본부 | B16: 원주전력소 | C16: 원주전력소 | D16: 홍천변전소 | E16: 13 | F16: =ISTEXT(L16) -> TRUE | G16: 1000000353, 1000005969 | H16: 원주문막#2 T/L, 원주북원주#2 T/L | I16: =IF(F16=TRUE,"사용","미사용") -> 사용 | J16: 패치 | K16: 송변전광 | L16: 홍천-원주 송변전광 W-OUT | M16: KEPCO | N16: =IF(F16=TRUE,"X","O") -> X | O16: 43.589 | P16: 15.074 | Q16: 10.42 | R16: 43243
A17: 강원본부 | B17: 원주전력소 | C17: 원주전력소 | D17: 홍천변전소 | E17: 14 | F17: =ISTEXT(L17) -> TRUE | G17: 1000000353, 1000005969 | H17: 원주문막#2 T/L, 원주북원주#2 T/L | I17: =IF(F17=TRUE,"사용","미사용") -> 사용 | J17: 패치 | K17: 송변전광 | L17: 홍천-원주 송변전광 W-IN | M17: KEPCO | N17: =IF(F17=TRUE,"X","O") -> X | O17: 43.24 | P17: 14.85 | Q17: 9.72 | R17: 43243
A18: 강원본부 | B18: 원주전력소 | C18: 원주전력소 | D18: 홍천변전소 | E18: 15 | F18: =ISTEXT(L18) -> FALSE | G18: 1000000353, 1000005969 | H18: 원주문막#2 T/L, 원주북원주#2 T/L | I18: =IF(F18=TRUE,"사용","미사용") -> 미사용 | N18: =IF(F18=TRUE,"X","O") -> O | S18: 42.62 | T18: 14.462 | U18: 10.366 | V18: 43700 | W18: 42.62 | X18: 14.657 | Y18: 10.625 | Z18: 43878 | AA18: 42.964 | AB18: 14.245 | AC18: 10.972 | AD18: 43878 | AH18: 44355 | AI18: 43.63 | AJ18: 14.78 | AK18: 10.935 | AL18: 44641 | AM18: 42.825 | AN18: 14.635 | AO18: 11.13 | AP18: 44972
A19: 강원본부 | B19: 원주전력소 | C19: 원주전력소 | D19: 홍천변전소 | E19: 16 | F19: =ISTEXT(L19) -> FALSE | G19: 1000000353, 1000005969 | H19: 원주문막#2 T/L, 원주북원주#2 T/L | I19: =IF(F19=TRUE,"사용","미사용") -> 미사용 | N19: =IF(F19=TRUE,"X","O") -> O | S19: 43.36 | T19: 14.786 | U19: 10.25 | V19: 43700 | W19: 43.75 | X19: 14.77 | Y19: 10.326 | Z19: 43878 | AA19: 43.57 | AB19: 14.649 | AC19: 11.011 | AD19: 43878 | AH19: 44355 | AI19: 42.972 | AJ19: 14.512 | AK19: 11.16 | AL19: 44641 | AM19: 42.808 | AN19: 14.809 | AO19: 11.24 | AP19: 44972
A20: 강원본부 | B20: 원주전력소 | C20: 원주전력소 | D20: 홍천변전소 | E20: 17 | F20: =ISTEXT(L20) -> TRUE | G20: 1000000353, 1000005969 | H20: 원주문막#2 T/L, 원주북원주#2 T/L | I20: =IF(F20=TRUE,"사용","미사용") -> 사용 | J20: 패치 | K20: KepCIT | L20: 차세대전력통신망 중부2링(강원지사-원주P/O) | M20: KEPCO | N20: =IF(F20=TRUE,"X","O") -> X | S20: 43.96 | T20: 16.506 | U20: 10.899 | V20: 43700 | W20: 43.56 | X20: 15.394 | Y20: 11.274 | Z20: 43878 | AA20: 76.59 | AB20: 25.788 | AC20: 19.573 | AD20: 43878 | AH20: 44355
A21: 강원본부 | B21: 원주전력소 | C21: 원주전력소 | D21: 홍천변전소 | E21: 18 | F21: =ISTEXT(L21) -> TRUE | G21: 1000000353, 1000005969 | H21: 원주문막#2 T/L, 원주북원주#2 T/L | I21: =IF(F21=TRUE,"사용","미사용") -> 사용 | J21: 패치 | K21: KepCIT | L21: 차세대전력통신망 중부2링(강원지사-원주P/O) | M21: KEPCO | N21: =IF(F21=TRUE,"X","O") -> X | S21: 43.37 | T21: 14.294 | U21: 10.196 | V21: 43700 | W21: 43.58 | X21: 14.349 | Y21: 10.121 | Z21: 43878 | AA21: 77.94 | AB21: 25.344 | AC21: 18.182 | AD21: 43878 | AH21: 44355
A22: 강원본부 | B22: 원주전력소 | C22: 원주전력소 | D22: 홍천변전소 | E22: 19 | F22: =ISTEXT(L22) -> FALSE | G22: 1000000353, 1000005969 | H22: 원주문막#2 T/L, 원주북원주#2 T/L | I22: =IF(F22=TRUE,"사용","미사용") -> 미사용 | K22: 임대 | M22: LG U+ | N22: =IF(F22=TRUE,"X","O") -> O | O22: 43.07 | P22: 13.99 | Q22: 8.94 | R22: 43243 | T22: 14.65 | U22: 10.218 | V22: 43700 | W22: 43.58 | X22: 14.388 | Y22: 10.28 | Z22: 43878 | AA22: 43.57 | AB22: 14.143 | AC22: 10.629 | AD22: 43878 | AH22: 44355 | AI22: 43.589 | AJ22: 14.509 | AK22: 10.739 | AL22: 44641 | AM22: 42.701 | AN22: 14.388 | AO22: 11.205 | AP22: 44972
A23: 강원본부 | B23: 원주전력소 | C23: 원주전력소 | D23: 홍천변전소 | E23: 20 | F23: =ISTEXT(L23) -> FALSE | G23: 1000000353, 1000005969 | H23: 원주문막#2 T/L, 원주북원주#2 T/L | I23: =IF(F23=TRUE,"사용","미사용") -> 미사용 | K23: 임대 | M23: LG U+ | N23: =IF(F23=TRUE,"X","O") -> O | O23: 43.26 | P23: 15.02 | Q23: 9.46 | R23: 43243 | T23: 13.674 | U23: 10.886 | V23: 43700 | W23: 41.218 | X23: 14.066 | Y23: 11.113 | Z23: 43878 | AA23: 43.58 | AB23: 14.664 | AC23: 11.827 | AD23: 43878 | AH23: 44355 | AI23: 43.589 | AJ23: 14.806 | AK23: 11.687 | AL23: 44641 | AM23: 43.966 | AN23: 15.149 | AO23: 11.877 | AP23: 44972
A24: 강원본부 | B24: 원주전력소 | C24: 원주전력소 | D24: 홍천변전소 | E24: 21 | F24: =ISTEXT(L24) -> TRUE | G24: 1000000353, 1000005969 | H24: 원주문막#2 T/L, 원주북원주#2 T/L | I24: =IF(F24=TRUE,"사용","미사용") -> 사용 | J24: 패치 | K24: PTPU | L24: 원주-홍천 PTPU E-OUT | M24: KEPCO | N24: =IF(F24=TRUE,"X","O") -> X
A25: 강원본부 | B25: 원주전력소 | C25: 원주전력소 | D25: 홍천변전소 | E25: 22 | F25: =ISTEXT(L25) -> TRUE | G25: 1000000353, 1000005969 | H25: 원주문막#2 T/L, 원주북원주#2 T/L | I25: =IF(F25=TRUE,"사용","미사용") -> 사용 | J25: 패치 | K25: PTPU | L25: 원주-홍천 PTPU E-IN | M25: KEPCO | N25: =IF(F25=TRUE,"X","O") -> X
A26: 강원본부 | B26: 원주전력소 | C26: 원주전력소 | D26: 홍천변전소 | E26: 23 | F26: =ISTEXT(L26) -> TRUE | G26: 1000000353, 1000005969 | H26: 원주문막#2 T/L, 원주북원주#2 T/L | I26: =IF(F26=TRUE,"사용","미사용") -> 사용 | J26: 패치 | K26: PTPU | L26: 원주-홍천 PTPU W-OUT | M26: KEPCO | N26: =IF(F26=TRUE,"X","O") -> X
A27: 강원본부 | B27: 원주전력소 | C27: 원주전력소 | D27: 홍천변전소 | E27: 24 | F27: =ISTEXT(L27) -> TRUE | G27: 1000000353, 1000005969 | H27: 원주문막#2 T/L, 원주북원주#2 T/L | I27: =IF(F27=TRUE,"사용","미사용") -> 사용 | J27: 패치 | K27: PTPU | L27: 원주-홍천 PTPU W-IN | M27: KEPCO | N27: =IF(F27=TRUE,"X","O") -> X
A28: 강원본부 | B28: 원주전력소 | C28: 원주전력소 | D28: 북원주변전소 | E28: 25 | F28: =ISTEXT(L28) -> FALSE | G28: 1000000353, 1000005969 | H28: 원주문막#2 T/L, 원주북원주#2 T/L | I28: =IF(F28=TRUE,"사용","미사용") -> 미사용 | J28: 패치 | M28: KEPCO | N28: =IF(F28=TRUE,"X","O") -> O | AM28: 12.404 | AN28: 5.103 | AO28: 6.115 | AP28: 44972
A29: 강원본부 | B29: 원주전력소 | C29: 원주전력소 | D29: 북원주변전소 | E29: 26 | F29: =ISTEXT(L29) -> FALSE | G29: 1000000353, 1000005969 | H29: 원주문막#2 T/L, 원주북원주#2 T/L | I29: =IF(F29=TRUE,"사용","미사용") -> 미사용 | J29: 패치 | M29: KEPCO | N29: =IF(F29=TRUE,"X","O") -> O | AM29: 12.398 | AN29: 5.144 | AO29: 6.055 | AP29: 44972
A30: 강원본부 | B30: 원주전력소 | C30: 원주전력소 | D30: 북원주변전소 | E30: 27 | F30: =ISTEXT(L30) -> FALSE | G30: 1000000353, 1000005969 | H30: 원주문막#2 T/L, 원주북원주#2 T/L | I30: =IF(F30=TRUE,"사용","미사용") -> 미사용 | J30: 패치 | M30: KEPCO | N30: =IF(F30=TRUE,"X","O") -> O | AM30: 12.398 | AN30: 4.946 | AO30: 4.945 | AP30: 44972
A31: 강원본부 | B31: 원주전력소 | C31: 원주전력소 | D31: 북원주변전소 | E31: 28 | F31: =ISTEXT(L31) -> FALSE | G31: 1000000353, 1000005969 | H31: 원주문막#2 T/L, 원주북원주#2 T/L | I31: =IF(F31=TRUE,"사용","미사용") -> 미사용 | J31: 패치 | M31: KEPCO | N31: =IF(F31=TRUE,"X","O") -> O | AM31: 12.398 | AN31: 4.933 | AO31: 4.699 | AP31: 44972
A32: 강원본부 | B32: 원주전력소 | C32: 원주전력소 | D32: 북원주변전소 | E32: 29 | F32: =ISTEXT(L32) -> TRUE | G32: 1000000353, 1000005969 | H32: 원주문막#2 T/L, 원주북원주#2 T/L | I32: =IF(F32=TRUE,"사용","미사용") -> 사용 | J32: 패치 | K32: 통합단말 | L32: 원주전력소 GR2링(북원주-원주) OUT | M32: KEPCO | N32: =IF(F32=TRUE,"X","O") -> X
A33: 강원본부 | B33: 원주전력소 | C33: 원주전력소 | D33: 북원주변전소 | E33: 30 | F33: =ISTEXT(L33) -> TRUE | G33: 1000000353, 1000005969 | H33: 원주문막#2 T/L, 원주북원주#2 T/L | I33: =IF(F33=TRUE,"사용","미사용") -> 사용 | J33: 패치 | K33: 통합단말 | L33: 원주전력소 GR2링(북원주-원주) IN | M33: KEPCO | N33: =IF(F33=TRUE,"X","O") -> X
A34: 강원본부 | B34: 원주전력소 | C34: 원주전력소 | D34: 북원주변전소 | E34: 31 | F34: =ISTEXT(L34) -> TRUE | G34: 1000000353, 1000005969 | H34: 원주문막#2 T/L, 원주북원주#2 T/L | I34: =IF(F34=TRUE,"사용","미사용") -> 사용 | J34: 패치 | K34: 광스위치 | L34: 디지탈스카다㈜(원주-북원주) | M34: KEPCO | N34: =IF(F34=TRUE,"X","O") -> X
A35: 강원본부 | B35: 원주전력소 | C35: 원주전력소 | D35: 북원주변전소 | E35: 32 | F35: =ISTEXT(L35) -> FALSE | G35: 1000000353, 1000005969 | H35: 원주문막#2 T/L, 원주북원주#2 T/L | I35: =IF(F35=TRUE,"사용","미사용") -> 미사용 | N35: =IF(F35=TRUE,"X","O") -> O | O35: 12.15 | P35: 4.37 | Q35: 3.07 | R35: 43243 | S35: 12.197 | T35: 4.287 | U35: 3.974 | V35: 43700 | W35: 12.402 | X35: 4.47 | Y35: 4.684 | Z35: 43878 | AA35: 12.402 | AB35: 4.535 | AC35: 5.896 | AD35: 43878 | AE35: 12.4 | AF35: 4.535 | AG35: 5.896 | AH35: 44377 | AI35: 12.404 | AJ35: 4.484 | AK35: 4.772 | AL35: 44641 | AM35: 12.398 | AN35: 4.641 | AO35: 4.925 | AP35: 44972
A36: 강원본부 | B36: 원주전력소 | C36: 원주전력소 | D36: 북원주변전소 | E36: 33 | F36: =ISTEXT(L36) -> TRUE | G36: 1000000353, 1000005969 | H36: 원주문막#2 T/L, 원주북원주#2 T/L | I36: =IF(F36=TRUE,"사용","미사용") -> 사용 | J36: 패치 | K36: 송변전광 | L36: 원주-북원주 송변전광 W-OUT | M36: KEPCO | N36: =IF(F36=TRUE,"X","O") -> X | O36: 12.15 | P36: 4.69 | Q36: 3.36 | R36: 43243 | AS36: 2018.11
A37: 강원본부 | B37: 원주전력소 | C37: 원주전력소 | D37: 북원주변전소 | E37: 34 | F37: =ISTEXT(L37) -> TRUE | G37: 1000000353, 1000005969 | H37: 원주문막#2 T/L, 원주북원주#2 T/L | I37: =IF(F37=TRUE,"사용","미사용") -> 사용 | J37: 패치 | K37: 송변전광 | L37: 원주-북원주 송변전광 W-IN | M37: KEPCO | N37: =IF(F37=TRUE,"X","O") -> X | O37: 12.15 | P37: 4.35 | Q37: 3.23 | R37: 43243 | AS37: 2018.11
A38: 강원본부 | B38: 원주전력소 | C38: 원주전력소 | D38: 북원주변전소 | E38: 35 | F38: =ISTEXT(L38) -> TRUE | G38: 1000000353, 1000005969 | H38: 원주문막#2 T/L, 원주북원주#2 T/L | I38: =IF(F38=TRUE,"사용","미사용") -> 사용 | J38: 패치 | K38: 송PTPU | L38: 원주-북원주 송PTPU EAST | M38: KEPCO | N38: =IF(F38=TRUE,"X","O") -> X | O38: 12.15 | P38: 4.1 | Q38: 2.94 | R38: 43243 | S38: 60 | T38: 22.327 | U38: 15 | V38: 43700 | W38: 12.391 | X38: 4.527 | Y38: 4.15 | Z38: 43878 | AA38: 12.4 | AB38: 4.451 | AC38: 5.257 | AD38: 43878 | AE38: 12.4 | AF38: 4.451 | AG38: 5.257 | AH38: 44377 | AI38: 12.396 | AJ38: 4.437 | AK38: 4.514 | AL38: 44641
A39: 강원본부 | B39: 원주전력소 | C39: 원주전력소 | D39: 북원주변전소 | E39: 36 | F39: =ISTEXT(L39) -> TRUE | G39: 1000000353, 1000005969 | H39: 원주문막#2 T/L, 원주북원주#2 T/L | I39: =IF(F39=TRUE,"사용","미사용") -> 사용 | J39: 패치 | K39: 송PTPU | L39: 원주-북원주 송PTPU WEST | M39: KEPCO | N39: =IF(F39=TRUE,"X","O") -> X | O39: 12.15 | P39: 4.38 | Q39: 3.03 | R39: 43243 | S39: 57.94 | T39: 20.344 | U39: 13.65 | V39: 43700 | W39: 12.404 | X39: 4.491 | Y39: 3.517 | Z39: 43878 | AA39: 12.404 | AB39: 4.496 | AC39: 4.905 | AD39: 43878 | AE39: 12.406 | AF39: 4.496 | AG39: 4.905 | AH39: 44377 | AI39: 12.402 | AJ39: 4.474 | AK39: 3.997 | AL39: 44641
A40: 강원본부 | B40: 원주전력소 | C40: 원주전력소 | D40: 북원주변전소 | E40: 37 | F40: =ISTEXT(L40) -> FALSE | G40: 1000000353, 1000005969 | H40: 원주문막#2 T/L, 원주북원주#2 T/L | I40: =IF(F40=TRUE,"사용","미사용") -> 미사용 | N40: =IF(F40=TRUE,"X","O") -> O | O40: 12.15 | P40: 6.591 | Q40: 4.15 | R40: 43243 | S40: 14.49 | T40: 5.969 | U40: 3.88 | V40: 43700 | W40: 12.394 | X40: 4.748 | Y40: 3.296 | Z40: 43878 | AA40: 12.4 | AB40: 4.684 | AC40: 3.335 | AD40: 43878 | AE40: 12.4 | AF40: 4.684 | AG40: 3.335 | AH40: 44377 | AI40: 12.394 | AJ40: 4.689 | AK40: 3.535 | AL40: 44641 | AM40: 12.396 | AN40: 4.907 | AO40: 3.724 | AP40: 44972
A41: 강원본부 | B41: 원주전력소 | C41: 원주전력소 | D41: 북원주변전소 | E41: 38 | F41: =ISTEXT(L41) -> FALSE | G41: 1000000353, 1000005969 | H41: 원주문막#2 T/L, 원주북원주#2 T/L | I41: =IF(F41=TRUE,"사용","미사용") -> 미사용 | N41: =IF(F41=TRUE,"X","O") -> O | O41: 14.42 | P41: 5.43 | Q41: 3.62 | R41: 43243 | S41: 14.5 | T41: 5.714 | U41: 3.919 | V41: 43700 | W41: 12.4 | X41: 4.744 | Y41: 3.249 | Z41: 43878 | AA41: 12.4 | AB41: 4.714 | AC41: 3.274 | AD41: 43878 | AE41: 12.402 | AF41: 4.714 | AG41: 3.274 | AH41: 44377 | AI41: 12.398 | AJ41: 4.764 | AK41: 3.388 | AL41: 44641 | AM41: 12.398 | AN41: 4.999 | AO41: 3.806 | AP41: 44972
A42: 강원본부 | B42: 원주전력소 | C42: 원주전력소 | D42: 북원주변전소 | E42: 39 | F42: =ISTEXT(L42) -> FALSE | G42: 1000000353, 1000005969 | H42: 원주문막#2 T/L, 원주북원주#2 T/L | I42: =IF(F42=TRUE,"사용","미사용") -> 미사용 | N42: =IF(F42=TRUE,"X","O") -> O | S42: 58.8 | T42: 21.4 | U42: 14.073 | V42: 43700 | W42: 12.402 | X42: 4.376 | Y42: 3.002 | Z42: 43878 | AA42: 12.402 | AB42: 4.364 | AC42: 3.151 | AD42: 43878 | AE42: 12.4 | AF42: 4.364 | AG42: 3.151 | AH42: 44377 | AI42: 12.4 | AJ42: 4.442 | AK42: 3.343 | AL42: 44641 | AM42: 12.398 | AN42: 4.683 | AO42: 3.579 | AP42: 44972
A43: 강원본부 | B43: 원주전력소 | C43: 원주전력소 | D43: 북원주변전소 | E43: 40 | F43: =ISTEXT(L43) -> FALSE | G43: 1000000353, 1000005969 | H43: 원주문막#2 T/L, 원주북원주#2 T/L | I43: =IF(F43=TRUE,"사용","미사용") -> 미사용 | N43: =IF(F43=TRUE,"X","O") -> O | S43: 61.41 | T43: 24.4 | U43: 14.459 | V43: 43700 | W43: 12.402 | X43: 4.33 | Y43: 2.805 | Z43: 43878 | AA43: 12.402 | AB43: 4.321 | AC43: 2.922 | AD43: 43878 | AE43: 12.404 | AF43: 4.321 | AG43: 2.922 | AH43: 44377 | AI43: 12.402 | AJ43: 4.348 | AK43: 3.226 | AL43: 44641 | AM43: 12.396 | AN43: 4.245 | AO43: 3.438 | AP43: 44972
A44: 강원본부 | B44: 원주전력소 | C44: 원주전력소 | D44: 북원주변전소 | E44: 41 | F44: =ISTEXT(L44) -> FALSE | G44: 1000000353, 1000005969 | H44: 원주문막#2 T/L, 원주북원주#2 T/L | I44: =IF(F44=TRUE,"사용","미사용") -> 미사용 | N44: =IF(F44=TRUE,"X","O") -> O | S44: 60.05 | T44: 22.956 | U44: 15.181 | V44: 43700 | W44: 12.398 | X44: 4.561 | Y44: 3.647 | Z44: 43878 | AA44: 12.398 | AB44: 4.646 | AC44: 3.983 | AD44: 43878 | AE44: 12.406 | AF44: 4.646 | AG44: 3.983 | AH44: 44377 | AI44: 12.398 | AJ44: 4.526 | AK44: 3.89 | AL44: 44641 | AM44: 12.402 | AN44: 4.517 | AO44: 3.261 | AP44: 44972
A45: 강원본부 | B45: 원주전력소 | C45: 원주전력소 | D45: 북원주변전소 | E45: 42 | F45: =ISTEXT(L45) -> FALSE | G45: 1000000353, 1000005969 | H45: 원주문막#2 T/L, 원주북원주#2 T/L | I45: =IF(F45=TRUE,"사용","미사용") -> 미사용 | N45: =IF(F45=TRUE,"X","O") -> O | S45: 60.04 | T45: 24.487 | U45: 15.96 | V45: 43700 | W45: 12.427 | X45: 4.426 | Y45: 2.774 | Z45: 43878 | AA45: 12.4 | AB45: 4.372 | AC45: 3.519 | AD45: 43878 | AE45: 12.406 | AF45: 4.372 | AG45: 3.519 | AH45: 44377 | AI45: 12.4 | AJ45: 4.408 | AK45: 3.622 | AL45: 44641 | AM45: 12.402 | AN45: 4.577 | AO45: 3.833 | AP45: 44972
A46: 강원본부 | B46: 원주전력소 | C46: 원주전력소 | D46: 북원주변전소 | E46: 43 | F46: =ISTEXT(L46) -> FALSE | G46: 1000000353, 1000005969 | H46: 원주문막#2 T/L, 원주북원주#2 T/L | I46: =IF(F46=TRUE,"사용","미사용") -> 미사용 | N46: =IF(F46=TRUE,"X","O") -> O | O46: 12.51 | P46: 4.56 | Q46: 3.114 | R46: 43243 | S46: 60.03 | T46: 22.766 | U46: 15.094 | V46: 43700 | W46: 12.404 | X46: 4.549 | Y46: 3.164 | Z46: 43878 | AA46: 12.404 | AB46: 4.564 | AC46: 3.333 | AD46: 43878 | AE46: 12.406 | AF46: 4.564 | AG46: 3.333 | AH46: 44377 | AI46: 12.404 | AJ46: 4.578 | AK46: 3.42 | AL46: 44641 | AM46: 12.398 | AN46: 4.77 | AO46: 3.734 | AP46: 44972
A47: 강원본부 | B47: 원주전력소 | C47: 원주전력소 | D47: 북원주변전소 | E47: 44 | F47: =ISTEXT(L47) -> FALSE | G47: 1000000353, 1000005969 | H47: 원주문막#2 T/L, 원주북원주#2 T/L | I47: =IF(F47=TRUE,"사용","미사용") -> 미사용 | N47: =IF(F47=TRUE,"X","O") -> O | O47: 12.14 | P47: 4.3 | Q47: 2.879 | R47: 43243 | S47: 60 | T47: 21.855 | U47: 14.117 | V47: 43700 | W47: 12.396 | X47: 4.38 | Y47: 3.055 | Z47: 43878 | AA47: 12.396 | AB47: 4.516 | AC47: 3.226 | AD47: 43878 | AE47: 12.4 | AF47: 4.516 | AG47: 3.226 | AH47: 44377 | AI47: 12.396 | AJ47: 4.515 | AK47: 3.462 | AL47: 44641 | AM47: 12.398 | AN47: 4.483 | AO47: 3.633 | AP47: 44972
A48: 강원본부 | B48: 원주전력소 | C48: 원주전력소 | D48: 북원주변전소 | E48: 45 | F48: =ISTEXT(L48) -> TRUE | G48: 1000000353, 1000005969 | H48: 원주문막#2 T/L, 원주북원주#2 T/L | I48: =IF(F48=TRUE,"사용","미사용") -> 사용 | J48: 융착 | K48: DAS | L48: DAS | M48: KEPCO | N48: =IF(F48=TRUE,"X","O") -> X | O48: 4.63 | P48: 1.82 | Q48: 1.18 | R48: 43243 | AE48: 4.883 | AF48: 1.696 | AG48: 1.111
A49: 강원본부 | B49: 원주전력소 | C49: 원주전력소 | D49: 북원주변전소 | E49: 46 | F49: =ISTEXT(L49) -> TRUE | G49: 1000000353, 1000005969 | H49: 원주문막#2 T/L, 원주북원주#2 T/L | I49: =IF(F49=TRUE,"사용","미사용") -> 사용 | J49: 융착 | K49: DAS | L49: DAS | M49: KEPCO | N49: =IF(F49=TRUE,"X","O") -> X | O49: 4.63 | P49: 1.75 | Q49: 1.55 | R49: 43243 | AE49: 4.884 | AF49: 1.786 | AG49: 1.568
A50: 강원본부 | B50: 원주전력소 | C50: 원주전력소 | D50: 북원주변전소 | E50: 47 | F50: =ISTEXT(L50) -> TRUE | G50: 1000000353, 1000005969 | H50: 원주문막#2 T/L, 원주북원주#2 T/L | I50: =IF(F50=TRUE,"사용","미사용") -> 사용 | J50: 융착 | K50: DAS | L50: DAS | M50: KEPCO | N50: =IF(F50=TRUE,"X","O") -> X | O50: 4.63 | P50: 1.63 | Q50: 0.99 | R50: 43243 | AE50: 4.883 | AF50: 1.763 | AG50: 1.158
A51: 강원본부 | B51: 원주전력소 | C51: 원주전력소 | D51: 북원주변전소 | E51: 48 | F51: =ISTEXT(L51) -> TRUE | G51: 1000000353, 1000005969 | H51: 원주문막#2 T/L, 원주북원주#1 T/L | I51: =IF(F51=TRUE,"사용","미사용") -> 사용 | J51: 융착 | K51: DAS | L51: DAS | M51: KEPCO | N51: =IF(F51=TRUE,"X","O") -> X | O51: 4.63 | P51: 1.74 | Q51: 1.12 | R51: 43243 | AE51: 4.884 | AF51: 1.793 | AG51: 1.143
A52: 강원본부 | B52: 원주전력소 | C52: 원주전력소 | D52: 서원주변전소 | E52: 1 | F52: =ISTEXT(L52) -> FALSE | G52: 1000000353 | H52: 원주문막#1 T/L, 원주북원주#2 T/L | I52: =IF(F52=TRUE,"사용","미사용") -> 미사용 | J52: 패치 | M52: KEPCO | N52: =IF(F52=TRUE,"X","O") -> O | AM52: 24.003 | AN52: 9.599 | AO52: 6.228 | AP52: 44972 | AS52: 원주-서원주-문막
A53: 강원본부 | B53: 원주전력소 | C53: 원주전력소 | D53: 서원주변전소 | E53: 2 | F53: =ISTEXT(L53) -> FALSE | G53: 1000000353 | H53: 원주문막#1 T/L, 원주북원주#2 T/L | I53: =IF(F53=TRUE,"사용","미사용") -> 미사용 | J53: 패치 | M53: KEPCO | N53: =IF(F53=TRUE,"X","O") -> O | AM53: 24.003 | AN53: 8.557 | AO53: 5.706 | AP53: 44972 | AS53: 원주-서원주-문막
A54: 강원본부 | B54: 원주전력소 | C54: 원주전력소 | D54: 서원주변전소 | E54: 3 | F54: =ISTEXT(L54) -> FALSE | G54: 1000000353 | H54: 원주문막#1 T/L, 원주북원주#2 T/L | I54: =IF(F54=TRUE,"사용","미사용") -> 미사용 | J54: 패치 | M54: KEPCO | N54: =IF(F54=TRUE,"X","O") -> O | AM54: 23.995 | AN54: 9.53 | AO54: 6.499 | AP54: 44972 | AS54: 원주-서원주-문막
A55: 강원본부 | B55: 원주전력소 | C55: 원주전력소 | D55: 서원주변전소 | E55: 4 | F55: =ISTEXT(L55) -> FALSE | G55: 1000000353 | H55: 원주문막#1 T/L, 원주북원주#2 T/L | I55: =IF(F55=TRUE,"사용","미사용") -> 미사용 | J55: 패치 | M55: KEPCO | N55: =IF(F55=TRUE,"X","O") -> O | AM55: 23.999 | AN55: 8.452 | AO55: 5.821 | AP55: 44972 | AS55: 원주-서원주-문막
A56: 강원본부 | B56: 원주전력소 | C56: 원주전력소 | D56: 서원주변전소 | E56: 5 | F56: =ISTEXT(L56) -> TRUE | G56: 1000000353 | H56: 원주문막#1 T/L, 원주북원주#2 T/L | I56: =IF(F56=TRUE,"사용","미사용") -> 사용 | J56: 패치 | K56: 통합단말 | L56: 원주전력소 GR3링(남원주-문막) OUT | M56: KEPCO | N56: =IF(F56=TRUE,"X","O") -> X
A57: 강원본부 | B57: 원주전력소 | C57: 원주전력소 | D57: 서원주변전소 | E57: 6 | F57: =ISTEXT(L57) -> TRUE | G57: 1000000353 | H57: 원주문막#1 T/L, 원주북원주#2 T/L | I57: =IF(F57=TRUE,"사용","미사용") -> 사용 | J57: 패치 | K57: 통합단말 | L57: 원주전력소 GR3링(남원주-문막) IN | M57: KEPCO | N57: =IF(F57=TRUE,"X","O") -> X
A58: 강원본부 | B58: 원주전력소 | C58: 원주전력소 | D58: 서원주변전소 | E58: 7 | F58: =ISTEXT(L58) -> TRUE | G58: 1000000353 | H58: 원주문막#1 T/L, 원주북원주#2 T/L | I58: =IF(F58=TRUE,"사용","미사용") -> 사용 | J58: 패치 | K58: 광스위치 | L58: 디지탈스카다㈜(남원주-문막) | M58: KEPCO | N58: =IF(F58=TRUE,"X","O") -> X | O58: 5.043 | P58: 1.409 | Q58: 1.602 | R58: 43129
A59: 강원본부 | B59: 원주전력소 | C59: 원주전력소 | D59: 서원주변전소 | E59: 8 | F59: =ISTEXT(L59) -> TRUE | G59: 1000000353 | H59: 원주문막#1 T/L, 원주북원주#2 T/L | I59: =IF(F59=TRUE,"사용","미사용") -> 사용 | J59: 패치 | K59: 광스위치 | L59: 디지탈스카다㈜(서원주-원주) | M59: KEPCO | N59: =IF(F59=TRUE,"X","O") -> X | O59: 5.044 | P59: 1.271 | Q59: 1.311 | R59: 43129
A60: 강원본부 | B60: 원주전력소 | C60: 원주전력소 | D60: 서원주변전소 | E60: 9 | F60: =ISTEXT(L60) -> FALSE | G60: 1000000353 | H60: 원주문막#1 T/L, 원주북원주#2 T/L | I60: =IF(F60=TRUE,"사용","미사용") -> 미사용 | J60: 패치 | M60: KEPCO | N60: =IF(F60=TRUE,"X","O") -> O | AM60: 23.987 | AN60: 10.023 | AO60: 6.568 | AP60: 44972 | AS60: 원주-서원주-문막
A61: 강원본부 | B61: 원주전력소 | C61: 원주전력소 | D61: 서원주변전소 | E61: 10 | F61: =ISTEXT(L61) -> FALSE | G61: 1000000353 | H61: 원주문막#1 T/L, 원주북원주#2 T/L | I61: =IF(F61=TRUE,"사용","미사용") -> 미사용 | J61: 패치 | M61: KEPCO | N61: =IF(F61=TRUE,"X","O") -> O | AM61: 23.987 | AN61: 9.426 | AO61: 6.53 | AP61: 44972 | AS61: 원주-서원주-문막
A62: 강원본부 | B62: 원주전력소 | C62: 원주전력소 | D62: 서원주변전소 | E62: 11 | F62: =ISTEXT(L62) -> FALSE | G62: 1000000353 | H62: 원주문막#1 T/L, 원주북원주#2 T/L | I62: =IF(F62=TRUE,"사용","미사용") -> 미사용 | J62: 패치 | M62: KEPCO | N62: =IF(F62=TRUE,"X","O") -> O | AM62: 23.987 | AN62: 8.901 | AO62: 5.731 | AP62: 44972 | AS62: 원주-서원주-문막
A63: 강원본부 | B63: 원주전력소 | C63: 원주전력소 | D63: 서원주변전소 | E63: 12 | F63: =ISTEXT(L63) -> FALSE | G63: 1000000353 | H63: 원주문막#1 T/L, 원주북원주#2 T/L | I63: =IF(F63=TRUE,"사용","미사용") -> 미사용 | J63: 패치 | M63: KEPCO | N63: =IF(F63=TRUE,"X","O") -> O | AM63: 23.971 | AN63: 9.791 | AO63: 6.875 | AP63: 44972 | AS63: 원주-서원주-문막
A64: 강원본부 | B64: 원주전력소 | C64: 원주전력소 | D64: 서원주변전소 | E64: 13 | F64: =ISTEXT(L64) -> TRUE | G64: 1000000353 | H64: 원주문막#1 T/L, 원주북원주#2 T/L | I64: =IF(F64=TRUE,"사용","미사용") -> 사용 | J64: 패치 | K64: 통합단말 | L64: 원주전력소 GR3링(서원주-원주) OUT | M64: KEPCO | N64: =IF(F64=TRUE,"X","O") -> X
A65: 강원본부 | B65: 원주전력소 | C65: 원주전력소 | D65: 서원주변전소 | E65: 14 | F65: =ISTEXT(L65) -> FALSE | G65: 1000000353 | H65: 원주문막#1 T/L, 원주북원주#2 T/L | I65: =IF(F65=TRUE,"사용","미사용") -> 미사용 | N65: =IF(F65=TRUE,"X","O") -> O | O65: 5.036 | P65: 4.266 | Q65: 7.358 | R65: 43129 | S65: 5.082 | T65: 1.901 | U65: 1.231 | V65: 43700 | W65: 5.245 | X65: 2.032 | Y65: 1.399 | Z65: 43878 | AA65: 5.24 | AB65: 2.035 | AC65: 1.38 | AD65: 43878 | AE65: 5.246 | AF65: 2.035 | AG65: 1.38 | AH65: 44377 | AI65: 5.244 | AJ65: 2.038 | AK65: 1.349 | AL65: 44641 | AM65: 5.249 | AN65: 2.189 | AO65: 1.713 | AP65: 44972
A66: 강원본부 | B66: 원주전력소 | C66: 원주전력소 | D66: 서원주변전소 | E66: 15 | F66: =ISTEXT(L66) -> TRUE | G66: 1000000353 | H66: 원주문막#1 T/L, 원주북원주#2 T/L | I66: =IF(F66=TRUE,"사용","미사용") -> 사용 | J66: 패치 | K66: PTPU | L66: 원주-서원주 PTPU EAST | M66: KEPCO | N66: =IF(F66=TRUE,"X","O") -> X
A67: 강원본부 | B67: 원주전력소 | C67: 원주전력소 | D67: 서원주변전소 | E67: 16 | F67: =ISTEXT(L67) -> TRUE | G67: 1000000353 | H67: 원주문막#1 T/L, 원주북원주#2 T/L | I67: =IF(F67=TRUE,"사용","미사용") -> 사용 | J67: 패치 | K67: PTPU | L67: 원주-서원주 PTPU WEST | M67: KEPCO | N67: =IF(F67=TRUE,"X","O") -> X
A68: 강원본부 | B68: 원주전력소 | C68: 원주전력소 | D68: 서원주변전소 | E68: 17 | F68: =ISTEXT(L68) -> FALSE | G68: 1000000353 | H68: 원주문막#1 T/L, 원주북원주#2 T/L | I68: =IF(F68=TRUE,"사용","미사용") -> 미사용 | J68: 패치 | M68: KEPCO | N68: =IF(F68=TRUE,"X","O") -> O | AM68: 5.25 | AN68: 2.044 | AO68: 1.627 | AP68: 44972
A69: 강원본부 | B69: 원주전력소 | C69: 원주전력소 | D69: 서원주변전소 | E69: 18 | F69: =ISTEXT(L69) -> FALSE | G69: 1000000353 | H69: 원주문막#1 T/L, 원주북원주#2 T/L | I69: =IF(F69=TRUE,"사용","미사용") -> 미사용 | J69: 패치 | M69: KEPCO | N69: =IF(F69=TRUE,"X","O") -> O | AM69: 5.243 | AN69: 2.136 | AO69: 1.687 | AP69: 44972
A70: 강원본부 | B70: 원주전력소 | C70: 원주전력소 | D70: 서원주변전소 | E70: 19 | F70: =ISTEXT(L70) -> TRUE | G70: 1000000353 | H70: 원주문막#1 T/L, 원주북원주#2 T/L | I70: =IF(F70=TRUE,"사용","미사용") -> 사용 | J70: 패치 | K70: 통합단말 | L70: 원주전력소 GR3링(서원주-원주) IN | M70: KEPCO | N70: =IF(F70=TRUE,"X","O") -> X
A71: 강원본부 | B71: 원주전력소 | C71: 원주전력소 | D71: 서원주변전소 | E71: 20 | F71: =ISTEXT(L71) -> FALSE | G71: 1000000353 | H71: 원주문막#1 T/L, 원주북원주#2 T/L | I71: =IF(F71=TRUE,"사용","미사용") -> 미사용 | N71: =IF(F71=TRUE,"X","O") -> O | O71: 5.036 | P71: 2.119 | Q71: 9.062 | R71: 43129 | S71: 5.081 | T71: 1.985 | U71: 1.258 | V71: 43700 | W71: 5.244 | X71: 2.172 | Y71: 1.524 | Z71: 43878 | AA71: 5.244 | AB71: 2.161 | AC71: 1.642 | AD71: 43878 | AE71: 5.246 | AF71: 2.161 | AG71: 1.642 | AH71: 44377 | AI71: 5.243 | AJ71: 2.158 | AK71: 1.577 | AL71: 44641 | AM71: 5.245 | AN71: 2.313 | AO71: 1.852 | AP71: 44972
A72: 강원본부 | B72: 원주전력소 | C72: 원주전력소 | D72: 서원주변전소 | E72: 21 | F72: =ISTEXT(L72) -> TRUE | G72: 1000000353 | H72: 원주문막#1 T/L, 원주북원주#2 T/L | I72: =IF(F72=TRUE,"사용","미사용") -> 사용 | J72: 패치 | K72: 송변전광 | L72: 문막-원주 송변전광 W-OUT | M72: KEPCO | N72: =IF(F72=TRUE,"X","O") -> X | O72: 5.045 | P72: 1.699 | Q72: 8.715 | R72: 43129 | S72: 5.082 | T72: 1.91 | U72: 1.117 | V72: 43700
A73: 강원본부 | B73: 원주전력소 | C73: 원주전력소 | D73: 서원주변전소 | E73: 22 | F73: =ISTEXT(L73) -> TRUE | G73: 1000000353 | H73: 원주문막#1 T/L, 원주북원주#2 T/L | I73: =IF(F73=TRUE,"사용","미사용") -> 사용 | J73: 패치 | K73: 송변전광 | L73: 문막-원주 송변전광 W-IN | M73: KEPCO | N73: =IF(F73=TRUE,"X","O") -> X | O73: 5.04 | P73: 1.659 | Q73: 8.515 | R73: 43129 | S73: 5.084 | T73: 1.665 | U73: 1.13 | V73: 43700
A74: 강원본부 | B74: 원주전력소 | C74: 원주전력소 | D74: 서원주변전소 | E74: 23 | F74: =ISTEXT(L74) -> TRUE | G74: 1000000353 | H74: 원주문막#1 T/L, 원주북원주#2 T/L | I74: =IF(F74=TRUE,"사용","미사용") -> 사용 | J74: 패치 | K74: 송변전광 | L74: 남원주-서원주 송변전광 W-OUT | M74: KEPCO | N74: =IF(F74=TRUE,"X","O") -> X | O74: 5.04 | P74: 1.948 | Q74: 8.587 | R74: 43129 | S74: 23.839 | T74: 9.321 | U74: 6.659 | V74: 43700
A75: 강원본부 | B75: 원주전력소 | C75: 원주전력소 | D75: 서원주변전소 | E75: 24 | F75: =ISTEXT(L75) -> TRUE | G75: 1000000353 | H75: 원주문막#1 T/L, 원주북원주#2 T/L | I75: =IF(F75=TRUE,"사용","미사용") -> 사용 | J75: 패치 | K75: 송변전광 | L75: 남원주-서원주 송변전광 W-IN | M75: KEPCO | N75: =IF(F75=TRUE,"X","O") -> X | O75: 5.042 | P75: 1.807 | Q75: 8.877 | R75: 43129 | S75: 5.011 | T75: 1.661 | U75: 1.244 | V75: 43700
A76: 강원본부 | B76: 원주전력소 | C76: 원주전력소 | D76: 남원주변전소 | E76: 1 | F76: =ISTEXT(L76) -> FALSE | G76: 1000000355 | H76: 남원주원주#2 T/L | I76: =IF(F76=TRUE,"사용","미사용") -> 미사용 | J76: 패치 | M76: KEPCO | N76: =IF(F76=TRUE,"X","O") -> O | AM76: 8.847 | AN76: 2.886 | AO76: 2.385 | AP76: 44972
A77: 강원본부 | B77: 원주전력소 | C77: 원주전력소 | D77: 남원주변전소 | E77: 2 | F77: =ISTEXT(L77) -> FALSE | G77: 1000000355 | H77: 남원주원주#2 T/L | I77: =IF(F77=TRUE,"사용","미사용") -> 미사용 | J77: 패치 | M77: KEPCO | N77: =IF(F77=TRUE,"X","O") -> O | AM77: 8.852 | AN77: 3.441 | AO77: 2.369 | AP77: 44972
A78: 강원본부 | B78: 원주전력소 | C78: 원주전력소 | D78: 남원주변전소 | E78: 3 | F78: =ISTEXT(L78) -> FALSE | G78: 1000000355 | H78: 남원주원주#2 T/L | I78: =IF(F78=TRUE,"사용","미사용") -> 미사용 | J78: 패치 | M78: KEPCO | N78: =IF(F78=TRUE,"X","O") -> O | AM78: 8.847 | AN78: 3.136 | AO78: 1.815 | AP78: 44972
A79: 강원본부 | B79: 원주전력소 | C79: 원주전력소 | D79: 남원주변전소 | E79: 4 | F79: =ISTEXT(L79) -> FALSE | G79: 1000000355 | H79: 남원주원주#2 T/L | I79: =IF(F79=TRUE,"사용","미사용") -> 미사용 | J79: 패치 | M79: KEPCO | N79: =IF(F79=TRUE,"X","O") -> O | AM79: 8.845 | AN79: 2.9 | AO79: 1.817 | AP79: 44972
A80: 강원본부 | B80: 원주전력소 | C80: 원주전력소 | D80: 남원주변전소 | E80: 5 | F80: =ISTEXT(L80) -> TRUE | G80: 1000000355 | H80: 남원주원주#2 T/L | I80: =IF(F80=TRUE,"사용","미사용") -> 사용 | J80: 패치 | K80: 송PTPU | L80: 원주-남원주 송PTPU EAST | M80: KEPCO | N80: =IF(F80=TRUE,"X","O") -> X | O80: 8.96 | P80: 2.96 | Q80: 1.744 | R80: 43243 | S80: 8.636 | T80: 1.766 | U80: 1.766 | V80: 43700 | W80: 8.63 | X80: 2.897 | Y80: 1.761 | Z80: 43878 | AA80: 8.84 | AB80: 2.996 | AC80: 1.846 | AD80: 43878 | AE80: 8.85 | AF80: 2.996 | AG80: 1.846 | AH80: 44355 | AI80: 8.841 | AJ80: 2.988 | AK80: 1.838 | AL80: 44641
A81: 강원본부 | B81: 원주전력소 | C81: 원주전력소 | D81: 남원주변전소 | E81: 6 | F81: =ISTEXT(L81) -> TRUE | G81: 1000000355 | H81: 남원주원주#2 T/L | I81: =IF(F81=TRUE,"사용","미사용") -> 사용 | J81: 패치 | K81: 송PTPU | L81: 원주-남원주 송PTPU WEST | M81: KEPCO | N81: =IF(F81=TRUE,"X","O") -> X | O81: 8.63 | P81: 2.81 | Q81: 1.69 | R81: 43243 | S81: 8.638 | T81: 2.818 | U81: 1.702 | V81: 43700 | W81: 8.63 | X81: 2.818 | Y81: 1.694 | Z81: 43878 | AA81: 8.84 | AB81: 2.877 | AC81: 1.77 | AD81: 43878 | AE81: 8.85 | AF81: 2.877 | AG81: 1.77 | AH81: 44355 | AI81: 8.843 | AJ81: 2.881 | AK81: 1.764 | AL81: 44641
A82: 강원본부 | B82: 원주전력소 | C82: 원주전력소 | D82: 남원주변전소 | E82: 7 | F82: =ISTEXT(L82) -> TRUE | G82: 1000000355 | H82: 남원주원주#2 T/L | I82: =IF(F82=TRUE,"사용","미사용") -> 사용 | J82: 패치 | K82: 통합단말 | L82: 원주전력소 GR3링(원주-동원주) TX | M82: KEPCO | N82: =IF(F82=TRUE,"X","O") -> X
A83: 강원본부 | B83: 원주전력소 | C83: 원주전력소 | D83: 남원주변전소 | E83: 8 | F83: =ISTEXT(L83) -> TRUE | G83: 1000000355 | H83: 남원주원주#2 T/L | I83: =IF(F83=TRUE,"사용","미사용") -> 사용 | J83: 패치 | K83: 통합단말 | L83: 원주전력소 GR3링(원주-동원주) RX | M83: KEPCO | N83: =IF(F83=TRUE,"X","O") -> X
A84: 강원본부 | B84: 원주전력소 | C84: 원주전력소 | D84: 남원주변전소 | E84: 9 | F84: =ISTEXT(L84) -> TRUE | G84: 1000000355 | H84: 남원주원주#2 T/L | I84: =IF(F84=TRUE,"사용","미사용") -> 사용 | J84: 패치 | K84: 통합단말 | L84: 원주전력소 GR3링(남원주-문막) OUT | M84: KEPCO | N84: =IF(F84=TRUE,"X","O") -> X
A85: 강원본부 | B85: 원주전력소 | C85: 원주전력소 | D85: 남원주변전소 | E85: 10 | F85: =ISTEXT(L85) -> TRUE | G85: 1000000355 | H85: 남원주원주#2 T/L | I85: =IF(F85=TRUE,"사용","미사용") -> 사용 | J85: 패치 | K85: 통합단말 | L85: 원주전력소 GR3링(남원주-문막) IN | M85: KEPCO | N85: =IF(F85=TRUE,"X","O") -> X
A86: 강원본부 | B86: 원주전력소 | C86: 원주전력소 | D86: 남원주변전소 | E86: 11 | F86: =ISTEXT(L86) -> TRUE | G86: 1000000355 | H86: 남원주원주#2 T/L | I86: =IF(F86=TRUE,"사용","미사용") -> 사용 | J86: 패치 | K86: KepCIT | L86: 차세대전력통신망 중부2링(원주P/O-신제천S/S) | M86: KEPCO | N86: =IF(F86=TRUE,"X","O") -> X | O86: 8.64 | P86: 2.9 | Q86: 1.698 | R86: 43243 | S86: 8.638 | T86: 2.86 | U86: 1.711 | V86: 43700 | W86: 8.63 | X86: 2.855 | Y86: 1.698 | Z86: 43878 | AA86: 43.92 | AB86: 15.469 | AC86: 10.714 | AD86: 43878 | AE86: 44.8 | AF86: 15.468 | AG86: 10.522 | AH86: 44355
A87: 강원본부 | B87: 원주전력소 | C87: 원주전력소 | D87: 남원주변전소 | E87: 12 | F87: =ISTEXT(L87) -> TRUE | G87: 1000000355 | H87: 남원주원주#2 T/L | I87: =IF(F87=TRUE,"사용","미사용") -> 사용 | J87: 패치 | K87: KepCIT | L87: 차세대전력통신망 중부2링(원주P/O-신제천S/S) | M87: KEPCO | N87: =IF(F87=TRUE,"X","O") -> X | O87: 8.63 | P87: 2.88 | Q87: 1.72 | R87: 43243 | S87: 8.638 | T87: 2.979 | U87: 1.742 | V87: 43700 | W87: 8.63 | X87: 2.96 | Y87: 1.734 | Z87: 43878 | AA87: 44.131 | AB87: 16.111 | AC87: 10.661 | AD87: 43878 | AE87: 44.93 | AF87: 16.111 | AG87: 10.661 | AH87: 44355
A88: 강원본부 | B88: 원주전력소 | C88: 원주전력소 | D88: 남원주변전소 | E88: 13 | F88: =ISTEXT(L88) -> TRUE | G88: 1000000355 | H88: 남원주원주#2 T/L | I88: =IF(F88=TRUE,"사용","미사용") -> 사용 | J88: 패치 | K88: PTPU | L88: 원주-남원주 PTPU E-OUT | M88: KEPCO | N88: =IF(F88=TRUE,"X","O") -> X
A89: 강원본부 | B89: 원주전력소 | C89: 원주전력소 | D89: 남원주변전소 | E89: 14 | F89: =ISTEXT(L89) -> TRUE | G89: 1000000355 | H89: 남원주원주#2 T/L | I89: =IF(F89=TRUE,"사용","미사용") -> 사용 | J89: 패치 | K89: PTPU | L89: 원주-남원주 PTPU E-IN | M89: KEPCO | N89: =IF(F89=TRUE,"X","O") -> X
A90: 강원본부 | B90: 원주전력소 | C90: 원주전력소 | D90: 남원주변전소 | E90: 15 | F90: =ISTEXT(L90) -> TRUE | G90: 1000000355 | H90: 남원주원주#2 T/L | I90: =IF(F90=TRUE,"사용","미사용") -> 사용 | J90: 패치 | K90: PTPU | L90: 원주-남원주 PTPU W-OUT | M90: KEPCO | N90: =IF(F90=TRUE,"X","O") -> X
A91: 강원본부 | B91: 원주전력소 | C91: 원주전력소 | D91: 남원주변전소 | E91: 16 | F91: =ISTEXT(L91) -> TRUE | G91: 1000000355 | H91: 남원주원주#2 T/L | I91: =IF(F91=TRUE,"사용","미사용") -> 사용 | J91: 패치 | K91: PTPU | L91: 원주-남원주 PTPU W-IN | M91: KEPCO | N91: =IF(F91=TRUE,"X","O") -> X
A92: 강원본부 | B92: 원주전력소 | C92: 원주전력소 | D92: 남원주변전소 | E92: 17 | F92: =ISTEXT(L92) -> TRUE | G92: 1000000355 | H92: 남원주원주#2 T/L | I92: =IF(F92=TRUE,"사용","미사용") -> 사용 | J92: 패치 | K92: 광스위치 | L92: 디지탈스카다㈜(홍천-동원주) | M92: KEPCO | N92: =IF(F92=TRUE,"X","O") -> X
A93: 강원본부 | B93: 원주전력소 | C93: 원주전력소 | D93: 남원주변전소 | E93: 18 | F93: =ISTEXT(L93) -> TRUE | G93: 1000000355 | H93: 남원주원주#2 T/L | I93: =IF(F93=TRUE,"사용","미사용") -> 사용 | J93: 패치 | K93: 광스위치 | L93: 디지탈스카다㈜(남원주-문막) | M93: KEPCO | N93: =IF(F93=TRUE,"X","O") -> X
A94: 강원본부 | B94: 원주전력소 | C94: 원주전력소 | D94: 남원주변전소 | E94: 19 | F94: =ISTEXT(L94) -> FALSE | G94: 1000000355 | H94: 남원주원주#2 T/L | I94: =IF(F94=TRUE,"사용","미사용") -> 미사용 | N94: =IF(F94=TRUE,"X","O") -> O | O94: 8.6 | P94: 2.78 | Q94: 1.676 | R94: 43243 | S94: 8.638 | T94: 2.778 | U94: 1.684 | V94: 43700 | W94: 8.63 | X94: 2.776 | Y94: 1.532 | Z94: 43878 | AA94: 8.84 | AB94: 2.862 | AC94: 1.777 | AD94: 43878 | AE94: 8.84 | AF94: 2.862 | AG94: 1.777 | AH94: 44355 | AI94: 8.843 | AJ94: 2.875 | AK94: 1.858 | AL94: 44641 | AM94: 8.845 | AN94: 2.873 | AO94: 1.81 | AP94: 44972
A95: 강원본부 | B95: 원주전력소 | C95: 원주전력소 | D95: 남원주변전소 | E95: 20 | F95: =ISTEXT(L95) -> FALSE | G95: 1000000355 | H95: 남원주원주#2 T/L | I95: =IF(F95=TRUE,"사용","미사용") -> 미사용 | N95: =IF(F95=TRUE,"X","O") -> O | O95: 8.6 | P95: 2.796 | Q95: 1.699 | R95: 43243 | S95: 8.64 | T95: 2.796 | U95: 1.716 | V95: 43700 | W95: 8.644 | X95: 2.797 | Y95: 1.712 | Z95: 43878 | AA95: 8.84 | AB95: 2.863 | AC95: 1.778 | AD95: 43878 | AE95: 8.85 | AF95: 2.863 | AG95: 1.778 | AH95: 44355 | AI95: 8.854 | AJ95: 2.868 | AK95: 1.764 | AL95: 44641 | AM95: 8.852 | AN95: 2.855 | AO95: 1.806 | AP95: 44972
A96: 강원본부 | B96: 원주전력소 | C96: 원주전력소 | D96: 남원주변전소 | E96: 21 | F96: =ISTEXT(L96) -> TRUE | G96: 1000000355 | H96: 남원주원주#2 T/L | I96: =IF(F96=TRUE,"사용","미사용") -> 사용 | J96: 패치 | K96: KepCIT | L96: 차세대전력통신망 강원1링(원주P/O-동해P/O) | M96: KEPCO | N96: =IF(F96=TRUE,"X","O") -> X | O96: 8.6 | P96: 2.855 | Q96: 2.11 | R96: 43243 | S96: 8.64 | T96: 2.847 | U96: 1.747 | V96: 43700 | W96: 8.638 | X96: 2.847 | Y96: 1.75 | Z96: 43878 | AA96: 155.35 | AB96: 41.313 | AC96: 34.7 | AD96: 43878 | AE96: 155.3 | AG96: 34.7 | AH96: 44391
A97: 강원본부 | B97: 원주전력소 | C97: 원주전력소 | D97: 남원주변전소 | E97: 22 | F97: =ISTEXT(L97) -> TRUE | G97: 1000000355 | H97: 남원주원주#2 T/L | I97: =IF(F97=TRUE,"사용","미사용") -> 사용 | J97: 패치 | K97: KepCIT | L97: 차세대전력통신망 강원1링(원주P/O-동해P/O) | M97: KEPCO | N97: =IF(F97=TRUE,"X","O") -> X | O97: 8.6 | P97: 2.896 | Q97: 1.787 | R97: 43243 | S97: 8.638 | T97: 2.887 | U97: 1.795 | V97: 43700 | W97: 8.636 | X97: 2.883 | Y97: 1.782 | Z97: 43878 | AA97: 155.2 | AB97: 38.891 | AC97: 35.203 | AD97: 43878 | AE97: 155.2 | AG97: 35.2 | AH97: 44391
A98: 강원본부 | B98: 원주전력소 | C98: 원주전력소 | D98: 남원주변전소 | E98: 23 | F98: =ISTEXT(L98) -> FALSE | G98: 1000000355 | H98: 남원주원주#2 T/L | I98: =IF(F98=TRUE,"사용","미사용") -> 미사용 | N98: =IF(F98=TRUE,"X","O") -> O | O98: 8.6 | P98: 2.867 | Q98: 1.733 | R98: 43243 | S98: 8.64 | T98: 2.866 | U98: 1.755 | V98: 43700 | W98: 8.638 | X98: 2.858 | Y98: 1.746 | Z98: 43878 | AA98: 8.85 | AB98: 3.113 | AC98: 1.971 | AD98: 43878 | AE98: 8.85 | AF98: 3.113 | AG98: 1.971 | AH98: 44355 | AI98: 8.845 | AJ98: 3.114 | AK98: 1.965 | AL98: 44641 | AM98: 8.847 | AN98: 3.252 | AO98: 1.883 | AP98: 44972
A99: 강원본부 | B99: 원주전력소 | C99: 원주전력소 | D99: 남원주변전소 | E99: 24 | F99: =ISTEXT(L99) -> FALSE | G99: 1000000355 | H99: 남원주원주#2 T/L | I99: =IF(F99=TRUE,"사용","미사용") -> 미사용 | N99: =IF(F99=TRUE,"X","O") -> O | O99: 8.6 | P99: 2.877 | Q99: 1.735 | R99: 43243 | S99: 8.64 | T99: 2.872 | U99: 1.739 | V99: 43700 | W99: 8.638 | X99: 2.869 | Y99: 1.73 | Z99: 43878 | AA99: 8.85 | AB99: 2.941 | AC99: 1.81 | AD99: 43878 | AE99: 8.85 | AF99: 2.941 | AG99: 1.816 | AH99: 44355 | AI99: 8.845 | AJ99: 2.957 | AK99: 1.818 | AL99: 44641 | AM99: 8.847 | AN99: 2.944 | AO99: 2.245 | AP99: 44972
A100: 강원본부 | B100: 원주전력소 | C100: 원주전력소 | D100: 남원주변전소 | E100: 25 | F100: =ISTEXT(L100) -> TRUE | G100: 1000000355 | H100: 남원주원주#2 T/L | I100: =IF(F100=TRUE,"사용","미사용") -> 사용 | J100: 패치 | K100: 송변전광 | L100: 원주-동원주 송변전광 OUT | M100: KEPCO | N100: =IF(F100=TRUE,"X","O") -> X | O100: 8.6 | P100: 2.825 | Q100: 1.658 | R100: 43243 | S100: 8.615 | T100: 2.848 | U100: 1.347 | V100: 43700
...

Sheet 원주SA
A1: ■ 강원본부 OFD 선번장(원주SA) | L1: ※ 코아명칭 부여 PTP : COT측 장비 광출력 기준 링 : 링방향 West 광출력 기준
AS2: =원주!AS2 -> 45601 | AX2: 용도
A3: 본부 | B3: 관리사업소 | C3: 설치장소 | D3: 상대국명 | E3: 코어 선번 | F3: 사용여부판단 | G3: 송전선로 관리번호 | H3: 송전, 배전 선로명 | I3: 사용 여부 | J3: 융착/ 패치 | K3: 용도 | L3: 수용내역 | M3: 사용회사 | N3: 측정가능 여부 | O3: 측정거리 (km) | P3: 측정DATA 1310 (dB) | Q3: 측정DATA 1550 (dB) | R3: 측정일자 | S3: 측정거리 (km) | T3: 측정DATA 1310 (dB) | U3: 측정DATA 1550 (dB) | V3: 측정일자 | W3: 측정거리 (km) | X3: 측정DATA 1310 (dB) | Y3: 측정DATA 1550 (dB) | Z3: 측정일자 | AA3: 측정거리 (km) | AB3: 측정DATA 1310 (dB) | AC3: 측정DATA 1550 (dB) | AD3: 측정일자 | AE3: 측정거리 (km) | AF3: 측정DATA 1310 (dB) | AG3: 측정DATA 1550 (dB) | AH3: 측정일자 | AI3: 측정거리 (km) | AJ3: 측정DATA 1310 (dB) | AK3: 측정DATA 1550 (dB) | AL3: 측정일자 | AM3: 측정거리 (km) | AN3: 측정DATA 1310 (dB) | AO3: 측정DATA 1550 (dB) | AP3: 측정일자 | AQ3: 접속개소 | AR3: 상태 판단 | AS3: 비고 | AX3: 소형광단국
A4: 강원본부 | B4: 원주전력소 | C4: 원주SA | D4: 원주ICT | E4: 1 | F4: =ISTEXT(L4) -> TRUE | G4: ICT실-SA연계 | H4: 비금속자가망 | I4: =IF(F4=TRUE,"사용","미사용") -> 사용 | J4: 패치 | K4: 송변전광 | L4: 확장장치 L1 TX | M4: KEPCO | N4: =IF(F4=TRUE,"X","O") -> X | AX4: 통합단말
A5: 강원본부 | B5: 원주전력소 | C5: 원주SA | D5: 원주ICT | E5: 2 | F5: =ISTEXT(L5) -> TRUE | G5: ICT실-SA연계 | H5: 비금속자가망 | I5: =IF(F5=TRUE,"사용","미사용") -> 사용 | J5: 패치 | K5: 송변전광 | L5: 확장장치 L1 RX | M5: KEPCO | N5: =IF(F5=TRUE,"X","O") -> X | AX5: KepCIT
A6: 강원본부 | B6: 원주전력소 | C6: 원주SA | D6: 원주ICT | E6: 3 | F6: =ISTEXT(L6) -> TRUE | G6: ICT실-SA연계 | H6: 비금속자가망 | I6: =IF(F6=TRUE,"사용","미사용") -> 사용 | J6: 패치 | K6: 송변전광 | L6: 확장장치 L2 TX | M6: KEPCO | N6: =IF(F6=TRUE,"X","O") -> X | AX6: 광스위치
A7: 강원본부 | B7: 원주전력소 | C7: 원주SA | D7: 원주ICT | E7: 4 | F7: =ISTEXT(L7) -> TRUE | G7: ICT실-SA연계 | H7: 비금속자가망 | I7: =IF(F7=TRUE,"사용","미사용") -> 사용 | J7: 패치 | K7: 송변전광 | L7: 확장장치 L2 RX | M7: KEPCO | N7: =IF(F7=TRUE,"X","O") -> X | AX7: 송변전광
A8: 강원본부 | B8: 원주전력소 | C8: 원주SA | D8: 원주ICT | E8: 5 | F8: =ISTEXT(L8) -> TRUE | G8: ICT실-SA연계 | H8: 비금속자가망 | I8: =IF(F8=TRUE,"사용","미사용") -> 사용 | J8: 패치 | K8: PTPU | L8: 원주-원주SA1 EAST OUT | M8: KEPCO | N8: =IF(F8=TRUE,"X","O") -> X | AX8: 임대
A9: 강원본부 | B9: 원주전력소 | C9: 원주SA | D9: 원주ICT | E9: 6 | F9: =ISTEXT(L9) -> TRUE | G9: ICT실-SA연계 | H9: 비금속자가망 | I9: =IF(F9=TRUE,"사용","미사용") -> 사용 | J9: 패치 | K9: PTPU | L9: 원주-원주SA1 EAST IN | M9: KEPCO | N9: =IF(F9=TRUE,"X","O") -> X | AX9: PTPU
A10: 강원본부 | B10: 원주전력소 | C10: 원주SA | D10: 원주ICT | E10: 7 | F10: =ISTEXT(L10) -> TRUE | G10: ICT실-SA연계 | H10: 비금속자가망 | I10: =IF(F10=TRUE,"사용","미사용") -> 사용 | J10: 패치 | K10: PTPU | L10: 원주-원주SA1 WEST OUT | M10: KEPCO | N10: =IF(F10=TRUE,"X","O") -> X | AX10: SCADA
A11: 강원본부 | B11: 원주전력소 | C11: 원주SA | D11: 원주ICT | E11: 8 | F11: =ISTEXT(L11) -> TRUE | G11: ICT실-SA연계 | H11: 비금속자가망 | I11: =IF(F11=TRUE,"사용","미사용") -> 사용 | J11: 패치 | K11: PTPU | L11: 원주-원주SA1 WEST IN | M11: KEPCO | N11: =IF(F11=TRUE,"X","O") -> X | AX11: PITR
A12: 강원본부 | B12: 원주전력소 | C12: 원주SA | D12: 원주ICT | E12: 9 | F12: =ISTEXT(L12) -> TRUE | G12: ICT실-SA연계 | H12: 비금속자가망 | I12: =IF(F12=TRUE,"사용","미사용") -> 사용 | J12: 패치 | K12: PTPU | L12: 원주-원주SA2 EAST OUT | M12: KEPCO | N12: =IF(F12=TRUE,"X","O") -> X | AX12: DAS
A13: 강원본부 | B13: 원주전력소 | C13: 원주SA | D13: 원주ICT | E13: 10 | F13: =ISTEXT(L13) -> TRUE | G13: ICT실-SA연계 | H13: 비금속자가망 | I13: =IF(F13=TRUE,"사용","미사용") -> 사용 | J13: 패치 | K13: PTPU | L13: 원주-원주SA2 EAST IN | M13: KEPCO | N13: =IF(F13=TRUE,"X","O") -> X | AX13: 기타
A14: 강원본부 | B14: 원주전력소 | C14: 원주SA | D14: 원주ICT | E14: 11 | F14: =ISTEXT(L14) -> TRUE | G14: ICT실-SA연계 | H14: 비금속자가망 | I14: =IF(F14=TRUE,"사용","미사용") -> 사용 | J14: 패치 | K14: PTPU | L14: 원주-원주SA2 WEST OUT | M14: KEPCO | N14: =IF(F14=TRUE,"X","O") -> X | AX14: 송PTPU
A15: 강원본부 | B15: 원주전력소 | C15: 원주SA | D15: 원주ICT | E15: 12 | F15: =ISTEXT(L15) -> TRUE | G15: ICT실-SA연계 | H15: 비금속자가망 | I15: =IF(F15=TRUE,"사용","미사용") -> 사용 | J15: 패치 | K15: PTPU | L15: 원주-원주SA2 WEST IN | M15: KEPCO | N15: =IF(F15=TRUE,"X","O") -> X
A16: 강원본부 | B16: 원주전력소 | C16: 원주SA | D16: 원주ICT | E16: 13 | F16: =ISTEXT(L16) -> TRUE | G16: ICT실-SA연계 | H16: 비금속자가망 | I16: =IF(F16=TRUE,"사용","미사용") -> 사용 | J16: 패치 | K16: SCADA | L16: SA 주회선 | M16: KEPCO | N16: =IF(F16=TRUE,"X","O") -> X
A17: 강원본부 | B17: 원주전력소 | C17: 원주SA | D17: 원주ICT | E17: 14 | F17: =ISTEXT(L17) -> TRUE | G17: ICT실-SA연계 | H17: 비금속자가망 | I17: =IF(F17=TRUE,"사용","미사용") -> 사용 | J17: 패치 | K17: SCADA | L17: SA 예비회선 | M17: KEPCO | N17: =IF(F17=TRUE,"X","O") -> X
A18: 강원본부 | B18: 원주전력소 | C18: 원주SA | D18: 원주ICT | E18: 15 | F18: =ISTEXT(L18) -> TRUE | G18: ICT실-SA연계 | H18: 비금속자가망 | I18: =IF(F18=TRUE,"사용","미사용") -> 사용 | J18: 패치 | K18: 기타 | L18: SA OA PC | M18: KEPCO | N18: =IF(F18=TRUE,"X","O") -> X
A19: 강원본부 | B19: 원주전력소 | C19: 원주SA | D19: 원주ICT | E19: 16 | F19: =ISTEXT(L19) -> TRUE | G19: ICT실-SA연계 | H19: 비금속자가망 | I19: =IF(F19=TRUE,"사용","미사용") -> 사용 | J19: 패치 | K19: 기타 | L19: SA IPT | M19: KEPCO | N19: =IF(F19=TRUE,"X","O") -> X
A20: 강원본부 | B20: 원주전력소 | C20: 원주SA | D20: 원주ICT | E20: 17 | F20: =ISTEXT(L20) -> TRUE | G20: ICT실-SA연계 | H20: 비금속자가망 | I20: =IF(F20=TRUE,"사용","미사용") -> 사용 | J20: 패치 | K20: 기타 | L20: SA #5 | M20: KEPCO | N20: =IF(F20=TRUE,"X","O") -> X
A21: 강원본부 | B21: 원주전력소 | C21: 원주SA | D21: 원주ICT | E21: 18 | F21: =ISTEXT(L21) -> TRUE | G21: ICT실-SA연계 | H21: 비금속자가망 | I21: =IF(F21=TRUE,"사용","미사용") -> 사용 | J21: 패치 | K21: 기타 | L21: SA 송변전광 NMS | M21: KEPCO | N21: =IF(F21=TRUE,"X","O") -> X
A22: 강원본부 | B22: 원주전력소 | C22: 원주SA | D22: 원주ICT | E22: 19 | F22: =ISTEXT(L22) -> TRUE | G22: ICT실-SA연계 | H22: 비금속자가망 | I22: =IF(F22=TRUE,"사용","미사용") -> 사용 | J22: 패치 | K22: 기타 | L22: SA 감시정보 | M22: KEPCO | N22: =IF(F22=TRUE,"X","O") -> X
A23: 강원본부 | B23: 원주전력소 | C23: 원주SA | D23: 원주ICT | E23: 20 | F23: =ISTEXT(L23) -> TRUE | G23: ICT실-SA연계 | H23: 비금속자가망 | I23: =IF(F23=TRUE,"사용","미사용") -> 사용 | J23: 패치 | K23: 기타 | L23: SA #8 | M23: KEPCO | N23: =IF(F23=TRUE,"X","O") -> X
A24: 강원본부 | B24: 원주전력소 | C24: 원주SA | D24: 원주ICT | E24: 21 | F24: =ISTEXT(L24) -> FALSE | G24: ICT실-SA연계 | H24: 비금속자가망 | I24: =IF(F24=TRUE,"사용","미사용") -> 미사용 | J24: 패치 | M24: KEPCO | N24: =IF(F24=TRUE,"X","O") -> O | W24: 0.201 | Y24: 0.52 | Z24: 43901 | AM24: 0.21 | AN24: 0.255 | AO24: 0.018 | AP24: 44973 | AS24: 2020.07.06
A25: 강원본부 | B25: 원주전력소 | C25: 원주SA | D25: 원주ICT | E25: 22 | F25: =ISTEXT(L25) -> FALSE | G25: ICT실-SA연계 | H25: 비금속자가망 | I25: =IF(F25=TRUE,"사용","미사용") -> 미사용 | J25: 패치 | M25: KEPCO | N25: =IF(F25=TRUE,"X","O") -> O | W25: 0.201 | X25: 0.173 | Y25: 0.14 | Z25: 43901 | AM25: 0.21 | AN25: 0.209 | AO25: 0.221 | AP25: 44973 | AS25: 2020.07.06
A26: 강원본부 | B26: 원주전력소 | C26: 원주SA | D26: 원주ICT | E26: 23 | F26: =ISTEXT(L26) -> FALSE | G26: ICT실-SA연계 | H26: 비금속자가망 | I26: =IF(F26=TRUE,"사용","미사용") -> 미사용 | J26: 패치 | M26: KEPCO | N26: =IF(F26=TRUE,"X","O") -> O | W26: 0.203 | X26: 0.261 | Y26: 0.058 | Z26: 43901 | AM26: 0.21 | AN26: 0.216 | AO26: 0.068 | AP26: 44973 | AS26: 2020.07.06
A27: 강원본부 | B27: 원주전력소 | C27: 원주SA | D27: 원주ICT | E27: 24 | F27: =ISTEXT(L27) -> FALSE | G27: ICT실-SA연계 | H27: 비금속자가망 | I27: =IF(F27=TRUE,"사용","미사용") -> 미사용 | J27: 패치 | M27: KEPCO | N27: =IF(F27=TRUE,"X","O") -> O | W27: 0.199 | X27: 0.151 | Y27: 0.161 | Z27: 43901 | AM27: 0.21 | AN27: 0.181 | AO27: 0.204 | AP27: 44973 | AS27: 2020.07.06
A28: 강원본부 | B28: 원주전력소 | C28: 원주SA | D28: 원주ICT | E28: 25 | F28: =ISTEXT(L28) -> TRUE | G28: ICT실-SA연계 | H28: 비금속자가망 | I28: =IF(F28=TRUE,"사용","미사용") -> 사용 | J28: 패치 | K28: 기타 | L28: 배전전력구 비상통신망 | M28: KEPCO | N28: =IF(F28=TRUE,"X","O") -> X | W28: 0.203 | X28: 0.136 | Y28: 0.027 | Z28: 43901 | AA28: 0.199 | AB28: 0.194 | AC28: 0.368 | AE28: 0.199 | AF28: 0.194 | AG28: 0.368 | AH28: 44377
A29: 강원본부 | B29: 원주전력소 | C29: 원주SA | D29: 원주ICT | E29: 26 | F29: =ISTEXT(L29) -> TRUE | G29: ICT실-SA연계 | H29: 비금속자가망 | I29: =IF(F29=TRUE,"사용","미사용") -> 사용 | J29: 패치 | K29: 기타 | L29: 송전전력구 비상통신망 | M29: KEPCO | N29: =IF(F29=TRUE,"X","O") -> X | W29: 0.202 | X29: 0.089 | Y29: 0.121 | Z29: 43901 | AA29: 0.199 | AB29: 0.151 | AC29: 0.208 | AE29: 0.199 | AF29: 0.151 | AG29: 0.208 | AH29: 44377
A30: 강원본부 | B30: 원주전력소 | C30: 원주SA | D30: 원주ICT | E30: 27 | F30: =ISTEXT(L30) -> FALSE | G30: ICT실-SA연계 | H30: 비금속자가망 | I30: =IF(F30=TRUE,"사용","미사용") -> 미사용 | N30: =IF(F30=TRUE,"X","O") -> O | W30: 0.192 | X30: 0.149 | Y30: 0.019 | Z30: 43901 | AA30: 0.199 | AB30: 0.16 | AC30: 0.088 | AE30: 0.18 | AF30: 0.16 | AG30: 0.16 | AH30: 44377 | AI30: 0.195 | AJ30: 0.217 | AK30: 0.003 | AL30: 44641 | AM30: 0.2 | AN30: 0.206 | AO30: -0.034 | AP30: 44973
A31: 강원본부 | B31: 원주전력소 | C31: 원주SA | D31: 원주ICT | E31: 28 | F31: =ISTEXT(L31) -> FALSE | G31: ICT실-SA연계 | H31: 비금속자가망 | I31: =IF(F31=TRUE,"사용","미사용") -> 미사용 | N31: =IF(F31=TRUE,"X","O") -> O | W31: 0.204 | X31: 0.559 | Y31: 0.129 | Z31: 43901 | AA31: 0.199 | AB31: 0.532 | AC31: 0.083 | AE31: 0.183 | AF31: 0.532 | AG31: 0.083 | AH31: 44377 | AI31: 0.201 | AJ31: 0.493 | AK31: 0.308 | AL31: 44642 | AM31: 0.199 | AN31: 0.172 | AO31: 0.15 | AP31: 44973
A32: 강원본부 | B32: 원주전력소 | C32: 원주SA | D32: 원주ICT | E32: 29 | F32: =ISTEXT(L32) -> FALSE | G32: ICT실-SA연계 | H32: 비금속자가망 | I32: =IF(F32=TRUE,"사용","미사용") -> 미사용 | N32: =IF(F32=TRUE,"X","O") -> O | W32: 0.199 | X32: 0.2 | Y32: 0.095 | Z32: 43901 | AA32: 0.199 | AB32: 0.579 | AC32: 0.528 | AE32: 0.206 | AF32: 0.579 | AG32: 0.528 | AH32: 44377 | AI32: 0.2 | AJ32: 0.163 | AK32: 0.051 | AL32: 44643 | AM32: 0.2 | AN32: 0.082 | AO32: -0.047 | AP32: 44973
A33: 강원본부 | B33: 원주전력소 | C33: 원주SA | D33: 원주ICT | E33: 30 | F33: =ISTEXT(L33) -> FALSE | G33: ICT실-SA연계 | H33: 비금속자가망 | I33: =IF(F33=TRUE,"사용","미사용") -> 미사용 | N33: =IF(F33=TRUE,"X","O") -> O | W33: 0.204 | X33: 0.458 | Y33: 0.151 | Z33: 43901 | AA33: 0.199 | AB33: 0.297 | AC33: 0.24 | AE33: 0.179 | AF33: 0.297 | AG33: 0.24 | AH33: 44377 | AI33: 0.193 | AJ33: 0.055 | AK33: 0.356 | AL33: 44644 | AM33: 0.2 | AN33: 0.093 | AO33: 0.175 | AP33: 44973
A34: 강원본부 | B34: 원주전력소 | C34: 원주SA | D34: 원주ICT | E34: 31 | F34: =ISTEXT(L34) -> FALSE | G34: ICT실-SA연계 | H34: 비금속자가망 | I34: =IF(F34=TRUE,"사용","미사용") -> 미사용 | N34: =IF(F34=TRUE,"X","O") -> O | W34: 0.204 | X34: 0.501 | Y34: 0.154 | Z34: 43901 | AA34: 0.199 | AB34: 0.278 | AC34: 0.178 | AE34: 0.179 | AF34: 0.278 | AG34: 0.178 | AH34: 44377 | AI34: 0.198 | AJ34: 0.183 | AK34: 0.151 | AL34: 44645 | AM34: 0.2 | AN34: 0.134 | AO34: 0.003 | AP34: 44973
A35: 강원본부 | B35: 원주전력소 | C35: 원주SA | D35: 원주ICT | E35: 32 | F35: =ISTEXT(L35) -> FALSE | G35: ICT실-SA연계 | H35: 비금속자가망 | I35: =IF(F35=TRUE,"사용","미사용") -> 미사용 | N35: =IF(F35=TRUE,"X","O") -> O | W35: 0.201 | X35: 0.227 | Y35: 0.13 | Z35: 43901 | AA35: 0.199 | AB35: 0.277 | AC35: 0.261 | AE35: 0.2 | AF35: 0 | AG35: 0.261 | AH35: 44377 | AI35: 0.197 | AJ35: 0.288 | AK35: 0.319 | AL35: 44646 | AM35: 0.2 | AN35: 0.168 | AO35: 0.029 | AP35: 44973
A36: 강원본부 | B36: 원주전력소 | C36: 원주SA | D36: 원주ICT | E36: 33 | F36: =ISTEXT(L36) -> FALSE | G36: ICT실-SA연계 | H36: 비금속자가망 | I36: =IF(F36=TRUE,"사용","미사용") -> 미사용 | N36: =IF(F36=TRUE,"X","O") -> O | W36: 0.201 | X36: 0.022 | Y36: 0.3 | Z36: 43901 | AA36: 0.199 | AB36: 0.166 | AC36: 0.73 | AE36: 0.2 | AF36: 0.166 | AG36: 0.73 | AH36: 44377 | AI36: 0.196 | AJ36: 0.632 | AK36: 1.068 | AL36: 44647 | AM36: 0.2 | AN36: 0.092 | AO36: 0.131 | AP36: 44973
A37: 강원본부 | B37: 원주전력소 | C37: 원주SA | D37: 원주ICT | E37: 34 | F37: =ISTEXT(L37) -> FALSE | G37: ICT실-SA연계 | H37: 비금속자가망 | I37: =IF(F37=TRUE,"사용","미사용") -> 미사용 | N37: =IF(F37=TRUE,"X","O") -> O | W37: 0.201 | X37: 0.041 | Y37: 0.026 | Z37: 43901 | AA37: 0.199 | AB37: 0.227 | AC37: 0.153 | AE37: 0.199 | AF37: 0.227 | AG37: 0.153 | AH37: 44377 | AI37: 0.198 | AJ37: 0.3 | AK37: 0.143 | AL37: 44648 | AM37: 0.2 | AN37: 0.13 | AO37: -0.148 | AP37: 44973
A38: 강원본부 | B38: 원주전력소 | C38: 원주SA | D38: 원주ICT | E38: 35 | F38: =ISTEXT(L38) -> FALSE | G38: ICT실-SA연계 | H38: 비금속자가망 | I38: =IF(F38=TRUE,"사용","미사용") -> 미사용 | N38: =IF(F38=TRUE,"X","O") -> O | W38: 0.196 | X38: 0.021 | Y38: 0.122 | Z38: 43901 | AA38: 0.199 | AB38: 0.256 | AC38: 0.394 | AE38: 0.181 | AF38: 0.26 | AG38: 0.394 | AH38: 44377 | AI38: 0.203 | AJ38: 0.454 | AK38: 0.338 | AL38: 44649 | AM38: 0.2 | AN38: 0 | AO38: 0.138 | AP38: 44973
A39: 강원본부 | B39: 원주전력소 | C39: 원주SA | D39: 원주ICT | E39: 36 | F39: =ISTEXT(L39) -> FALSE | G39: ICT실-SA연계 | H39: 비금속자가망 | I39: =IF(F39=TRUE,"사용","미사용") -> 미사용 | N39: =IF(F39=TRUE,"X","O") -> O | W39: 0.2 | X39: 0.15 | Y39: 0.211 | Z39: 43901 | AA39: 0.199 | AB39: 0.055 | AC39: 0.183 | AE39: 0.2 | AF39: 0.055 | AG39: 0.183 | AH39: 44377 | AI39: 0.198 | AJ39: 0.228 | AK39: 0.03 | AL39: 44650 | AM39: 0.2 | AN39: 0.15 | AO39: 0.373 | AP39: 44973
A40: 강원본부 | B40: 원주전력소 | C40: 원주SA | D40: 원주ICT | E40: 37 | F40: =ISTEXT(L40) -> FALSE | G40: ICT실-SA연계 | H40: 비금속자가망 | I40: =IF(F40=TRUE,"사용","미사용") -> 미사용 | N40: =IF(F40=TRUE,"X","O") -> O | W40: 0.202 | X40: 0.195 | Y40: 0.172 | Z40: 43901 | AA40: 0.199 | AB40: 0.494 | AC40: 0.099 | AE40: 0.205 | AF40: 0.494 | AG40: 0.099 | AH40: 44377 | AI40: 0.196 | AJ40: 0.233 | AK40: 0.233 | AL40: 44651 | AM40: 0.201 | AN40: 0.096 | AO40: 0.107 | AP40: 44973
A41: 강원본부 | B41: 원주전력소 | C41: 원주SA | D41: 원주ICT | E41: 38 | F41: =ISTEXT(L41) -> FALSE | G41: ICT실-SA연계 | H41: 비금속자가망 | I41: =IF(F41=TRUE,"사용","미사용") -> 미사용 | N41: =IF(F41=TRUE,"X","O") -> O | W41: 0.201 | X41: 0.083 | Y41: 0.469 | Z41: 43901 | AA41: 0.199 | AB41: 0.061 | AC41: 0.257 | AE41: 0.211 | AF41: 0.061 | AG41: 0.257 | AH41: 44377 | AI41: 0.198 | AJ41: 0.223 | AK41: 0.142 | AL41: 44652 | AM41: 0.2 | AN41: 0.205 | AO41: 0.061 | AP41: 44973
... A51: 강원본부 | B51: 원주전력소 | C51: 원주SA | D51: 원주ICT | E51: 48 | F51: =ISTEXT(L51) -> FALSE | G51: ICT실-SA연계 | H51: 비금속자가망 | I51: =IF(F51=TRUE,"사용","미사용") -> 미사용 | N51: =IF(F51=TRUE,"X","O") -> O | W51: 0.197 | X51: 0.213 | Y51: 0.251 | Z51: 43901 | AA51: 0.199 | AB51: 0.247 | AC51: 0.546 | AE51: 0.166 | AF51: 0.247 | AG51: 0.546 | AH51: 44377 | AI51: 0.203 | AJ51: 0.564 | AK51: 0.319 | AL51: 44662 | AM51: 0.201 | AN51: 0.13 | AO51: 0.402 | AP51: 44973
A52: 강원본부 | B52: 원주전력소 | C52: 원주SA | D52: 원주ICT | E52: 1 | F52: =ISTEXT(L52) -> FALSE | G52: 멀티 | H52: 비금속자가망 | I52: =IF(F52=TRUE,"사용","미사용") -> 미사용 | N52: =IF(F52=TRUE,"X","O") -> O | AS52: 멀티
A53: 강원본부 | B53: 원주전력소 | C53: 원주SA | D53: 원주ICT | E53: 2 | F53: =ISTEXT(L53) -> FALSE | G53: 멀티 | H53: 비금속자가망 | I53: =IF(F53=TRUE,"사용","미사용") -> 미사용 | N53: =IF(F53=TRUE,"X","O") -> O | AS53: 멀티
A54: 강원본부 | B54: 원주전력소 | C54: 원주SA | D54: 원주ICT | E54: 3 | F54: =ISTEXT(L54) -> FALSE | G54: 멀티 | H54: 비금속자가망 | I54: =IF(F54=TRUE,"사용","미사용") -> 미사용 | N54: =IF(F54=TRUE,"X","O") -> O | AS54: 멀티
A55: 강원본부 | B55: 원주전력소 | C55: 원주SA | D55: 원주ICT | E55: 4 | F55: =ISTEXT(L55) -> FALSE | G55: 멀티 | H55: 비금속자가망 | I55: =IF(F55=TRUE,"사용","미사용") -> 미사용 | N55: =IF(F55=TRUE,"X","O") -> O | AS55: 멀티
A56: 강원본부 | B56: 원주전력소 | C56: 원주SA | D56: 원주ICT | E56: 5 | F56: =ISTEXT(L56) -> FALSE | G56: 멀티 | H56: 비금속자가망 | I56: =IF(F56=TRUE,"사용","미사용") -> 미사용 | N56: =IF(F56=TRUE,"X","O") -> O | AS56: 멀티
A57: 강원본부 | B57: 원주전력소 | C57: 원주SA | D57: 원주ICT | E57: 6 | F57: =ISTEXT(L57) -> FALSE | G57: 멀티 | H57: 비금속자가망 | I57: =IF(F57=TRUE,"사용","미사용") -> 미사용 | N57: =IF(F57=TRUE,"X","O") -> O | AS57: 멀티
A58: 강원본부 | B58: 원주전력소 | C58: 원주SA | D58: 원주ICT | E58: 7 | F58: =ISTEXT(L58) -> FALSE | G58: 멀티 | H58: 비금속자가망 | I58: =IF(F58=TRUE,"사용","미사용") -> 미사용 | N58: =IF(F58=TRUE,"X","O") -> O | AS58: 멀티
A59: 강원본부 | B59: 원주전력소 | C59: 원주SA | D59: 원주ICT | E59: 8 | F59: =ISTEXT(L59) -> FALSE | G59: 멀티 | H59: 비금속자가망 | I59: =IF(F59=TRUE,"사용","미사용") -> 미사용 | N59: =IF(F59=TRUE,"X","O") -> O | AS59: 멀티
A60: 강원본부 | B60: 원주전력소 | C60: 원주SA | D60: 원주ICT | E60: 9 | F60: =ISTEXT(L60) -> FALSE | G60: 멀티 | H60: 비금속자가망 | I60: =IF(F60=TRUE,"사용","미사용") -> 미사용 | N60: =IF(F60=TRUE,"X","O") -> O | AS60: 멀티
A61: 강원본부 | B61: 원주전력소 | C61: 원주SA | D61: 원주ICT | E61: 10 | F61: =ISTEXT(L61) -> FALSE | G61: 멀티 | H61: 비금속자가망 | I61: =IF(F61=TRUE,"사용","미사용") -> 미사용 | N61: =IF(F61=TRUE,"X","O") -> O | AS61: 멀티
A62: 강원본부 | B62: 원주전력소 | C62: 원주SA | D62: 원주ICT | E62: 11 | F62: =ISTEXT(L62) -> FALSE | G62: 멀티 | H62: 비금속자가망 | I62: =IF(F62=TRUE,"사용","미사용") -> 미사용 | N62: =IF(F62=TRUE,"X","O") -> O | AS62: 멀티
A63: 강원본부 | B63: 원주전력소 | C63: 원주SA | D63: 원주ICT | E63: 12 | F63: =ISTEXT(L63) -> FALSE | G63: 멀티 | H63: 비금속자가망 | I63: =IF(F63=TRUE,"사용","미사용") -> 미사용 | N63: =IF(F63=TRUE,"X","O") -> O | AS63: 멀티
... A75: 강원본부 | B75: 원주전력소 | C75: 원주SA | D75: 원주ICT | E75: 24 | F75: =ISTEXT(L75) -> FALSE | G75: 멀티 | H75: 비금속자가망 | I75: =IF(F75=TRUE,"사용","미사용") -> 미사용 | N75: =IF(F75=TRUE,"X","O") -> O | AS75: 멀티
A76: 강원본부 | B76: 원주전력소 | C76: 원주SA | D76: 원주ICT | E76: 1 | F76: =ISTEXT(L76) -> FALSE | G76: 배전지능화 | H76: 비금속자가망 | I76: =IF(F76=TRUE,"사용","미사용") -> 미사용 | N76: =IF(F76=TRUE,"X","O") -> O | AI76: 0.182 | AJ76: 0.175 | AK76: 0.191 | AL76: 44621 | AM76: 0.187 | AN76: 0.055 | AO76: 0.092 | AP76: 44973 | AS76: 배전지능화
A77: 강원본부 | B77: 원주전력소 | C77: 원주SA | D77: 원주ICT | E77: 2 | F77: =ISTEXT(L77) -> FALSE | G77: 배전지능화 | H77: 비금속자가망 | I77: =IF(F77=TRUE,"사용","미사용") -> 미사용 | N77: =IF(F77=TRUE,"X","O") -> O | AI77: 0.19 | AJ77: 0.55 | AK77: 0.037 | AL77: 44621 | AM77: 0.188 | AN77: 0.137 | AO77: 0.069 | AP77: 44973
A78: 강원본부 | B78: 원주전력소 | C78: 원주SA | D78: 원주ICT | E78: 3 | F78: =ISTEXT(L78) -> FALSE | G78: 배전지능화 | H78: 비금속자가망 | I78: =IF(F78=TRUE,"사용","미사용") -> 미사용 | N78: =IF(F78=TRUE,"X","O") -> O | AI78: 0.191 | AJ78: 0.618 | AK78: 0.058 | AL78: 44621 | AM78: 0.188 | AN78: 0.203 | AO78: 0.136 | AP78: 44973
A79: 강원본부 | B79: 원주전력소 | C79: 원주SA | D79: 원주ICT | E79: 4 | F79: =ISTEXT(L79) -> FALSE | G79: 배전지능화 | H79: 비금속자가망 | I79: =IF(F79=TRUE,"사용","미사용") -> 미사용 | N79: =IF(F79=TRUE,"X","O") -> O | AI79: 0.182 | AJ79: 0.186 | AK79: 0.082 | AL79: 44621 | AM79: 0.188 | AN79: -0.029 | AO79: 0.008 | AP79: 44973
A80: 강원본부 | B80: 원주전력소 | C80: 원주SA | D80: 원주ICT | E80: 5 | F80: =ISTEXT(L80) -> FALSE | G80: 배전지능화 | H80: 비금속자가망 | I80: =IF(F80=TRUE,"사용","미사용") -> 미사용 | N80: =IF(F80=TRUE,"X","O") -> O | AI80: 0.171 | AJ80: 0.339 | AK80: 0.611 | AL80: 44621 | AM80: 0.188 | AN80: 0.048 | AO80: 0.339 | AP80: 44973
A81: 강원본부 | B81: 원주전력소 | C81: 원주SA | D81: 원주ICT | E81: 6 | F81: =ISTEXT(L81) -> FALSE | G81: 배전지능화 | H81: 비금속자가망 | I81: =IF(F81=TRUE,"사용","미사용") -> 미사용 | N81: =IF(F81=TRUE,"X","O") -> O | AI81: 1.93 | AJ81: 0.675 | AK81: 0.351 | AL81: 44621 | AM81: 0.188 | AN81: 0.177 | AO81: 0.234 | AP81: 44973
A82: 강원본부 | B82: 원주전력소 | C82: 원주SA | D82: 원주ICT | E82: 7 | F82: =ISTEXT(L82) -> FALSE | G82: 배전지능화 | H82: 비금속자가망 | I82: =IF(F82=TRUE,"사용","미사용") -> 미사용 | N82: =IF(F82=TRUE,"X","O") -> O | AI82: E | AJ82: E | AK82: E | AL82: 44621 | AM82: 0.187 | AN82: 0.161 | AO82: 0.082 | AP82: 44973
A83: 강원본부 | B83: 원주전력소 | C83: 원주SA | D83: 원주ICT | E83: 8 | F83: =ISTEXT(L83) -> FALSE | G83: 배전지능화 | H83: 비금속자가망 | I83: =IF(F83=TRUE,"사용","미사용") -> 미사용 | N83: =IF(F83=TRUE,"X","O") -> O | AI83: 0.187 | AJ83: 0.234 | AK83: 0.235 | AL83: 44621 | AM83: 0.189 | AN83: 0.085 | AO83: 0.301 | AP83: 44973
A84: 강원본부 | B84: 원주전력소 | C84: 원주SA | D84: 원주ICT | E84: 9 | F84: =ISTEXT(L84) -> FALSE | G84: 배전지능화 | H84: 비금속자가망 | I84: =IF(F84=TRUE,"사용","미사용") -> 미사용 | N84: =IF(F84=TRUE,"X","O") -> O | AI84: 0.191 | AJ84: 0.585 | AK84: 0.084 | AL84: 44621 | AM84: 0.188 | AN84: 0.128 | AO84: 0.628 | AP84: 44973
A85: 강원본부 | B85: 원주전력소 | C85: 원주SA | D85: 원주ICT | E85: 10 | F85: =ISTEXT(L85) -> FALSE | G85: 배전지능화 | H85: 비금속자가망 | I85: =IF(F85=TRUE,"사용","미사용") -> 미사용 | N85: =IF(F85=TRUE,"X","O") -> O | AI85: 0.185 | AJ85: 0.176 | AK85: 0.356 | AL85: 44621 | AM85: 0.188 | AN85: 0.105 | AO85: 0.008 | AP85: 44973
A86: 강원본부 | B86: 원주전력소 | C86: 원주SA | D86: 원주ICT | E86: 11 | F86: =ISTEXT(L86) -> FALSE | G86: 배전지능화 | H86: 비금속자가망 | I86: =IF(F86=TRUE,"사용","미사용") -> 미사용 | N86: =IF(F86=TRUE,"X","O") -> O | AI86: 0.191 | AJ86: 0.646 | AK86: 0.264 | AL86: 44621 | AM86: 0.188 | AN86: 0.13 | AO86: 0.151 | AP86: 44973
A87: 강원본부 | B87: 원주전력소 | C87: 원주SA | D87: 원주ICT | E87: 12 | F87: =ISTEXT(L87) -> FALSE | G87: 배전지능화 | H87: 비금속자가망 | I87: =IF(F87=TRUE,"사용","미사용") -> 미사용 | N87: =IF(F87=TRUE,"X","O") -> O | AI87: 0.19 | AJ87: 0.669 | AK87: 0.324 | AL87: 44621 | AM87: 0.183 | AN87: 0.235 | AO87: 0.035 | AP87: 44973
A88: 강원본부 | B88: 원주전력소 | C88: 원주SA | D88: 원주ICT | E88: 13 | F88: =ISTEXT(L88) -> FALSE | G88: 배전지능화 | H88: 비금속자가망 | I88: =IF(F88=TRUE,"사용","미사용") -> 미사용 | N88: =IF(F88=TRUE,"X","O") -> O | AI88: 0.187 | AJ88: 0.199 | AK88: 0.033 | AL88: 44621 | AM88: 0.188 | AN88: 0.123 | AO88: 0.358 | AP88: 44973
A89: 강원본부 | B89: 원주전력소 | C89: 원주SA | D89: 원주ICT | E89: 14 | F89: =ISTEXT(L89) -> FALSE | G89: 배전지능화 | H89: 비금속자가망 | I89: =IF(F89=TRUE,"사용","미사용") -> 미사용 | N89: =IF(F89=TRUE,"X","O") -> O | AI89: 0.186 | AJ89: 0.154 | AK89: 0.073 | AL89: 44621 | AM89: 0.188 | AN89: 0.122 | AO89: 0.221 | AP89: 44973
A90: 강원본부 | B90: 원주전력소 | C90: 원주SA | D90: 원주ICT | E90: 15 | F90: =ISTEXT(L90) -> FALSE | G90: 배전지능화 | H90: 비금속자가망 | I90: =IF(F90=TRUE,"사용","미사용") -> 미사용 | N90: =IF(F90=TRUE,"X","O") -> O | AI90: 0.186 | AJ90: 0.203 | AK90: 0.021 | AL90: 44621 | AM90: 0.188 | AN90: 0.214 | AO90: 0.131 | AP90: 44973
A91: 강원본부 | B91: 원주전력소 | C91: 원주SA | D91: 원주ICT | E91: 16 | F91: =ISTEXT(L91) -> FALSE | G91: 배전지능화 | H91: 비금속자가망 | I91: =IF(F91=TRUE,"사용","미사용") -> 미사용 | N91: =IF(F91=TRUE,"X","O") -> O | AI91: 0.187 | AJ91: 0.241 | AK91: 0.143 | AL91: 44621 | AM91: 0.188 | AN91: 0.209 | AO91: -0.256 | AP91: 44973
A92: 강원본부 | B92: 원주전력소 | C92: 원주SA | D92: 원주ICT | E92: 17 | F92: =ISTEXT(L92) -> FALSE | G92: 배전지능화 | H92: 비금속자가망 | I92: =IF(F92=TRUE,"사용","미사용") -> 미사용 | N92: =IF(F92=TRUE,"X","O") -> O | AI92: 0.187 | AJ92: 0.25 | AK92: 0.34 | AL92: 44621 | AM92: 0.191 | AN92: 0.388 | AO92: -0.087 | AP92: 44973
A93: 강원본부 | B93: 원주전력소 | C93: 원주SA | D93: 원주ICT | E93: 18 | F93: =ISTEXT(L93) -> FALSE | G93: 배전지능화 | H93: 비금속자가망 | I93: =IF(F93=TRUE,"사용","미사용") -> 미사용 | N93: =IF(F93=TRUE,"X","O") -> O | AI93: 0.187 | AJ93: 0.171 | AK93: 0.342 | AL93: 44621 | AM93: 0.188 | AN93: 0.039 | AO93: 0.134 | AP93: 44973
A94: 강원본부 | B94: 원주전력소 | C94: 원주SA | D94: 원주ICT | E94: 19 | F94: =ISTEXT(L94) -> TRUE | G94: 배전지능화 | H94: 비금속자가망 | I94: =IF(F94=TRUE,"사용","미사용") -> 사용 | J94: 패치 | K94: DAS | L94: 원주 47링 | M94: KEPCO | N94: =IF(F94=TRUE,"X","O") -> X
A95: 강원본부 | B95: 원주전력소 | C95: 원주SA | D95: 원주ICT | E95: 20 | F95: =ISTEXT(L95) -> TRUE | G95: 배전지능화 | H95: 비금속자가망 | I95: =IF(F95=TRUE,"사용","미사용") -> 사용 | J95: 패치 | K95: DAS | L95: 서원주 27링 | M95: KEPCO | N95: =IF(F95=TRUE,"X","O") -> X
A96: 강원본부 | B96: 원주전력소 | C96: 원주SA | D96: 원주ICT | E96: 21 | F96: =ISTEXT(L96) -> TRUE | G96: 배전지능화 | H96: 비금속자가망 | I96: =IF(F96=TRUE,"사용","미사용") -> 사용 | J96: 패치 | K96: DAS | L96: 서원주 28링 | M96: KEPCO | N96: =IF(F96=TRUE,"X","O") -> X
A97: 강원본부 | B97: 원주전력소 | C97: 원주SA | D97: 원주ICT | E97: 22 | F97: =ISTEXT(L97) -> TRUE | G97: 배전지능화 | H97: 비금속자가망 | I97: =IF(F97=TRUE,"사용","미사용") -> 사용 | J97: 패치 | K97: DAS | L97: 서원주 29링 | M97: KEPCO | N97: =IF(F97=TRUE,"X","O") -> X
A98: 강원본부 | B98: 원주전력소 | C98: 원주SA | D98: 원주ICT | E98: 23 | F98: =ISTEXT(L98) -> TRUE | G98: 배전지능화 | H98: 비금속자가망 | I98: =IF(F98=TRUE,"사용","미사용") -> 사용 | J98: 패치 | K98: DAS | L98: 서원주 30링 | M98: KEPCO | N98: =IF(F98=TRUE,"X","O") -> X
A99: 강원본부 | B99: 원주전력소 | C99: 원주SA | D99: 원주ICT | E99: 24 | F99: =ISTEXT(L99) -> TRUE | G99: 배전지능화 | H99: 비금속자가망 | I99: =IF(F99=TRUE,"사용","미사용") -> 사용 | J99: 패치 | K99: DAS | L99: 원주 82링 | M99: KEPCO | N99: =IF(F99=TRUE,"X","O") -> X
A100: 강원본부 | B100: 원주전력소 | C100: 원주SA | D100: 서원주변전소 | E100: 1 | F100: =ISTEXT(L100) -> TRUE | G100: 배전지능화 | H100: 비금속광케이블 | I100: =IF(F100=TRUE,"사용","미사용") -> 사용 | J100: 패치 | K100: DAS | L100: DAS 원주82링 | M100: KEPCO | N100: =IF(F100=TRUE,"X","O") -> X | AS100: 21.06시설
A101: 강원본부 | B101: 원주전력소 | C101: 원주SA | D101: 서원주변전소 | E101: 2 | F101: =ISTEXT(L101) -> TRUE | G101: 배전지능화 | H101: 비금속광케이블 | I101: =IF(F101=TRUE,"사용","미사용") -> 사용 | J101: 패치 | K101: DAS | L101: DAS 원주47링 | M101: KEPCO | N101: =IF(F101=TRUE,"X","O") -> X
A102: 강원본부 | B102: 원주전력소 | C102: 원주SA | D102: 서원주변전소 | E102: 3 | F102: =ISTEXT(L102) -> FALSE | G102: 배전지능화 | H102: 비금속광케이블 | I102: =IF(F102=TRUE,"사용","미사용") -> 미사용 | N102: =IF(F102=TRUE,"X","O") -> O | AA102: 6.094 | AB102: 1.992 | AC102: 1.168 | AD102: 44438 | AE102: 6.074 | AF102: 2.126 | AG102: 1.24 | AH102: 44652 | AM102: 6.076 | AN102: 2.169 | AO102: 1.326 | AP102: 44973
A103: 강원본부 | B103: 원주전력소 | C103: 원주SA | D103: 서원주변전소 | E103: 4 | F103: =ISTEXT(L103) -> FALSE | G103: 배전지능화 | H103: 비금속광케이블 | I103: =IF(F103=TRUE,"사용","미사용") -> 미사용 | N103: =IF(F103=TRUE,"X","O") -> O | AA103: 6.094 | AB103: 2.164 | AC103: 1.3 | AD103: 44438 | AE103: 6.074 | AF103: 2.215 | AG103: 1.375 | AH103: 44652 | AM103: 6.076 | AN103: 2.163 | AO103: 1.299 | AP103: 44973
A104: 강원본부 | B104: 원주전력소 | C104: 원주SA | D104: 서원주변전소 | E104: 5 | F104: =ISTEXT(L104) -> FALSE | G104: 배전지능화 | H104: 비금속광케이블 | I104: =IF(F104=TRUE,"사용","미사용") -> 미사용 | N104: =IF(F104=TRUE,"X","O") -> O | AA104: 6.095 | AB104: 1.985 | AC104: 1.139 | AD104: 44438 | AE104: 6.075 | AF104: 2.052 | AG104: 1.183 | AH104: 44652 | AM104: 6.076 | AN104: 2.125 | AO104: 1.274 | AP104: 44973
A105: 강원본부 | B105: 원주전력소 | C105: 원주SA | D105: 서원주변전소 | E105: 6 | F105: =ISTEXT(L105) -> FALSE | G105: 배전지능화 | H105: 비금속광케이블 | I105: =IF(F105=TRUE,"사용","미사용") -> 미사용 | N105: =IF(F105=TRUE,"X","O") -> O | AA105: 6.094 | AB105: 1.994 | AC105: 1.157 | AD105: 44438 | AE105: 6.074 | AF105: 2.019 | AG105: 1.172 | AH105: 44652 | AM105: 6.076 | AN105: 2.124 | AO105: 1.281 | AP105: 44973
A106: 강원본부 | B106: 원주전력소 | C106: 원주SA | D106: 서원주변전소 | E106: 7 | F106: =ISTEXT(L106) -> FALSE | G106: 배전지능화 | H106: 비금속광케이블 | I106: =IF(F106=TRUE,"사용","미사용") -> 미사용 | N106: =IF(F106=TRUE,"X","O") -> O | AA106: 6.099 | AB106: 2.065 | AC106: 1.218 | AD106: 44438 | AE106: 6.074 | AF106: 2.405 | AG106: 1.526 | AH106: 44652 | AM106: 6.076 | AN106: 2.304 | AO106: 1.407 | AP106: 44973
A107: 강원본부 | B107: 원주전력소 | C107: 원주SA | D107: 서원주변전소 | E107: 8 | F107: =ISTEXT(L107) -> FALSE | G107: 배전지능화 | H107: 비금속광케이블 | I107: =IF(F107=TRUE,"사용","미사용") -> 미사용 | N107: =IF(F107=TRUE,"X","O") -> O | AA107: 6.094 | AB107: 2.016 | AC107: 1.173 | AD107: 44438 | AE107: 6.074 | AF107: 2.179 | AG107: 1.257 | AH107: 44652 | AM107: 6.081 | AN107: 2.263 | AO107: 1.401 | AP107: 44973
A108: 강원본부 | B108: 원주전력소 | C108: 원주SA | D108: 서원주변전소 | E108: 9 | F108: =ISTEXT(L108) -> FALSE | G108: 배전지능화 | H108: 비금속광케이블 | I108: =IF(F108=TRUE,"사용","미사용") -> 미사용 | N108: =IF(F108=TRUE,"X","O") -> O | AA108: 6.094 | AB108: 2.035 | AC108: 1.185 | AD108: 44438 | AE108: 6.074 | AF108: 2.084 | AG108: 1.217 | AH108: 44652 | AM108: 6.076 | AN108: 2.219 | AO108: 1.385 | AP108: 44973
A109: 강원본부 | B109: 원주전력소 | C109: 원주SA | D109: 서원주변전소 | E109: 10 | F109: =ISTEXT(L109) -> FALSE | G109: 배전지능화 | H109: 비금속광케이블 | I109: =IF(F109=TRUE,"사용","미사용") -> 미사용 | N109: =IF(F109=TRUE,"X","O") -> O | AA109: 6.095 | AB109: 2.277 | AC109: 1.365 | AD109: 44438 | AE109: 6.075 | AF109: 2.434 | AG109: 1.613 | AH109: 44652 | AM109: 6.076 | AN109: 2.41 | AO109: 1.535 | AP109: 44973
A110: 강원본부 | B110: 원주전력소 | C110: 원주SA | D110: 서원주변전소 | E110: 11 | F110: =ISTEXT(L110) -> FALSE | G110: 배전지능화 | H110: 비금속광케이블 | I110: =IF(F110=TRUE,"사용","미사용") -> 미사용 | N110: =IF(F110=TRUE,"X","O") -> O | AA110: 6.096 | AB110: 2.213 | AC110: 1.355 | AD110: 44438 | AE110: 6.076 | AF110: 2.399 | AG110: 1.576 | AH110: 44652 | AM110: 6.077 | AN110: 2.125 | AO110: 1.276 | AP110: 44973
A111: 강원본부 | B111: 원주전력소 | C111: 원주SA | D111: 서원주변전소 | E111: 12 | F111: =ISTEXT(L111) -> FALSE | G111: 배전지능화 | H111: 비금속광케이블 | I111: =IF(F111=TRUE,"사용","미사용") -> 미사용 | N111: =IF(F111=TRUE,"X","O") -> O | AA111: 6.094 | AB111: 1.985 | AC111: 1.168 | AD111: 44438 | AE111: 6.074 | AF111: 2.206 | AG111: 1.392 | AH111: 44652 | AM111: 6.075 | AN111: 2.207 | AO111: 1.437 | AP111: 44973
A112: 강원본부 | B112: 원주전력소 | C112: 원주SA | D112: 서원주변전소 | E112: 13 | F112: =ISTEXT(L112) -> TRUE | G112: 배전지능화 | H112: 비금속광케이블 | I112: =IF(F112=TRUE,"사용","미사용") -> 사용 | J112: 패치 | K112: DAS | L112: DAS 서원주27 WEST | M112: KEPCO | N112: =IF(F112=TRUE,"X","O") -> X
A113: 강원본부 | B113: 원주전력소 | C113: 원주SA | D113: 서원주변전소 | E113: 14 | F113: =ISTEXT(L113) -> TRUE | G113: 배전지능화 | H113: 비금속광케이블 | I113: =IF(F113=TRUE,"사용","미사용") -> 사용 | J113: 패치 | K113: DAS | L113: DAS 서원주28 WEST | M113: KEPCO | N113: =IF(F113=TRUE,"X","O") -> X | O113: 5.037 | P113: 1.809 | Q113: 1.298 | R113: 43248 | S113: 5.038 | T113: 1.746 | U113: 1.039 | V113: 43703
A114: 강원본부 | B114: 원주전력소 | C114: 원주SA | D114: 서원주변전소 | E114: 15 | F114: =ISTEXT(L114) -> TRUE | G114: 배전지능화 | H114: 비금속광케이블 | I114: =IF(F114=TRUE,"사용","미사용") -> 사용 | J114: 패치 | K114: DAS | L114: DAS 서원주29 WEST | M114: KEPCO | N114: =IF(F114=TRUE,"X","O") -> X
A115: 강원본부 | B115: 원주전력소 | C115: 원주SA | D115: 서원주변전소 | E115: 16 | F115: =ISTEXT(L115) -> TRUE | G115: 배전지능화 | H115: 비금속광케이블 | I115: =IF(F115=TRUE,"사용","미사용") -> 사용 | J115: 패치 | K115: DAS | L115: DAS 서원주30 WEST | M115: KEPCO | N115: =IF(F115=TRUE,"X","O") -> X
A116: 강원본부 | B116: 원주전력소 | C116: 원주SA | D116: 서원주변전소 | E116: 17 | F116: =ISTEXT(L116) -> FALSE | G116: 배전지능화 | H116: 비금속광케이블 | I116: =IF(F116=TRUE,"사용","미사용") -> 미사용 | N116: =IF(F116=TRUE,"X","O") -> O | AA116: 6.101 | AB116: 1.994 | AC116: 1.209 | AD116: 44438 | AE116: 6.076 | AF116: 2.179 | AG116: 1.254 | AH116: 44652 | AM116: 6.079 | AN116: 2.2 | AO116: 1.341 | AP116: 44973
A117: 강원본부 | B117: 원주전력소 | C117: 원주SA | D117: 서원주변전소 | E117: 18 | F117: =ISTEXT(L117) -> FALSE | G117: 배전지능화 | H117: 비금속광케이블 | I117: =IF(F117=TRUE,"사용","미사용") -> 미사용 | N117: =IF(F117=TRUE,"X","O") -> O | AA117: 6.096 | AB117: 2.072 | AC117: 1.254 | AD117: 44438 | AE117: 6.083 | AF117: 2.18 | AG117: 1.359 | AH117: 44652 | AM117: 6.077 | AN117: 2.177 | AO117: 1.3 | AP117: 44973
A118: 강원본부 | B118: 원주전력소 | C118: 원주SA | D118: 서원주변전소 | E118: 19 | F118: =ISTEXT(L118) -> TRUE | G118: 배전지능화 | H118: 비금속광케이블 | I118: =IF(F118=TRUE,"사용","미사용") -> 사용 | J118: 패치 | K118: 기타 | L118: Kepcit 우회용 광패치19 | M118: KEPCO | N118: =IF(F118=TRUE,"X","O") -> X | AM118: 19.962 | AN118: 11.099 | AO118: 7.57 | AP118: 44973
A119: 강원본부 | B119: 원주전력소 | C119: 원주SA | D119: 서원주변전소 | E119: 20 | F119: =ISTEXT(L119) -> TRUE | G119: 배전지능화 | H119: 비금속광케이블 | I119: =IF(F119=TRUE,"사용","미사용") -> 사용 | J119: 패치 | K119: 기타 | L119: Kepcit 우회용 광패치20 | M119: KEPCO | N119: =IF(F119=TRUE,"X","O") -> X | O119: 5.038 | P119: 1.838 | Q119: 1.113 | R119: 43248 | S119: 5.083 | T119: 1.786 | U119: 1.124 | V119: 43703 | AM119: 19.967 | AN119: 8.886 | AO119: 5.879 | AP119: 44973
A120: 강원본부 | B120: 원주전력소 | C120: 원주SA | D120: 서원주변전소 | E120: 21 | F120: =ISTEXT(L120) -> TRUE | G120: 배전지능화 | H120: 비금속광케이블 | I120: =IF(F120=TRUE,"사용","미사용") -> 사용 | J120: 패치 | K120: 기타 | L120: Kepcit 우회용 광패치21 | M120: KEPCO | N120: =IF(F120=TRUE,"X","O") -> X | O120: 5.038 | P120: 1.714 | Q120: 1.093 | R120: 43248 | S120: 5.084 | T120: 1.677 | U120: 1.161 | V120: 43703 | AM120: 19.967 | AN120: 8.476 | AO120: 5.666 | AP120: 44973
...

Sheet 서원주
A1: ■ 강원본부 OFD 선번장(서원주) | L1: ※ 코아명칭 부여 PTP : COT측 장비 광출력 기준 링 : 링방향 West 광출력 기준
AO2: =원주!AS2 -> 45601 | AT2: 용도
A3: 본부 | B3: 관리사업소 | C3: 설치장소 | D3: 상대국명 | E3: 코어 선번 | F3: 사용여부판단 | G3: 송전선로 관리번호 | H3: 송전, 배전 선로명 | I3: 사용 여부 | J3: 융착/ 패치 | K3: 용도 | L3: 수용내역 | M3: 사용회사 | N3: 측정가능 여부 | O3: 측정거리 (km) | P3: 측정DATA 1310 (dB) | Q3: 측정DATA 1550 (dB) | R3: 측정일자 | S3: 측정거리 (km) | T3: 측정DATA 1310 (dB) | U3: 측정DATA 1550 (dB) | V3: 측정일자 | W3: 측정거리 (km) | X3: 측정DATA 1310 (dB) | Y3: 측정DATA 1550 (dB) | Z3: 측정일자 | AA3: 측정거리 (km) | AB3: 측정DATA 1310 (dB) | AC3: 측정DATA 1550 (dB) | AD3: 측정일자 | AE3: 측정거리 (km) | AF3: 측정DATA 1310 (dB) | AG3: 측정DATA 1550 (dB) | AH3: 측정일자 | AI3: 측정거리 (km) | AJ3: 측정DATA 1310 (dB) | AK3: 측정DATA 1550 (dB) | AL3: 측정일자 | AM3: 접속개소 | AN3: 상태 판단 | AO3: 비고 | AT3: 소형광단국
A4: 강원본부 | B4: 원주전력소 | C4: 서원주변전소 | D4: 원주전력소 | E4: 1 | F4: =ISTEXT(L4) -> FALSE | G4: 1000000353, 1000005969 | H4: 원주문막#2 T/L, 원주북원주#2 T/L | I4: =IF(F4=TRUE,"사용","미사용") -> 미사용 | M4: KEPCO | N4: =IF(F4=TRUE,"X","O") -> O | AI4: 5.253 | AJ4: 1.737 | AK4: 1.055 | AL4: 44979 | AT4: 통합단말
A5: 강원본부 | B5: 원주전력소 | C5: 서원주변전소 | D5: 원주전력소 | E5: 2 | F5: =ISTEXT(L5) -> FALSE | G5: 1000000353, 1000005969 | H5: 원주문막#2 T/L, 원주북원주#2 T/L | I5: =IF(F5=TRUE,"사용","미사용") -> 미사용 | M5: KEPCO | N5: =IF(F5=TRUE,"X","O") -> O | AI5: 5.245 | AJ5: 2.022 | AK5: 1.121 | AL5: 44979 | AT5: KepCIT
A6: 강원본부 | B6: 원주전력소 | C6: 서원주변전소 | D6: 원주전력소 | E6: 3 | F6: =ISTEXT(L6) -> FALSE | G6: 1000000353, 1000005969 | H6: 원주문막#2 T/L, 원주북원주#2 T/L | I6: =IF(F6=TRUE,"사용","미사용") -> 미사용 | M6: KEPCO | N6: =IF(F6=TRUE,"X","O") -> O | AI6: 5.246 | AJ6: 1.735 | AK6: 1.707 | AL6: 44979 | AT6: 광스위치
A7: 강원본부 | B7: 원주전력소 | C7: 서원주변전소 | D7: 원주전력소 | E7: 4 | F7: =ISTEXT(L7) -> FALSE | G7: 1000000353, 1000005969 | H7: 원주문막#2 T/L, 원주북원주#2 T/L | I7: =IF(F7=TRUE,"사용","미사용") -> 미사용 | M7: KEPCO | N7: =IF(F7=TRUE,"X","O") -> O | AI7: 5.246 | AJ7: 1.754 | AK7: 1.087 | AL7: 44979 | AT7: 송변전광
A8: 강원본부 | B8: 원주전력소 | C8: 서원주변전소 | D8: 원주전력소 | E8: 5 | F8: =ISTEXT(L8) -> TRUE | G8: 1000000353, 1000005969 | H8: 원주문막#2 T/L, 원주북원주#2 T/L | I8: =IF(F8=TRUE,"사용","미사용") -> 사용 | J8: 패치 | K8: 통합단말 | L8: 원주전력소 GR3링(남원주-문막) OUT | M8: KEPCO | N8: =IF(F8=TRUE,"X","O") -> X | AT8: 임대
A9: 강원본부 | B9: 원주전력소 | C9: 서원주변전소 | D9: 원주전력소 | E9: 6 | F9: =ISTEXT(L9) -> TRUE | G9: 1000000353, 1000005969 | H9: 원주문막#2 T/L, 원주북원주#2 T/L | I9: =IF(F9=TRUE,"사용","미사용") -> 사용 | J9: 패치 | K9: 통합단말 | L9: 원주전력소 GR3링(남원주-문막) IN | M9: KEPCO | N9: =IF(F9=TRUE,"X","O") -> X | AT9: PTPU
A10: 강원본부 | B10: 원주전력소 | C10: 서원주변전소 | D10: 원주전력소 | E10: 7 | F10: =ISTEXT(L10) -> TRUE | G10: 1000000353, 1000005969 | H10: 원주문막#2 T/L, 원주북원주#2 T/L | I10: =IF(F10=TRUE,"사용","미사용") -> 사용 | J10: 패치 | K10: 광스위치 | L10: 디지탈스카다㈜(남원주-문막) | M10: KEPCO | N10: =IF(F10=TRUE,"X","O") -> X | AT10: SCADA
A11: 강원본부 | B11: 원주전력소 | C11: 서원주변전소 | D11: 원주전력소 | E11: 8 | F11: =ISTEXT(L11) -> TRUE | G11: 1000000353, 1000005969 | H11: 원주문막#2 T/L, 원주북원주#2 T/L | I11: =IF(F11=TRUE,"사용","미사용") -> 사용 | J11: 패치 | K11: 광스위치 | L11: 디지탈스카다㈜(서원주-원주) | M11: KEPCO | N11: =IF(F11=TRUE,"X","O") -> X | AT11: PITR
A12: 강원본부 | B12: 원주전력소 | C12: 서원주변전소 | D12: 원주전력소 | E12: 9 | F12: =ISTEXT(L12) -> FALSE | G12: 1000000353, 1000005969 | H12: 원주문막#2 T/L, 원주북원주#2 T/L | I12: =IF(F12=TRUE,"사용","미사용") -> 미사용 | M12: KEPCO | N12: =IF(F12=TRUE,"X","O") -> O | AI12: 5.246 | AJ12: 1.789 | AK12: 1.289 | AL12: 44979 | AT12: DAS
A13: 강원본부 | B13: 원주전력소 | C13: 서원주변전소 | D13: 원주전력소 | E13: 10 | F13: =ISTEXT(L13) -> FALSE | G13: 1000000353, 1000005969 | H13: 원주문막#2 T/L, 원주북원주#2 T/L | I13: =IF(F13=TRUE,"사용","미사용") -> 미사용 | M13: KEPCO | N13: =IF(F13=TRUE,"X","O") -> O | AI13: 5.246 | AJ13: 1.663 | AK13: 1.48 | AL13: 44979 | AT13: 기타
A14: 강원본부 | B14: 원주전력소 | C14: 서원주변전소 | D14: 원주전력소 | E14: 11 | F14: =ISTEXT(L14) -> FALSE | G14: 1000000353, 1000005969 | H14: 원주문막#2 T/L, 원주북원주#2 T/L | I14: =IF(F14=TRUE,"사용","미사용") -> 미사용 | M14: KEPCO | N14: =IF(F14=TRUE,"X","O") -> O | AI14: 5.245 | AJ14: 1.895 | AK14: 1.25 | AL14: 44979 | AT14: 송PTPU
A15: 강원본부 | B15: 원주전력소 | C15: 서원주변전소 | D15: 원주전력소 | E15: 12 | F15: =ISTEXT(L15) -> FALSE | G15: 1000000353, 1000005969 | H15: 원주문막#2 T/L, 원주북원주#2 T/L | I15: =IF(F15=TRUE,"사용","미사용") -> 미사용 | M15: KEPCO | N15: =IF(F15=TRUE,"X","O") -> O | AI15: 5.248 | AJ15: 1.912 | AK15: 1.25 | AL15: 44979
A16: 강원본부 | B16: 원주전력소 | C16: 서원주변전소 | D16: 원주전력소 | E16: 13 | F16: =ISTEXT(L16) -> TRUE | G16: 1000000353, 1000005969 | H16: 원주문막#2 T/L, 원주북원주#2 T/L | I16: =IF(F16=TRUE,"사용","미사용") -> 사용 | J16: 패치 | K16: 통합단말 | L16: 원주전력소 GR3링(서원주-원주) OUT | M16: KEPCO | N16: =IF(F16=TRUE,"X","O") -> X
A17: 강원본부 | B17: 원주전력소 | C17: 서원주변전소 | D17: 원주전력소 | E17: 14 | F17: =ISTEXT(L17) -> FALSE | G17: 1000000353, 1000005969 | H17: 원주문막#2 T/L, 원주북원주#2 T/L | I17: =IF(F17=TRUE,"사용","미사용") -> 미사용 | N17: =IF(F17=TRUE,"X","O") -> O | O17: 5.037 | P17: 1.809 | Q17: 1.298 | R17: 43248 | S17: 5.038 | T17: 1.746 | U17: 1.039 | V17: 43703 | W17: 5.246 | X17: 1.671 | Y17: 1.033 | Z17: 43882 | AA17: 5.25 | AB17: 1.652 | AC17: 1.272 | AD17: 44438 | AE17: 5.246 | AF17: 1.717 | AG17: 1.218 | AH17: 44652 | AI17: 5.246 | AJ17: 1.746 | AK17: 1.217 | AL17: 44979
A18: 강원본부 | B18: 원주전력소 | C18: 서원주변전소 | D18: 원주전력소 | E18: 15 | F18: =ISTEXT(L18) -> TRUE | G18: 1000000353, 1000005969 | H18: 원주문막#2 T/L, 원주북원주#2 T/L | I18: =IF(F18=TRUE,"사용","미사용") -> 사용 | J18: 패치 | K18: PTPU | L18: 원주-서원주 PTPU EAST | M18: KEPCO | N18: =IF(F18=TRUE,"X","O") -> X | AO18: 23.01.10작업
A19: 강원본부 | B19: 원주전력소 | C19: 서원주변전소 | D19: 원주전력소 | E19: 16 | F19: =ISTEXT(L19) -> TRUE | G19: 1000000353, 1000005969 | H19: 원주문막#2 T/L, 원주북원주#2 T/L | I19: =IF(F19=TRUE,"사용","미사용") -> 사용 | J19: 패치 | K19: PTPU | L19: 원주-서원주 PTPU WEST | M19: KEPCO | N19: =IF(F19=TRUE,"X","O") -> X | AO19: 23.01.10작업
A20: 강원본부 | B20: 원주전력소 | C20: 서원주변전소 | D20: 원주전력소 | E20: 17 | F20: =ISTEXT(L20) -> FALSE | G20: 1000000353, 1000005969 | H20: 원주문막#2 T/L, 원주북원주#2 T/L | I20: =IF(F20=TRUE,"사용","미사용") -> 미사용 | J20: 패치 | M20: KEPCO | N20: =IF(F20=TRUE,"X","O") -> O | AI20: 5.249 | AJ20: 1.808 | AK20: 1.045 | AL20: 44979
A21: 강원본부 | B21: 원주전력소 | C21: 서원주변전소 | D21: 원주전력소 | E21: 18 | F21: =ISTEXT(L21) -> FALSE | G21: 1000000353, 1000005969 | H21: 원주문막#2 T/L, 원주북원주#2 T/L | I21: =IF(F21=TRUE,"사용","미사용") -> 미사용 | J21: 패치 | M21: KEPCO | N21: =IF(F21=TRUE,"X","O") -> O | AI21: 5.247 | AJ21: 1.775 | AK21: 1.38 | AL21: 44979
A22: 강원본부 | B22: 원주전력소 | C22: 서원주변전소 | D22: 원주전력소 | E22: 19 | F22: =ISTEXT(L22) -> TRUE | G22: 1000000353, 1000005969 | H22: 원주문막#2 T/L, 원주북원주#2 T/L | I22: =IF(F22=TRUE,"사용","미사용") -> 사용 | J22: 패치 | K22: 통합단말 | L22: 원주전력소 GR3링(서원주-원주) IN | M22: KEPCO | N22: =IF(F22=TRUE,"X","O") -> X
A23: 강원본부 | B23: 원주전력소 | C23: 서원주변전소 | D23: 원주전력소 | E23: 20 | F23: =ISTEXT(L23) -> FALSE | G23: 1000000353, 1000005969 | H23: 원주문막#2 T/L, 원주북원주#2 T/L | I23: =IF(F23=TRUE,"사용","미사용") -> 미사용 | N23: =IF(F23=TRUE,"X","O") -> O | O23: 5.038 | P23: 1.838 | Q23: 1.113 | R23: 43248 | S23: 5.083 | T23: 1.786 | U23: 1.124 | V23: 43703 | W23: 5.245 | X23: 1.706 | Y23: 1.056 | Z23: 43882 | AA23: 5.247 | AB23: 1.723 | AC23: 1.163 | AD23: 44438 | AE23: 5.246 | AF23: 1.76 | AG23: 1.088 | AH23: 44652 | AI23: 5.248 | AJ23: 1.862 | AK23: 1.55 | AL23: 44979
A24: 강원본부 | B24: 원주전력소 | C24: 서원주변전소 | D24: 원주전력소 | E24: 21 | F24: =ISTEXT(L24) -> TRUE | G24: 1000000353, 1000005969 | H24: 원주문막#2 T/L, 원주북원주#2 T/L | I24: =IF(F24=TRUE,"사용","미사용") -> 사용 | J24: 패치 | K24: 송변전광 | L24: 문막-원주 송변전광 W-OUT | M24: KEPCO | N24: =IF(F24=TRUE,"X","O") -> X | O24: 5.038 | P24: 1.714 | Q24: 1.093 | R24: 43248 | S24: 5.084 | T24: 1.677 | U24: 1.161 | V24: 43703
A25: 강원본부 | B25: 원주전력소 | C25: 서원주변전소 | D25: 원주전력소 | E25: 22 | F25: =ISTEXT(L25) -> TRUE | G25: 1000000353, 1000005969 | H25: 원주문막#2 T/L, 원주북원주#2 T/L | I25: =IF(F25=TRUE,"사용","미사용") -> 사용 | J25: 패치 | K25: 송변전광 | L25: 문막-원주 송변전광 W-IN | M25: KEPCO | N25: =IF(F25=TRUE,"X","O") -> X | O25: 5.045 | P25: 1.664 | Q25: 1.033 | R25: 43248 | S25: 5.083 | T25: 1.817 | U25: 1.035 | V25: 43703
A26: 강원본부 | B26: 원주전력소 | C26: 서원주변전소 | D26: 원주전력소 | E26: 23 | F26: =ISTEXT(L26) -> TRUE | G26: 1000000353, 1000005969 | H26: 원주문막#2 T/L, 원주북원주#2 T/L | I26: =IF(F26=TRUE,"사용","미사용") -> 사용 | J26: 패치 | K26: 송변전광 | L26: 남원주-서원주 송변전광 W-OUT | M26: KEPCO | N26: =IF(F26=TRUE,"X","O") -> X | S26: 5.084 | T26: 2.029 | U26: 1.277 | V26: 43703
A27: 강원본부 | B27: 원주전력소 | C27: 서원주변전소 | D27: 원주전력소 | E27: 24 | F27: =ISTEXT(L27) -> TRUE | G27: 1000000353, 1000005969 | H27: 원주문막#2 T/L, 원주북원주#2 T/L | I27: =IF(F27=TRUE,"사용","미사용") -> 사용 | J27: 패치 | K27: 송변전광 | L27: 남원주-서원주 송변전광 W-IN | M27: KEPCO | N27: =IF(F27=TRUE,"X","O") -> X | O27: 5.037 | P27: 1.87 | Q27: 1.283 | R27: 43248 | S27: 5.083 | T27: 1.871 | U27: 1.234 | V27: 43703
A28: 강원본부 | B28: 원주전력소 | C28: 서원주변전소 | D28: 문막변전소 | E28: 25 | F28: =ISTEXT(L28) -> FALSE | G28: 1000000353, 1000005969 | H28: 원주문막#2 T/L, 원주북원주#2 T/L | I28: =IF(F28=TRUE,"사용","미사용") -> 미사용 | M28: KEPCO | N28: =IF(F28=TRUE,"X","O") -> O | AI28: 18.759 | AJ28: 6.045 | AK28: 3.811 | AL28: 44979
A29: 강원본부 | B29: 원주전력소 | C29: 서원주변전소 | D29: 문막변전소 | E29: 26 | F29: =ISTEXT(L29) -> FALSE | G29: 1000000353, 1000005969 | H29: 원주문막#2 T/L, 원주북원주#2 T/L | I29: =IF(F29=TRUE,"사용","미사용") -> 미사용 | M29: KEPCO | N29: =IF(F29=TRUE,"X","O") -> O | AI29: 18.759 | AJ29: 6.462 | AK29: 4.132 | AL29: 44979
A30: 강원본부 | B30: 원주전력소 | C30: 서원주변전소 | D30: 문막변전소 | E30: 27 | F30: =ISTEXT(L30) -> FALSE | G30: 1000000353, 1000005969 | H30: 원주문막#2 T/L, 원주북원주#2 T/L | I30: =IF(F30=TRUE,"사용","미사용") -> 미사용 | M30: KEPCO | N30: =IF(F30=TRUE,"X","O") -> O | AI30: 18.759 | AJ30: 6.535 | AK30: 4.269 | AL30: 44979
A31: 강원본부 | B31: 원주전력소 | C31: 서원주변전소 | D31: 문막변전소 | E31: 28 | F31: =ISTEXT(L31) -> FALSE | G31: 1000000353, 1000005969 | H31: 원주문막#2 T/L, 원주북원주#2 T/L | I31: =IF(F31=TRUE,"사용","미사용") -> 미사용 | M31: KEPCO | N31: =IF(F31=TRUE,"X","O") -> O | AI31: 18.755 | AJ31: 6.141 | AK31: 4.151 | AL31: 44979
A32: 강원본부 | B32: 원주전력소 | C32: 서원주변전소 | D32: 문막변전소 | E32: 29 | F32: =ISTEXT(L32) -> TRUE | G32: 1000000353, 1000005969 | H32: 원주문막#2 T/L, 원주북원주#2 T/L | I32: =IF(F32=TRUE,"사용","미사용") -> 사용 | J32: 패치 | K32: 통합단말 | L32: 원주전력소 GR3링(남원주-문막) OUT | M32: KEPCO | N32: =IF(F32=TRUE,"X","O") -> X
A33: 강원본부 | B33: 원주전력소 | C33: 서원주변전소 | D33: 문막변전소 | E33: 30 | F33: =ISTEXT(L33) -> TRUE | G33: 1000000353, 1000005969 | H33: 원주문막#2 T/L, 원주북원주#2 T/L | I33: =IF(F33=TRUE,"사용","미사용") -> 사용 | J33: 패치 | K33: 통합단말 | L33: 원주전력소 GR3링(남원주-문막) IN | M33: KEPCO | N33: =IF(F33=TRUE,"X","O") -> X
A34: 강원본부 | B34: 원주전력소 | C34: 서원주변전소 | D34: 문막변전소 | E34: 31 | F34: =ISTEXT(L34) -> TRUE | G34: 1000000353, 1000005969 | H34: 원주문막#2 T/L, 원주북원주#2 T/L | I34: =IF(F34=TRUE,"사용","미사용") -> 사용 | J34: 패치 | K34: 광스위치 | L34: 디지탈스카다㈜(남원주-문막) | M34: KEPCO | N34: =IF(F34=TRUE,"X","O") -> X
A35: 강원본부 | B35: 원주전력소 | C35: 서원주변전소 | D35: 문막변전소 | E35: 32 | F35: =ISTEXT(L35) -> TRUE | G35: 1000000353, 1000005969 | H35: 원주문막#2 T/L, 원주북원주#2 T/L | I35: =IF(F35=TRUE,"사용","미사용") -> 사용 | J35: 패치 | K35: 광스위치 | L35: 디지탈스카다㈜(문막-서원주) | M35: KEPCO | N35: =IF(F35=TRUE,"X","O") -> X
A36: 강원본부 | B36: 원주전력소 | C36: 서원주변전소 | D36: 문막변전소 | E36: 33 | F36: =ISTEXT(L36) -> TRUE | G36: 1000000353, 1000005969 | H36: 원주문막#2 T/L, 원주북원주#2 T/L | I36: =IF(F36=TRUE,"사용","미사용") -> 사용 | J36: 패치 | K36: 송변전광 | L36: 문막-원주 송변전광 W-OUT | M36: KEPCO | N36: =IF(F36=TRUE,"X","O") -> X | O36: 18.75 | P36: 6.278 | Q36: 3.676 | R36: 43248 | S36: 18.771 | T36: 6.247 | U36: 4.074 | V36: 43703
A37: 강원본부 | B37: 원주전력소 | C37: 서원주변전소 | D37: 문막변전소 | E37: 34 | F37: =ISTEXT(L37) -> TRUE | G37: 1000000353, 1000005969 | H37: 원주문막#2 T/L, 원주북원주#2 T/L | I37: =IF(F37=TRUE,"사용","미사용") -> 사용 | J37: 패치 | K37: 송변전광 | L37: 문막-원주 송변전광 W-IN | M37: KEPCO | N37: =IF(F37=TRUE,"X","O") -> X | S37: 18.763 | T37: 6.537 | U37: 4.614 | V37: 43703
A38: 강원본부 | B38: 원주전력소 | C38: 서원주변전소 | D38: 문막변전소 | E38: 35 | F38: =ISTEXT(L38) -> TRUE | G38: 1000000353, 1000005969 | H38: 원주문막#2 T/L, 원주북원주#2 T/L | I38: =IF(F38=TRUE,"사용","미사용") -> 사용 | J38: 패치 | K38: 송변전광 | L38: 서원주-문막 송변전광 W-IN | M38: KEPCO | N38: =IF(F38=TRUE,"X","O") -> X | O38: 18.759 | P38: 6.587 | Q38: 4.014 | R38: 43248 | S38: 18.771 | T38: 6.624 | U38: 4.462 | V38: 43703
A39: 강원본부 | B39: 원주전력소 | C39: 서원주변전소 | D39: 문막변전소 | E39: 36 | F39: =ISTEXT(L39) -> TRUE | G39: 1000000353, 1000005969 | H39: 원주문막#2 T/L, 원주북원주#2 T/L | I39: =IF(F39=TRUE,"사용","미사용") -> 사용 | J39: 패치 | K39: 송변전광 | L39: 서원주-문막 송변전광 W-OUT | M39: KEPCO | N39: =IF(F39=TRUE,"X","O") -> X | O39: 18.75 | P39: 6.377 | Q39: 4.212 | R39: 43248 | S39: 18.767 | T39: 6.449 | U39: 4.82 | V39: 43703
A40: 강원본부 | B40: 원주전력소 | C40: 서원주변전소 | D40: 문막변전소 | E40: 37 | F40: =ISTEXT(L40) -> TRUE | G40: 1000000353, 1000005969 | H40: 원주문막#2 T/L, 원주북원주#2 T/L | I40: =IF(F40=TRUE,"사용","미사용") -> 사용 | J40: 패치 | K40: 통합단말 | L40: 원주전력소 GR3링(문막-서원주) OUT | M40: KEPCO | N40: =IF(F40=TRUE,"X","O") -> X
A41: 강원본부 | B41: 원주전력소 | C41: 서원주변전소 | D41: 문막변전소 | E41: 38 | F41: =ISTEXT(L41) -> TRUE | G41: 1000000353, 1000005969 | H41: 원주문막#2 T/L, 원주북원주#2 T/L | I41: =IF(F41=TRUE,"사용","미사용") -> 사용 | J41: 패치 | K41: 통합단말 | L41: 원주전력소 GR3링(문막-서원주) IN | M41: KEPCO | N41: =IF(F41=TRUE,"X","O") -> X
A42: 강원본부 | B42: 원주전력소 | C42: 서원주변전소 | D42: 문막변전소 | E42: 39 | F42: =ISTEXT(L42) -> TRUE | G42: 1000000353, 1000005969 | H42: 원주문막#2 T/L, 원주북원주#2 T/L | I42: =IF(F42=TRUE,"사용","미사용") -> 사용 | J42: 패치 | K42: PTPU | L42: 서원주-문막 PTPU WEST | M42: KEPCO | N42: =IF(F42=TRUE,"X","O") -> X | AO42: 1코아 광모듈
A43: 강원본부 | B43: 원주전력소 | C43: 서원주변전소 | D43: 문막변전소 | E43: 40 | F43: =ISTEXT(L43) -> TRUE | G43: 1000000353, 1000005969 | H43: 원주문막#2 T/L, 원주북원주#2 T/L | I43: =IF(F43=TRUE,"사용","미사용") -> 사용 | J43: 패치 | K43: PTPU | L43: 서원주-문막 PTPU EAST | M43: KEPCO | N43: =IF(F43=TRUE,"X","O") -> X | AO43: 1코아 광모듈
A44: 강원본부 | B44: 원주전력소 | C44: 서원주변전소 | D44: 문막변전소 | E44: 41 | F44: =ISTEXT(L44) -> FALSE | G44: 1000000353, 1000005969 | H44: 원주문막#2 T/L, 원주북원주#2 T/L | I44: =IF(F44=TRUE,"사용","미사용") -> 미사용 | M44: KEPCO | N44: =IF(F44=TRUE,"X","O") -> O | AI44: 18.743 | AJ44: 6.648 | AK44: 4.288 | AL44: 44979
A45: 강원본부 | B45: 원주전력소 | C45: 서원주변전소 | D45: 문막변전소 | E45: 42 | F45: =ISTEXT(L45) -> FALSE | G45: 1000000353, 1000005969 | H45: 원주문막#2 T/L, 원주북원주#2 T/L | I45: =IF(F45=TRUE,"사용","미사용") -> 미사용 | M45: KEPCO | N45: =IF(F45=TRUE,"X","O") -> O | AI45: 18.743 | AJ45: 6.332 | AK45: 4.304 | AL45: 44979
A46: 강원본부 | B46: 원주전력소 | C46: 서원주변전소 | D46: 문막변전소 | E46: 43 | F46: =ISTEXT(L46) -> FALSE | G46: 1000000353, 1000005969 | H46: 원주문막#2 T/L, 원주북원주#2 T/L | I46: =IF(F46=TRUE,"사용","미사용") -> 미사용 | M46: KEPCO | N46: =IF(F46=TRUE,"X","O") -> O | AI46: 18.743 | AJ46: 6.15 | AK46: 4.134 | AL46: 44979 | AO46: 23.01.10작업
A47: 강원본부 | B47: 원주전력소 | C47: 서원주변전소 | D47: 문막변전소 | E47: 44 | F47: =ISTEXT(L47) -> FALSE | G47: 1000000353, 1000005969 | H47: 원주문막#2 T/L, 원주북원주#2 T/L | I47: =IF(F47=TRUE,"사용","미사용") -> 미사용 | M47: KEPCO | N47: =IF(F47=TRUE,"X","O") -> O | AI47: 18.743 | AJ47: 6.502 | AK47: 4.21 | AL47: 44979 | AO47: 23.01.10작업
A48: 강원본부 | B48: 원주전력소 | C48: 서원주변전소 | D48: 문막변전소 | E48: 45 | F48: =ISTEXT(L48) -> FALSE | G48: 1000000353, 1000005969 | H48: 원주문막#2 T/L, 원주북원주#2 T/L | I48: =IF(F48=TRUE,"사용","미사용") -> 미사용 | M48: KEPCO | N48: =IF(F48=TRUE,"X","O") -> O | AI48: 18.747 | AJ48: 6.416 | AK48: 4.036 | AL48: 44979
A49: 강원본부 | B49: 원주전력소 | C49: 서원주변전소 | D49: 문막변전소 | E49: 46 | F49: =ISTEXT(L49) -> FALSE | G49: 1000000353, 1000005969 | H49: 원주문막#2 T/L, 원주북원주#2 T/L | I49: =IF(F49=TRUE,"사용","미사용") -> 미사용 | M49: KEPCO | N49: =IF(F49=TRUE,"X","O") -> O | AI49: 18.743 | AJ49: 6.342 | AK49: 4.219 | AL49: 44979
A50: 강원본부 | B50: 원주전력소 | C50: 서원주변전소 | D50: 문막변전소 | E50: 47 | F50: =ISTEXT(L50) -> FALSE | G50: 1000000353, 1000005969 | H50: 원주문막#2 T/L, 원주북원주#2 T/L | I50: =IF(F50=TRUE,"사용","미사용") -> 미사용 | N50: =IF(F50=TRUE,"X","O") -> O | O50: 23.215 | P50: 10.319 | Q50: 7.18 | R50: 43248 | S50: 23.252 | T50: 10.665 | U50: 8.905 | V50: 43703 | W50: 18.734 | X50: 6.713 | Y50: 4.631 | Z50: 43882 | AA50: 18.747 | AB50: 6.684 | AC50: 4.353 | AD50: 44438 | AE50: 18.743 | AF50: 6.712 | AG50: 4.342 | AH50: 44652 | AI50: 18.743 | AJ50: 6.534 | AK50: 4.267 | AL50: 44979
A51: 강원본부 | B51: 원주전력소 | C51: 서원주변전소 | D51: 문막변전소 | E51: 48 | F51: =ISTEXT(L51) -> FALSE | G51: 1000000353, 1000005969 | H51: 원주문막#2 T/L, 원주북원주#1 T/L | I51: =IF(F51=TRUE,"사용","미사용") -> 미사용 | N51: =IF(F51=TRUE,"X","O") -> O | O51: 23.211 | P51: 9.479 | Q51: 7.197 | R51: 43248 | S51: 23.252 | T51: 9.647 | U51: 8.806 | V51: 43703 | W51: 18.734 | X51: 6.671 | Y51: 5.227 | Z51: 43882 | AA51: 18.73 | AB51: 6.663 | AC51: 4.941 | AD51: 44438 | AE51: 18.767 | AF51: 6.688 | AG51: 4.76 | AH51: 44652 | AI51: 18.73 | AJ51: 6.506 | AK51: 4.646 | AL51: 44979
A52: 강원본부 | B52: 원주전력소 | C52: 서원주변전소 | D52: 북원주변전소 | E52: 1 | F52: =ISTEXT(L52) -> TRUE | G52: 배전지능화 | H52: 비금속광케이블 | I52: =IF(F52=TRUE,"사용","미사용") -> 사용 | J52: 패치 | K52: DAS | L52: DAS 원주82링 | M52: KEPCO | N52: =IF(F52=TRUE,"X","O") -> X | AO52: 21.06시설(비금속)
A53: 강원본부 | B53: 원주전력소 | C53: 서원주변전소 | D53: 북원주변전소 | E53: 2 | F53: =ISTEXT(L53) -> TRUE | G53: 배전지능화 | H53: 비금속광케이블 | I53: =IF(F53=TRUE,"사용","미사용") -> 사용 | J53: 패치 | K53: DAS | L53: DAS 원주47링 | M53: KEPCO | N53: =IF(F53=TRUE,"X","O") -> X | AO53: 21.06시설(비금속)
A54: 강원본부 | B54: 원주전력소 | C54: 서원주변전소 | D54: 북원주변전소 | E54: 3 | F54: =ISTEXT(L54) -> FALSE | G54: 배전지능화 | H54: 비금속광케이블 | I54: =IF(F54=TRUE,"사용","미사용") -> 미사용 | N54: =IF(F54=TRUE,"X","O") -> O | AA54: 13.882 | AB54: 6.021 | AC54: 4.022 | AD54: 44438 | AE54: 13.876 | AF54: 5.997 | AG54: 4.065 | AH54: 44652 | AO54: 21.06시설(비금속)
A55: 강원본부 | B55: 원주전력소 | C55: 서원주변전소 | D55: 북원주변전소 | E55: 4 | F55: =ISTEXT(L55) -> FALSE | G55: 배전지능화 | H55: 비금속광케이블 | I55: =IF(F55=TRUE,"사용","미사용") -> 미사용 | N55: =IF(F55=TRUE,"X","O") -> O | AA55: 13.882 | AB55: 5.231 | AC55: 3.207 | AD55: 44438 | AE55: 13.88 | AF55: 5.316 | AG55: 3.496 | AH55: 44652 | AO55: 21.06시설(비금속)
A56: 강원본부 | B56: 원주전력소 | C56: 서원주변전소 | D56: 북원주변전소 | E56: 5 | F56: =ISTEXT(L56) -> FALSE | G56: 배전지능화 | H56: 비금속광케이블 | I56: =IF(F56=TRUE,"사용","미사용") -> 미사용 | N56: =IF(F56=TRUE,"X","O") -> O | AA56: 13.884 | AB56: 6.081 | AC56: 3.975 | AD56: 44438 | AE56: 13.88 | AF56: 6.106 | AG56: 3.953 | AH56: 44652 | AO56: 21.06시설(비금속)
A57: 강원본부 | B57: 원주전력소 | C57: 서원주변전소 | D57: 북원주변전소 | E57: 6 | F57: =ISTEXT(L57) -> FALSE | G57: 배전지능화 | H57: 비금속광케이블 | I57: =IF(F57=TRUE,"사용","미사용") -> 미사용 | N57: =IF(F57=TRUE,"X","O") -> O | AA57: 13.882 | AB57: 5.1 | AC57: 3.119 | AD57: 44438 | AE57: 13.878 | AF57: 5.106 | AG57: 3.172 | AH57: 44652 | AO57: 21.06시설(비금속)
A58: 강원본부 | B58: 원주전력소 | C58: 서원주변전소 | D58: 북원주변전소 | E58: 7 | F58: =ISTEXT(L58) -> FALSE | G58: 배전지능화 | H58: 비금속광케이블 | I58: =IF(F58=TRUE,"사용","미사용") -> 미사용 | N58: =IF(F58=TRUE,"X","O") -> O | AA58: 13.884 | AB58: 4.924 | AC58: 3.037 | AD58: 44438 | AE58: 13.88 | AF58: 5.023 | AG58: 3.017 | AH58: 44652 | AO58: 21.06시설(비금속)
A59: 강원본부 | B59: 원주전력소 | C59: 서원주변전소 | D59: 북원주변전소 | E59: 8 | F59: =ISTEXT(L59) -> FALSE | G59: 배전지능화 | H59: 비금속광케이블 | I59: =IF(F59=TRUE,"사용","미사용") -> 미사용 | N59: =IF(F59=TRUE,"X","O") -> O | AA59: 13.882 | AB59: 6.654 | AC59: 4.33 | AD59: 44438 | AE59: 13.878 | AF59: 6.608 | AG59: 4.366 | AH59: 44652 | AO59: 21.06시설(비금속)
A60: 강원본부 | B60: 원주전력소 | C60: 서원주변전소 | D60: 북원주변전소 | E60: 9 | F60: =ISTEXT(L60) -> FALSE | G60: 배전지능화 | H60: 비금속광케이블 | I60: =IF(F60=TRUE,"사용","미사용") -> 미사용 | N60: =IF(F60=TRUE,"X","O") -> O | AA60: 13.884 | AB60: 5.559 | AC60: 3.536 | AD60: 44438 | AE60: 13.88 | AF60: 5.594 | AG60: 3.513 | AH60: 44652 | AO60: 21.06시설(비금속)
A61: 강원본부 | B61: 원주전력소 | C61: 서원주변전소 | D61: 북원주변전소 | E61: 10 | F61: =ISTEXT(L61) -> FALSE | G61: 배전지능화 | H61: 비금속광케이블 | I61: =IF(F61=TRUE,"사용","미사용") -> 미사용 | N61: =IF(F61=TRUE,"X","O") -> O | AA61: 13.884 | AB61: 5.384 | AC61: 3.524 | AD61: 44438 | AE61: 13.882 | AF61: 5.433 | AG61: 3.35 | AH61: 44652 | AO61: 21.06시설(비금속)
A62: 강원본부 | B62: 원주전력소 | C62: 서원주변전소 | D62: 북원주변전소 | E62: 11 | F62: =ISTEXT(L62) -> FALSE | G62: 배전지능화 | H62: 비금속광케이블 | I62: =IF(F62=TRUE,"사용","미사용") -> 미사용 | N62: =IF(F62=TRUE,"X","O") -> O | AA62: 13.886 | AB62: 5.907 | AC62: 3.867 | AD62: 44438 | AE62: 13.882 | AF62: 5.792 | AG62: 3.736 | AH62: 44652 | AO62: 21.06시설(비금속)
A63: 강원본부 | B63: 원주전력소 | C63: 서원주변전소 | D63: 북원주변전소 | E63: 12 | F63: =ISTEXT(L63) -> FALSE | G63: 배전지능화 | H63: 비금속광케이블 | I63: =IF(F63=TRUE,"사용","미사용") -> 미사용 | N63: =IF(F63=TRUE,"X","O") -> O | AA63: 13.882 | AB63: 5.338 | AC63: 3.45 | AD63: 44438 | AE63: 13.88 | AF63: 5.341 | AG63: 3.447 | AH63: 44652 | AO63: 21.06시설(비금속)
A64: 강원본부 | B64: 원주전력소 | C64: 서원주변전소 | D64: 북원주변전소 | E64: 13 | F64: =ISTEXT(L64) -> TRUE | G64: 배전지능화 | H64: 비금속광케이블 | I64: =IF(F64=TRUE,"사용","미사용") -> 사용 | J64: 패치 | K64: DAS | L64: DAS 서원주27 EAST | M64: KEPCO | N64: =IF(F64=TRUE,"X","O") -> X | AO64: 21.06시설(비금속)
A65: 강원본부 | B65: 원주전력소 | C65: 서원주변전소 | D65: 북원주변전소 | E65: 14 | F65: =ISTEXT(L65) -> TRUE | G65: 배전지능화 | H65: 비금속광케이블 | I65: =IF(F65=TRUE,"사용","미사용") -> 사용 | J65: 패치 | K65: DAS | L65: DAS 서원주28 EAST | M65: KEPCO | N65: =IF(F65=TRUE,"X","O") -> X | O65: 5.037 | P65: 1.809 | Q65: 1.298 | R65: 43248 | S65: 5.038 | T65: 1.746 | U65: 1.039 | V65: 43703 | AO65: 21.06시설(비금속)
A66: 강원본부 | B66: 원주전력소 | C66: 서원주변전소 | D66: 북원주변전소 | E66: 15 | F66: =ISTEXT(L66) -> TRUE | G66: 배전지능화 | H66: 비금속광케이블 | I66: =IF(F66=TRUE,"사용","미사용") -> 사용 | J66: 패치 | K66: DAS | L66: DAS 서원주29 EAST | M66: KEPCO | N66: =IF(F66=TRUE,"X","O") -> X | AO66: 21.06시설(비금속)
A67: 강원본부 | B67: 원주전력소 | C67: 서원주변전소 | D67: 북원주변전소 | E67: 16 | F67: =ISTEXT(L67) -> TRUE | G67: 배전지능화 | H67: 비금속광케이블 | I67: =IF(F67=TRUE,"사용","미사용") -> 사용 | J67: 패치 | K67: DAS | L67: DAS 서원주30 EAST | M67: KEPCO | N67: =IF(F67=TRUE,"X","O") -> X | AO67: 21.06시설(비금속)
A68: 강원본부 | B68: 원주전력소 | C68: 서원주변전소 | D68: 북원주변전소 | E68: 17 | F68: =ISTEXT(L68) -> FALSE | G68: 배전지능화 | H68: 비금속광케이블 | I68: =IF(F68=TRUE,"사용","미사용") -> 미사용 | N68: =IF(F68=TRUE,"X","O") -> O | AA68: 13.882 | AB68: 5.789 | AC68: 3.718 | AD68: 44438 | AE68: 13.88 | AF68: 5.779 | AG68: 3.739 | AH68: 44652 | AO68: 21.06시설(비금속)
A69: 강원본부 | B69: 원주전력소 | C69: 서원주변전소 | D69: 북원주변전소 | E69: 18 | F69: =ISTEXT(L69) -> FALSE | G69: 배전지능화 | H69: 비금속광케이블 | I69: =IF(F69=TRUE,"사용","미사용") -> 미사용 | N69: =IF(F69=TRUE,"X","O") -> O | AA69: 13.882 | AB69: 5.614 | AC69: 3.498 | AD69: 44438 | AE69: 13.88 | AF69: 5.589 | AG69: 3.534 | AH69: 44652 | AO69: 21.06시설(비금속)
A70: 강원본부 | B70: 원주전력소 | C70: 서원주변전소 | D70: 북원주변전소 | E70: 19 | F70: =ISTEXT(L70) -> TRUE | G70: 배전지능화 | H70: 비금속광케이블 | I70: =IF(F70=TRUE,"사용","미사용") -> 사용 | J70: 패치 | K70: 기타 | L70: Kepcit 우회용 광패치19 | M70: KEPCO | N70: =IF(F70=TRUE,"X","O") -> X | AO70: 21.06시설(비금속)
A71: 강원본부 | B71: 원주전력소 | C71: 서원주변전소 | D71: 북원주변전소 | E71: 20 | F71: =ISTEXT(L71) -> TRUE | G71: 배전지능화 | H71: 비금속광케이블 | I71: =IF(F71=TRUE,"사용","미사용") -> 사용 | J71: 패치 | K71: 기타 | L71: Kepcit 우회용 광패치20 | M71: KEPCO | N71: =IF(F71=TRUE,"X","O") -> X | O71: 5.038 | P71: 1.838 | Q71: 1.113 | R71: 43248 | S71: 5.083 | T71: 1.786 | U71: 1.124 | V71: 43703 | AO71: 21.06시설(비금속)
A72: 강원본부 | B72: 원주전력소 | C72: 서원주변전소 | D72: 북원주변전소 | E72: 21 | F72: =ISTEXT(L72) -> TRUE | G72: 배전지능화 | H72: 비금속광케이블 | I72: =IF(F72=TRUE,"사용","미사용") -> 사용 | J72: 패치 | K72: 기타 | L72: Kepcit 우회용 광패치21 | M72: KEPCO | N72: =IF(F72=TRUE,"X","O") -> X | O72: 5.038 | P72: 1.714 | Q72: 1.093 | R72: 43248 | S72: 5.084 | T72: 1.677 | U72: 1.161 | V72: 43703 | AO72: 21.06시설(비금속)
A73: 강원본부 | B73: 원주전력소 | C73: 서원주변전소 | D73: 북원주변전소 | E73: 22 | F73: =ISTEXT(L73) -> TRUE | G73: 배전지능화 | H73: 비금속광케이블 | I73: =IF(F73=TRUE,"사용","미사용") -> 사용 | J73: 패치 | K73: 기타 | L73: Kepcit 우회용 광패치22 | M73: KEPCO | N73: =IF(F73=TRUE,"X","O") -> X | O73: 5.045 | P73: 1.664 | Q73: 1.033 | R73: 43248 | S73: 5.083 | T73: 1.817 | U73: 1.035 | V73: 43703 | AO73: 21.06시설(비금속)
A74: 강원본부 | B74: 원주전력소 | C74: 서원주변전소 | D74: 북원주변전소 | E74: 23 | F74: =ISTEXT(L74) -> TRUE | G74: 배전지능화 | H74: 비금속광케이블 | I74: =IF(F74=TRUE,"사용","미사용") -> 사용 | J74: 패치 | K74: 기타 | L74: Kepcit 우회용 광패치23 | M74: KEPCO | N74: =IF(F74=TRUE,"X","O") -> X | S74: 5.084 | T74: 2.029 | U74: 1.277 | V74: 43703 | AO74: 21.06시설(비금속)
A75: 강원본부 | B75: 원주전력소 | C75: 서원주변전소 | D75: 북원주변전소 | E75: 24 | F75: =ISTEXT(L75) -> TRUE | G75: 배전지능화 | H75: 비금속광케이블 | I75: =IF(F75=TRUE,"사용","미사용") -> 사용 | J75: 패치 | K75: 기타 | L75: Kepcit 우회용 광패치24 | M75: KEPCO | N75: =IF(F75=TRUE,"X","O") -> X | O75: 5.037 | P75: 1.87 | Q75: 1.283 | R75: 43248 | S75: 5.083 | T75: 1.871 | U75: 1.234 | V75: 43703 | AO75: 21.06시설(비금속)
A76: 강원본부 | B76: 원주전력소 | C76: 서원주변전소 | D76: 원주SA | E76: 1 | F76: =ISTEXT(L76) -> TRUE | G76: 배전지능화 | H76: 비금속광케이블 | I76: =IF(F76=TRUE,"사용","미사용") -> 사용 | J76: 패치 | K76: DAS | L76: DAS 원주82링 | M76: KEPCO | N76: =IF(F76=TRUE,"X","O") -> X | AO76: 21.06시설(비금속) | AT76: 통합단말
A77: 강원본부 | B77: 원주전력소 | C77: 서원주변전소 | D77: 원주SA | E77: 2 | F77: =ISTEXT(L77) -> TRUE | G77: 배전지능화 | H77: 비금속광케이블 | I77: =IF(F77=TRUE,"사용","미사용") -> 사용 | J77: 패치 | K77: DAS | L77: DAS 원주47링 | M77: KEPCO | N77: =IF(F77=TRUE,"X","O") -> X | AO77: 21.06시설(비금속) | AT77: KepCIT
A78: 강원본부 | B78: 원주전력소 | C78: 서원주변전소 | D78: 원주SA | E78: 3 | F78: =ISTEXT(L78) -> FALSE | G78: 배전지능화 | H78: 비금속광케이블 | I78: =IF(F78=TRUE,"사용","미사용") -> 미사용 | N78: =IF(F78=TRUE,"X","O") -> O | AA78: 6.094 | AB78: 1.992 | AC78: 1.168 | AD78: 44438 | AE78: 6.074 | AF78: 2.126 | AG78: 1.24 | AH78: 44652 | AO78: 21.06시설(비금속) | AT78: 광스위치
A79: 강원본부 | B79: 원주전력소 | C79: 서원주변전소 | D79: 원주SA | E79: 4 | F79: =ISTEXT(L79) -> FALSE | G79: 배전지능화 | H79: 비금속광케이블 | I79: =IF(F79=TRUE,"사용","미사용") -> 미사용 | N79: =IF(F79=TRUE,"X","O") -> O | AA79: 6.094 | AB79: 2.164 | AC79: 1.3 | AD79: 44438 | AE79: 6.074 | AF79: 2.215 | AG79: 1.375 | AH79: 44652 | AO79: 21.06시설(비금속) | AT79: 송변전광
A80: 강원본부 | B80: 원주전력소 | C80: 서원주변전소 | D80: 원주SA | E80: 5 | F80: =ISTEXT(L80) -> FALSE | G80: 배전지능화 | H80: 비금속광케이블 | I80: =IF(F80=TRUE,"사용","미사용") -> 미사용 | N80: =IF(F80=TRUE,"X","O") -> O | AA80: 6.095 | AB80: 1.985 | AC80: 1.139 | AD80: 44438 | AE80: 6.075 | AF80: 2.052 | AG80: 1.183 | AH80: 44652 | AO80: 21.06시설(비금속) | AT80: 임대
A81: 강원본부 | B81: 원주전력소 | C81: 서원주변전소 | D81: 원주SA | E81: 6 | F81: =ISTEXT(L81) -> FALSE | G81: 배전지능화 | H81: 비금속광케이블 | I81: =IF(F81=TRUE,"사용","미사용") -> 미사용 | N81: =IF(F81=TRUE,"X","O") -> O | AA81: 6.094 | AB81: 1.994 | AC81: 1.157 | AD81: 44438 | AE81: 6.074 | AF81: 2.019 | AG81: 1.172 | AH81: 44652 | AO81: 21.06시설(비금속) | AT81: PTPU
A82: 강원본부 | B82: 원주전력소 | C82: 서원주변전소 | D82: 원주SA | E82: 7 | F82: =ISTEXT(L82) -> FALSE | G82: 배전지능화 | H82: 비금속광케이블 | I82: =IF(F82=TRUE,"사용","미사용") -> 미사용 | N82: =IF(F82=TRUE,"X","O") -> O | AA82: 6.099 | AB82: 2.065 | AC82: 1.218 | AD82: 44438 | AE82: 6.074 | AF82: 2.405 | AG82: 1.526 | AH82: 44652 | AO82: 21.06시설(비금속) | AT82: 기타
A83: 강원본부 | B83: 원주전력소 | C83: 서원주변전소 | D83: 원주SA | E83: 8 | F83: =ISTEXT(L83) -> FALSE | G83: 배전지능화 | H83: 비금속광케이블 | I83: =IF(F83=TRUE,"사용","미사용") -> 미사용 | N83: =IF(F83=TRUE,"X","O") -> O | AA83: 6.094 | AB83: 2.016 | AC83: 1.173 | AD83: 44438 | AE83: 6.074 | AF83: 2.179 | AG83: 1.257 | AH83: 44652 | AO83: 21.06시설(비금속) | AT83: 송PTPU
A84: 강원본부 | B84: 원주전력소 | C84: 서원주변전소 | D84: 원주SA | E84: 9 | F84: =ISTEXT(L84) -> FALSE | G84: 배전지능화 | H84: 비금속광케이블 | I84: =IF(F84=TRUE,"사용","미사용") -> 미사용 | N84: =IF(F84=TRUE,"X","O") -> O | AA84: 6.094 | AB84: 2.035 | AC84: 1.185 | AD84: 44438 | AE84: 6.074 | AF84: 2.084 | AG84: 1.217 | AH84: 44652 | AO84: 21.06시설(비금속)
A85: 강원본부 | B85: 원주전력소 | C85: 서원주변전소 | D85: 원주SA | E85: 10 | F85: =ISTEXT(L85) -> FALSE | G85: 배전지능화 | H85: 비금속광케이블 | I85: =IF(F85=TRUE,"사용","미사용") -> 미사용 | N85: =IF(F85=TRUE,"X","O") -> O | AA85: 6.095 | AB85: 2.277 | AC85: 1.365 | AD85: 44438 | AE85: 6.075 | AF85: 2.434 | AG85: 1.613 | AH85: 44652 | AO85: 21.06시설(비금속)
A86: 강원본부 | B86: 원주전력소 | C86: 서원주변전소 | D86: 원주SA | E86: 11 | F86: =ISTEXT(L86) -> FALSE | G86: 배전지능화 | H86: 비금속광케이블 | I86: =IF(F86=TRUE,"사용","미사용") -> 미사용 | N86: =IF(F86=TRUE,"X","O") -> O | AA86: 6.096 | AB86: 2.213 | AC86: 1.355 | AD86: 44438 | AE86: 6.076 | AF86: 2.399 | AG86: 1.576 | AH86: 44652 | AO86: 21.06시설(비금속)
A87: 강원본부 | B87: 원주전력소 | C87: 서원주변전소 | D87: 원주SA | E87: 12 | F87: =ISTEXT(L87) -> FALSE | G87: 배전지능화 | H87: 비금속광케이블 | I87: =IF(F87=TRUE,"사용","미사용") -> 미사용 | N87: =IF(F87=TRUE,"X","O") -> O | AA87: 6.094 | AB87: 1.985 | AC87: 1.168 | AD87: 44438 | AE87: 6.074 | AF87: 2.206 | AG87: 1.392 | AH87: 44652 | AO87: 21.06시설(비금속)
A88: 강원본부 | B88: 원주전력소 | C88: 서원주변전소 | D88: 원주SA | E88: 13 | F88: =ISTEXT(L88) -> TRUE | G88: 배전지능화 | H88: 비금속광케이블 | I88: =IF(F88=TRUE,"사용","미사용") -> 사용 | J88: 패치 | K88: DAS | L88: DAS 서원주27 WEST | M88: KEPCO | N88: =IF(F88=TRUE,"X","O") -> X | AO88: 21.06시설(비금속)
A89: 강원본부 | B89: 원주전력소 | C89: 서원주변전소 | D89: 원주SA | E89: 14 | F89: =ISTEXT(L89) -> TRUE | G89: 배전지능화 | H89: 비금속광케이블 | I89: =IF(F89=TRUE,"사용","미사용") -> 사용 | J89: 패치 | K89: DAS | L89: DAS 서원주28 WEST | M89: KEPCO | N89: =IF(F89=TRUE,"X","O") -> X | O89: 5.037 | P89: 1.809 | Q89: 1.298 | R89: 43248 | S89: 5.038 | T89: 1.746 | U89: 1.039 | V89: 43703 | AO89: 21.06시설(비금속)
A90: 강원본부 | B90: 원주전력소 | C90: 서원주변전소 | D90: 원주SA | E90: 15 | F90: =ISTEXT(L90) -> TRUE | G90: 배전지능화 | H90: 비금속광케이블 | I90: =IF(F90=TRUE,"사용","미사용") -> 사용 | J90: 패치 | K90: DAS | L90: DAS 서원주29 WEST | M90: KEPCO | N90: =IF(F90=TRUE,"X","O") -> X | AO90: 21.06시설(비금속)
A91: 강원본부 | B91: 원주전력소 | C91: 서원주변전소 | D91: 원주SA | E91: 16 | F91: =ISTEXT(L91) -> TRUE | G91: 배전지능화 | H91: 비금속광케이블 | I91: =IF(F91=TRUE,"사용","미사용") -> 사용 | J91: 패치 | K91: DAS | L91: DAS 서원주30 WEST | M91: KEPCO | N91: =IF(F91=TRUE,"X","O") -> X | AO91: 21.06시설(비금속)
A92: 강원본부 | B92: 원주전력소 | C92: 서원주변전소 | D92: 원주SA | E92: 17 | F92: =ISTEXT(L92) -> FALSE | G92: 배전지능화 | H92: 비금속광케이블 | I92: =IF(F92=TRUE,"사용","미사용") -> 미사용 | N92: =IF(F92=TRUE,"X","O") -> O | AA92: 6.101 | AB92: 1.994 | AC92: 1.209 | AD92: 44438 | AE92: 6.076 | AF92: 2.179 | AG92: 1.254 | AH92: 44652 | AO92: 21.06시설(비금속)
A93: 강원본부 | B93: 원주전력소 | C93: 서원주변전소 | D93: 원주SA | E93: 18 | F93: =ISTEXT(L93) -> FALSE | G93: 배전지능화 | H93: 비금속광케이블 | I93: =IF(F93=TRUE,"사용","미사용") -> 미사용 | N93: =IF(F93=TRUE,"X","O") -> O | AA93: 6.096 | AB93: 2.072 | AC93: 1.254 | AD93: 44438 | AE93: 6.083 | AF93: 2.18 | AG93: 1.359 | AH93: 44652 | AO93: 21.06시설(비금속)
A94: 강원본부 | B94: 원주전력소 | C94: 서원주변전소 | D94: 원주SA | E94: 19 | F94: =ISTEXT(L94) -> TRUE | G94: 배전지능화 | H94: 비금속광케이블 | I94: =IF(F94=TRUE,"사용","미사용") -> 사용 | J94: 패치 | K94: 기타 | L94: Kepcit 우회용 광패치19 | M94: KEPCO | N94: =IF(F94=TRUE,"X","O") -> X | AO94: 21.06시설(비금속)
A95: 강원본부 | B95: 원주전력소 | C95: 서원주변전소 | D95: 원주SA | E95: 20 | F95: =ISTEXT(L95) -> TRUE | G95: 배전지능화 | H95: 비금속광케이블 | I95: =IF(F95=TRUE,"사용","미사용") -> 사용 | J95: 패치 | K95: 기타 | L95: Kepcit 우회용 광패치20 | M95: KEPCO | N95: =IF(F95=TRUE,"X","O") -> X | O95: 5.038 | P95: 1.838 | Q95: 1.113 | R95: 43248 | S95: 5.083 | T95: 1.786 | U95: 1.124 | V95: 43703 | AO95: 21.06시설(비금속)
A96: 강원본부 | B96: 원주전력소 | C96: 서원주변전소 | D96: 원주SA | E96: 21 | F96: =ISTEXT(L96) -> TRUE | G96: 배전지능화 | H96: 비금속광케이블 | I96: =IF(F96=TRUE,"사용","미사용") -> 사용 | J96: 패치 | K96: 기타 | L96: Kepcit 우회용 광패치21 | M96: KEPCO | N96: =IF(F96=TRUE,"X","O") -> X | O96: 5.038 | P96: 1.714 | Q96: 1.093 | R96: 43248 | S96: 5.084 | T96: 1.677 | U96: 1.161 | V96: 43703 | AO96: 21.06시설(비금속)
A97: 강원본부 | B97: 원주전력소 | C97: 서원주변전소 | D97: 원주SA | E97: 22 | F97: =ISTEXT(L97) -> TRUE | G97: 배전지능화 | H97: 비금속광케이블 | I97: =IF(F97=TRUE,"사용","미사용") -> 사용 | J97: 패치 | K97: 기타 | L97: Kepcit 우회용 광패치22 | M97: KEPCO | N97: =IF(F97=TRUE,"X","O") -> X | O97: 5.045 | P97: 1.664 | Q97: 1.033 | R97: 43248 | S97: 5.083 | T97: 1.817 | U97: 1.035 | V97: 43703 | AO97: 21.06시설(비금속)
A98: 강원본부 | B98: 원주전력소 | C98: 서원주변전소 | D98: 원주SA | E98: 23 | F98: =ISTEXT(L98) -> TRUE | G98: 배전지능화 | H98: 비금속광케이블 | I98: =IF(F98=TRUE,"사용","미사용") -> 사용 | J98: 패치 | K98: 기타 | L98: Kepcit 우회용 광패치23 | M98: KEPCO | N98: =IF(F98=TRUE,"X","O") -> X | S98: 5.084 | T98: 2.029 | U98: 1.277 | V98: 43703 | AO98: 21.06시설(비금속)
A99: 강원본부 | B99: 원주전력소 | C99: 서원주변전소 | D99: 원주SA | E99: 24 | F99: =ISTEXT(L99) -> TRUE | G99: 배전지능화 | H99: 비금속광케이블 | I99: =IF(F99=TRUE,"사용","미사용") -> 사용 | J99: 패치 | K99: 기타 | L99: Kepcit 우회용 광패치24 | M99: KEPCO | N99: =IF(F99=TRUE,"X","O") -> X | O99: 5.037 | P99: 1.87 | Q99: 1.283 | R99: 43248 | S99: 5.083 | T99: 1.871 | U99: 1.234 | V99: 43703 | AO99: 21.06시설(비금속)

Sheet 북원주
A1: ■ 강원본부 OFD 선번장(북원주) | L1: ※ 코아명칭 부여 PTP : COT측 장비 광출력 기준 링 : 링방향 West 광출력 기준
AO2: =원주!AS2 -> 45601 | AU2: 용도
A3: 본부 | B3: 관리사업소 | C3: 설치장소 | D3: 상대국명 | E3: 코어 선번 | F3: 사용여부판단 | G3: 송전선로 관리번호 | H3: 송전, 배전 선로명 | I3: 사용 여부 | J3: 융착/ 패치 | K3: 용도 | L3: 수용내역 | M3: 사용회사 | N3: 측정가능 여부 | O3: 측정거리 (km) | P3: 측정DATA 1310 (dB) | Q3: 측정DATA 1550 (dB) | R3: 측정일자 | S3: 측정거리 (km) | T3: 측정DATA 1310 (dB) | U3: 측정DATA 1550 (dB) | V3: 측정일자 | W3: 측정거리 (km) | X3: 측정DATA 1310 (dB) | Y3: 측정DATA 1550 (dB) | Z3: 측정일자 | AA3: 측정거리 (km) | AB3: 측정DATA 1310 (dB) | AC3: 측정DATA 1550 (dB) | AD3: 측정일자 | AE3: 측정거리 (km) | AF3: 측정DATA 1310 (dB) | AG3: 측정DATA 1550 (dB) | AH3: 측정일자 | AI3: 측정거리 (km) | AJ3: 측정DATA 1310 (dB) | AK3: 측정DATA 1550 (dB) | AL3: 측정일자 | AM3: 접속개소 | AN3: 상태 판단 | AO3: 비고 | AU3: 소형광단국
A4: 강원본부 | B4: 원주전력소 | C4: 북원주변전소 | D4: 원주전력소 | E4: 1 | F4: =ISTEXT(L4) -> FALSE | G4: 1000005969 | H4: 원주북원주#2 T/L | I4: =IF(F4=TRUE,"사용","미사용") -> 미사용 | J4: 패치 | M4: KEPCO | N4: =IF(F4=TRUE,"X","O") -> O | Z4: 43887 | AI4: 12.396 | AJ4: 4.802 | AK4: 5.381 | AL4: 44980 | AU4: 통합단말
A5: 강원본부 | B5: 원주전력소 | C5: 북원주변전소 | D5: 원주전력소 | E5: 2 | F5: =ISTEXT(L5) -> FALSE | G5: 1000005969 | H5: 원주북원주#2 T/L | I5: =IF(F5=TRUE,"사용","미사용") -> 미사용 | J5: 패치 | M5: KEPCO | N5: =IF(F5=TRUE,"X","O") -> O | AI5: 12.4 | AJ5: 4.939 | AK5: 5.512 | AL5: 44980 | AU5: KepCIT
A6: 강원본부 | B6: 원주전력소 | C6: 북원주변전소 | D6: 원주전력소 | E6: 3 | F6: =ISTEXT(L6) -> FALSE | G6: 1000005969 | H6: 원주북원주#2 T/L | I6: =IF(F6=TRUE,"사용","미사용") -> 미사용 | J6: 패치 | M6: KEPCO | N6: =IF(F6=TRUE,"X","O") -> O | AI6: 12.398 | AJ6: 4.546 | AK6: 4.546 | AL6: 44980 | AU6: 광스위치
A7: 강원본부 | B7: 원주전력소 | C7: 북원주변전소 | D7: 원주전력소 | E7: 4 | F7: =ISTEXT(L7) -> FALSE | G7: 1000005969 | H7: 원주북원주#2 T/L | I7: =IF(F7=TRUE,"사용","미사용") -> 미사용 | J7: 패치 | M7: KEPCO | N7: =IF(F7=TRUE,"X","O") -> O | AI7: 12.398 | AJ7: 4.864 | AK7: 4.701 | AL7: 44980 | AU7: 송변전광
A8: 강원본부 | B8: 원주전력소 | C8: 북원주변전소 | D8: 원주전력소 | E8: 5 | F8: =ISTEXT(L8) -> TRUE | G8: 1000005969 | H8: 원주북원주#2 T/L | I8: =IF(F8=TRUE,"사용","미사용") -> 사용 | J8: 패치 | K8: 통합단말 | L8: 원주전력소 GR2링(북원주-원주) OUT | M8: KEPCO | N8: =IF(F8=TRUE,"X","O") -> X | AU8: 임대
A9: 강원본부 | B9: 원주전력소 | C9: 북원주변전소 | D9: 원주전력소 | E9: 6 | F9: =ISTEXT(L9) -> TRUE | G9: 1000005969 | H9: 원주북원주#2 T/L | I9: =IF(F9=TRUE,"사용","미사용") -> 사용 | J9: 패치 | K9: 통합단말 | L9: 원주전력소 GR2링(북원주-원주) IN | M9: KEPCO | N9: =IF(F9=TRUE,"X","O") -> X | AU9: PTPU
A10: 강원본부 | B10: 원주전력소 | C10: 북원주변전소 | D10: 원주전력소 | E10: 7 | F10: =ISTEXT(L10) -> TRUE | G10: 1000005969 | H10: 원주북원주#2 T/L | I10: =IF(F10=TRUE,"사용","미사용") -> 사용 | J10: 패치 | K10: 광스위치 | L10: 디지탈스카다㈜(원주-북원주) | M10: KEPCO | N10: =IF(F10=TRUE,"X","O") -> X | AU10: SCADA
A11: 강원본부 | B11: 원주전력소 | C11: 북원주변전소 | D11: 원주전력소 | E11: 8 | F11: =ISTEXT(L11) -> FALSE | G11: 1000005969 | H11: 원주북원주#2 T/L | I11: =IF(F11=TRUE,"사용","미사용") -> 미사용 | N11: =IF(F11=TRUE,"X","O") -> O | O11: 12.151 | P11: 4.37 | Q11: 3.18 | R11: 43248 | S11: 12.197 | T11: 4.414 | U11: 4.225 | V11: 43703 | W11: 12.398 | X11: 4.513 | Y11: 4.635 | Z11: 43887 | AA11: 12.404 | AB11: 4.498 | AC11: 5.85 | AD11: 44361 | AE11: 12.396 | AF11: 4.414 | AG11: 4.803 | AH11: 44650 | AI11: 12.398 | AJ11: 4.76 | AK11: 3.651 | AL11: 44980 | AU11: PITR
A12: 강원본부 | B12: 원주전력소 | C12: 북원주변전소 | D12: 원주전력소 | E12: 9 | F12: =ISTEXT(L12) -> TRUE | G12: 1000005969 | H12: 원주북원주#2 T/L | I12: =IF(F12=TRUE,"사용","미사용") -> 사용 | J12: 패치 | K12: 송변전광 | L12: 원주-북원주 송변전광 W-OUT | M12: KEPCO | N12: =IF(F12=TRUE,"X","O") -> X | O12: 12.15 | P12: 4.469 | Q12: 3.19 | R12: 43248 | AU12: DAS
A13: 강원본부 | B13: 원주전력소 | C13: 북원주변전소 | D13: 원주전력소 | E13: 10 | F13: =ISTEXT(L13) -> TRUE | G13: 1000005969 | H13: 원주북원주#2 T/L | I13: =IF(F13=TRUE,"사용","미사용") -> 사용 | J13: 패치 | K13: 송변전광 | L13: 원주-북원주 송변전광 W-IN | M13: KEPCO | N13: =IF(F13=TRUE,"X","O") -> X | O13: 12.15 | P13: 4.174 | Q13: 3.078 | R13: 43248 | AU13: 기타
A14: 강원본부 | B14: 원주전력소 | C14: 북원주변전소 | D14: 원주전력소 | E14: 11 | F14: =ISTEXT(L14) -> TRUE | G14: 1000005969 | H14: 원주북원주#2 T/L | I14: =IF(F14=TRUE,"사용","미사용") -> 사용 | J14: 패치 | K14: 송PTPU | L14: 원주-북원주 송PTPU EAST | M14: KEPCO | N14: =IF(F14=TRUE,"X","O") -> X | O14: 12.15 | P14: 4.317 | Q14: 3.085 | R14: 43248 | S14: 12.197 | T14: 4.353 | U14: 3.727 | V14: 43703 | W14: 12.398 | X14: 4.267 | Y14: 3.787 | Z14: 43887 | AC14: 5.168 | AD14: 44361 | AE14: 12.396 | AF14: 4.29 | AG14: 4.131 | AH14: 44650 | AU14: 송PTPU
A15: 강원본부 | B15: 원주전력소 | C15: 북원주변전소 | D15: 원주전력소 | E15: 12 | F15: =ISTEXT(L15) -> TRUE | G15: 1000005969 | H15: 원주북원주#2 T/L | I15: =IF(F15=TRUE,"사용","미사용") -> 사용 | J15: 패치 | K15: 송PTPU | L15: 원주-북원주 송PTPU WEST | M15: KEPCO | N15: =IF(F15=TRUE,"X","O") -> X | O15: 12.15 | P15: 4.32 | Q15: 2.893 | R15: 43248 | S15: 12.207 | T15: 4.235 | U15: 2.96 | V15: 43703 | W15: 12.406 | X15: 4.326 | Y15: 3.134 | Z15: 43887 | AA15: 12.39 | AC15: 4.503 | AD15: 44361 | AE15: 12.398 | AF15: 4.293 | AG15: 3.542 | AH15: 44650
A16: 강원본부 | B16: 원주전력소 | C16: 북원주변전소 | D16: 원주전력소 | E16: 13 | F16: =ISTEXT(L16) -> FALSE | G16: 1000005969 | H16: 원주북원주#2 T/L | I16: =IF(F16=TRUE,"사용","미사용") -> 미사용 | N16: =IF(F16=TRUE,"X","O") -> O | S16: 12.19 | T16: 4.676 | U16: 2.989 | V16: 43703 | W16: 12.394 | X16: 4.591 | Y16: 2.945 | Z16: 43887 | AA16: 12.4 | AB16: 4.735 | AC16: 3.38 | AD16: 44361 | AE16: 12.396 | AF16: 4.647 | AG16: 3.391 | AH16: 44650 | AI16: 12.402 | AJ16: 4.704 | AK16: 3.816 | AL16: 44980
A17: 강원본부 | B17: 원주전력소 | C17: 북원주변전소 | D17: 원주전력소 | E17: 14 | F17: =ISTEXT(L17) -> FALSE | G17: 1000005969 | H17: 원주북원주#2 T/L | I17: =IF(F17=TRUE,"사용","미사용") -> 미사용 | N17: =IF(F17=TRUE,"X","O") -> O | S17: 12.19 | T17: 4.546 | U17: 3.037 | V17: 43703 | W17: 12.396 | X17: 4.504 | Y17: 2.94 | Z17: 43887 | AB17: 4.515 | AC17: 3.1 | AD17: 44361 | AE17: 12.396 | AF17: 4.529 | AG17: 3.145 | AH17: 44650 | AI17: 12.396 | AJ17: 4.586 | AK17: 3.356 | AL17: 44980
A18: 강원본부 | B18: 원주전력소 | C18: 북원주변전소 | D18: 원주전력소 | E18: 15 | F18: =ISTEXT(L18) -> FALSE | G18: 1000005969 | H18: 원주북원주#2 T/L | I18: =IF(F18=TRUE,"사용","미사용") -> 미사용 | N18: =IF(F18=TRUE,"X","O") -> O | S18: 12.19 | T18: 4.462 | U18: 2.872 | V18: 43703 | W18: 12.402 | X18: 4.65 | Y18: 3.159 | Z18: 43887 | AB18: 4.687 | AC18: 3.331 | AD18: 44361 | AE18: 12.4 | AF18: 4.62 | AG18: 3.494 | AH18: 44650 | AI18: 12.402 | AJ18: 4.675 | AK18: 4.05 | AL18: 44980
A19: 강원본부 | B19: 원주전력소 | C19: 북원주변전소 | D19: 원주전력소 | E19: 16 | F19: =ISTEXT(L19) -> FALSE | G19: 1000005969 | H19: 원주북원주#2 T/L | I19: =IF(F19=TRUE,"사용","미사용") -> 미사용 | N19: =IF(F19=TRUE,"X","O") -> O | S19: 12.19 | T19: 4.287 | U19: 2.868 | V19: 43703 | W19: 12.4 | X19: 4.517 | Y19: 2.993 | Z19: 43887 | AA19: 12.4 | AB19: 4.529 | AC19: 3.284 | AD19: 44361 | AE19: 12.404 | AF19: 4.498 | AG19: 3.457 | AH19: 44650 | AI19: 12.4 | AJ19: 4.553 | AK19: 3.259 | AL19: 44980
A20: 강원본부 | B20: 원주전력소 | C20: 북원주변전소 | D20: 원주전력소 | E20: 17 | F20: =ISTEXT(L20) -> FALSE | G20: 1000005969 | H20: 원주북원주#2 T/L | I20: =IF(F20=TRUE,"사용","미사용") -> 미사용 | N20: =IF(F20=TRUE,"X","O") -> O | S20: 12.19 | T20: 4.51 | U20: 3.62 | V20: 43703 | W20: 12.398 | X20: 4.396 | Y20: 3.49 | Z20: 43887 | AA20: 12.4 | AB20: 4.569 | AC20: 3.941 | AD20: 44361 | AE20: 12.4 | AF20: 4.519 | AG20: 3.79 | AH20: 44650 | AI20: 12.4 | AJ20: 5.038 | AK20: 3.88 | AL20: 44980
A21: 강원본부 | B21: 원주전력소 | C21: 북원주변전소 | D21: 원주전력소 | E21: 18 | F21: =ISTEXT(L21) -> FALSE | G21: 1000005969 | H21: 원주북원주#2 T/L | I21: =IF(F21=TRUE,"사용","미사용") -> 미사용 | N21: =IF(F21=TRUE,"X","O") -> O | S21: 12.19 | T21: 4.166 | U21: 2.671 | V21: 43703 | W21: 12.4 | X21: 4.133 | Y21: 2.693 | Z21: 43887 | AA21: 12.4 | AB21: 3.912 | AC21: 3.355 | AD21: 44361 | AE21: 12.396 | AF21: 4.136 | AG21: 3.276 | AH21: 44650 | AI21: 12.396 | AJ21: 4.534 | AK21: 3.909 | AL21: 44980
A22: 강원본부 | B22: 원주전력소 | C22: 북원주변전소 | D22: 원주전력소 | E22: 19 | F22: =ISTEXT(L22) -> FALSE | G22: 1000005969 | H22: 원주북원주#2 T/L | I22: =IF(F22=TRUE,"사용","미사용") -> 미사용 | N22: =IF(F22=TRUE,"X","O") -> O | O22: 12.15 | P22: 4.305 | Q22: 2.855 | R22: 43248 | S22: 12.194 | T22: 4.36 | U22: 3.05 | V22: 43703 | W22: 12.404 | X22: 4.765 | Y22: 3.131 | Z22: 43887 | AA22: 12.4 | AB22: 4.787 | AC22: 3.366 | AD22: 44361 | AE22: 12.398 | AF22: 4.747 | AG22: 3.48 | AH22: 44650 | AI22: 12.398 | AJ22: 5.109 | AK22: 3.951 | AL22: 44980
A23: 강원본부 | B23: 원주전력소 | C23: 북원주변전소 | D23: 원주전력소 | E23: 20 | F23: =ISTEXT(L23) -> FALSE | G23: 1000005969 | H23: 원주북원주#2 T/L | I23: =IF(F23=TRUE,"사용","미사용") -> 미사용 | N23: =IF(F23=TRUE,"X","O") -> O | O23: 12.14 | P23: 4.326 | Q23: 2.924 | R23: 43248 | S23: 15.851 | T23: 4.332 | U23: 2.867 | V23: 43703 | W23: 12.398 | X23: 4.422 | Y23: 3.823 | Z23: 43887 | AA23: 12.4 | AB23: 4.392 | AC23: 2.743 | AD23: 44361 | AE23: 12.402 | AF23: 4.384 | AG23: 3.228 | AH23: 44650 | AI23: 12.402 | AJ23: 4.805 | AK23: 3.212 | AL23: 44980
A24: 강원본부 | B24: 원주전력소 | C24: 북원주변전소 | D24: 원주전력소 | E24: 21 | F24: =ISTEXT(L24) -> TRUE | G24: 1000005969 | H24: 원주북원주#2 T/L | I24: =IF(F24=TRUE,"사용","미사용") -> 사용 | K24: DAS | L24: DAS | M24: KEPCO | N24: =IF(F24=TRUE,"X","O") -> X | O24: 6.88 | P24: 2.77 | Q24: 1.756 | R24: 43248 | W24: 6.884 | X24: 2.315 | Y24: 1.404 | Z24: 43887 | AA24: 6.8 | AB24: 2.7 | AC24: 1.883 | AD24: 44361 | AE24: 6.883 | AF24: 2.772 | AG24: 2.206 | AH24: 44650 | AO24: 접속함체에서 연결
A25: 강원본부 | B25: 원주전력소 | C25: 북원주변전소 | D25: 원주전력소 | E25: 22 | F25: =ISTEXT(L25) -> TRUE | G25: 1000005969 | H25: 원주북원주#2 T/L | I25: =IF(F25=TRUE,"사용","미사용") -> 사용 | K25: DAS | L25: DAS | M25: KEPCO | N25: =IF(F25=TRUE,"X","O") -> X | O25: 6.88 | P25: 2.308 | Q25: 1.397 | R25: 43248 | W25: 6.804 | X25: 2.426 | Y25: 1.418 | Z25: 43887 | AA25: 6.8 | AB25: 2.319 | AC25: 1.531 | AD25: 44361 | AE25: 6.883 | AF25: 2.318 | AG25: 1.927 | AH25: 44650 | AO25: 접속함체에서 연결
A26: 강원본부 | B26: 원주전력소 | C26: 북원주변전소 | D26: 원주전력소 | E26: 23 | F26: =ISTEXT(L26) -> TRUE | G26: 1000005969 | H26: 원주북원주#2 T/L | I26: =IF(F26=TRUE,"사용","미사용") -> 사용 | K26: DAS | L26: DAS | M26: KEPCO | N26: =IF(F26=TRUE,"X","O") -> X | O26: 6.88 | P26: 2.411 | Q26: 1.415 | R26: 43248 | AA26: 6.8 | AB26: 2.419 | AC26: 1.514 | AD26: 44361 | AE26: 6.883 | AF26: 2.419 | AG26: 1.96 | AH26: 44650 | AO26: 접속함체에서 연결
A27: 강원본부 | B27: 원주전력소 | C27: 북원주변전소 | D27: 원주전력소 | E27: 24 | F27: =ISTEXT(L27) -> TRUE | G27: 1000005969 | H27: 원주북원주#2 T/L | I27: =IF(F27=TRUE,"사용","미사용") -> 사용 | K27: DAS | L27: DAS | M27: KEPCO | N27: =IF(F27=TRUE,"X","O") -> X | O27: 6.88 | P27: 2.75 | Q27: 1.737 | R27: 43248 | AA27: 6.8 | AB27: 2.771 | AC27: 1.898 | AD27: 44361 | AE27: 6.883 | AF27: 2.771 | AG27: 2.207 | AH27: 44650 | AO27: 접속함체에서 연결
A28: 강원본부 | B28: 원주전력소 | C28: 북원주변전소 | D28: 횡성변전소 | E28: 25 | F28: =ISTEXT(L28) -> FALSE | G28: 1000005969 | H28: 원주북원주#2 T/L | I28: =IF(F28=TRUE,"사용","미사용") -> 미사용 | M28: KEPCO | N28: =IF(F28=TRUE,"X","O") -> O | AI28: 39.74 | AJ28: 13.327 | AK28: 8.831 | AL28: 44980
A29: 강원본부 | B29: 원주전력소 | C29: 북원주변전소 | D29: 횡성변전소 | E29: 26 | F29: =ISTEXT(L29) -> FALSE | G29: 1000005969 | H29: 원주북원주#2 T/L | I29: =IF(F29=TRUE,"사용","미사용") -> 미사용 | M29: KEPCO | N29: =IF(F29=TRUE,"X","O") -> O | AI29: 39.753 | AJ29: 14.805 | AK29: 9.574 | AL29: 44980
A30: 강원본부 | B30: 원주전력소 | C30: 북원주변전소 | D30: 횡성변전소 | E30: 27 | F30: =ISTEXT(L30) -> FALSE | G30: 1000005969 | H30: 원주북원주#2 T/L | I30: =IF(F30=TRUE,"사용","미사용") -> 미사용 | M30: KEPCO | N30: =IF(F30=TRUE,"X","O") -> O | AI30: 39.695 | AJ30: 13.558 | AK30: 8.59 | AL30: 44980
A31: 강원본부 | B31: 원주전력소 | C31: 북원주변전소 | D31: 횡성변전소 | E31: 28 | F31: =ISTEXT(L31) -> FALSE | G31: 1000005969 | H31: 원주북원주#2 T/L | I31: =IF(F31=TRUE,"사용","미사용") -> 미사용 | M31: KEPCO | N31: =IF(F31=TRUE,"X","O") -> O | AI31: 39.819 | AJ31: 13.831 | AK31: 8.962 | AL31: 44980
A32: 강원본부 | B32: 원주전력소 | C32: 북원주변전소 | D32: 횡성변전소 | E32: 29 | F32: =ISTEXT(L32) -> TRUE | G32: 1000005969 | H32: 원주북원주#2 T/L | I32: =IF(F32=TRUE,"사용","미사용") -> 사용 | J32: 패치 | K32: 통합단말 | L32: 원주전력소 GR2링(횡성-북원주) OUT | M32: KEPCO | N32: =IF(F32=TRUE,"X","O") -> X
A33: 강원본부 | B33: 원주전력소 | C33: 북원주변전소 | D33: 횡성변전소 | E33: 30 | F33: =ISTEXT(L33) -> TRUE | G33: 1000005969 | H33: 원주북원주#2 T/L | I33: =IF(F33=TRUE,"사용","미사용") -> 사용 | J33: 패치 | K33: 통합단말 | L33: 원주전력소 GR2링(횡성-북원주) IN | M33: KEPCO | N33: =IF(F33=TRUE,"X","O") -> X
A34: 강원본부 | B34: 원주전력소 | C34: 북원주변전소 | D34: 횡성변전소 | E34: 31 | F34: =ISTEXT(L34) -> TRUE | G34: 1000005969 | H34: 원주북원주#2 T/L | I34: =IF(F34=TRUE,"사용","미사용") -> 사용 | J34: 패치 | K34: 광스위치 | L34: 디지탈스카다㈜(북원주-횡성) | M34: KEPCO | N34: =IF(F34=TRUE,"X","O") -> X
A35: 강원본부 | B35: 원주전력소 | C35: 북원주변전소 | D35: 횡성변전소 | E35: 32 | F35: =ISTEXT(L35) -> TRUE | G35: 1000005969 | H35: 원주북원주#2 T/L | I35: =IF(F35=TRUE,"사용","미사용") -> 사용 | K35: 광스위치 | L35: 디지탈스카다㈜(북원주-홍천)_예정 | N35: =IF(F35=TRUE,"X","O") -> X | O35: 39.76 | P35: 13.457 | Q35: 8.354 | R35: 43248 | S35: 39.704 | T35: 13.798 | U35: 8.41 | V35: 43703 | W35: 39.769 | X35: 13.802 | Y35: 8.422 | Z35: 43887 | AA35: 39.773 | AB35: 13.638 | AC35: 8.456 | AD35: 44361 | AE35: 39.469 | AF35: 13.529 | AG35: 8.581 | AH35: 44650 | AI35: 39.736 | AJ35: 13.803 | AK35: 8.809 | AL35: 44980
A36: 강원본부 | B36: 원주전력소 | C36: 북원주변전소 | D36: 횡성변전소 | E36: 33 | F36: =ISTEXT(L36) -> TRUE | G36: 1000005969 | H36: 원주북원주#2 T/L | I36: =IF(F36=TRUE,"사용","미사용") -> 사용 | J36: 패치 | K36: 송변전광 | L36: 북원주-둔내 송변전광 W-OUT | M36: KEPCO | N36: =IF(F36=TRUE,"X","O") -> X | O36: 39.74 | P36: 13.274 | Q36: 8.106 | R36: 43248
A37: 강원본부 | B37: 원주전력소 | C37: 북원주변전소 | D37: 횡성변전소 | E37: 34 | F37: =ISTEXT(L37) -> TRUE | G37: 1000005969 | H37: 원주북원주#2 T/L | I37: =IF(F37=TRUE,"사용","미사용") -> 사용 | J37: 패치 | K37: 송변전광 | L37: 북원주-둔내 송변전광 W-IN | M37: KEPCO | N37: =IF(F37=TRUE,"X","O") -> X | O37: 39.84 | P37: 15.301 | Q37: 8.09 | R37: 43248
A38: 강원본부 | B38: 원주전력소 | C38: 북원주변전소 | D38: 횡성변전소 | E38: 35 | F38: =ISTEXT(L38) -> FALSE | G38: 1000005969 | H38: 원주북원주#2 T/L | I38: =IF(F38=TRUE,"사용","미사용") -> 미사용 | N38: =IF(F38=TRUE,"X","O") -> O | O38: 39.86 | P38: 21.932 | Q38: 8.44 | R38: 43248 | S38: 39.749 | T38: 13.706 | U38: 9.415 | V38: 43703 | W38: 39.724 | X38: 13.7 | Y38: 9.252 | Z38: 43887 | AA38: 39.7 | AB38: 13.603 | AC38: 8.585 | AD38: 44361 | AE38: 39.753 | AF38: 13.713 | AG38: 8.708 | AH38: 44650 | AI38: 39.761 | AJ38: 13.736 | AK38: 8.771 | AL38: 44980
A39: 강원본부 | B39: 원주전력소 | C39: 북원주변전소 | D39: 횡성변전소 | E39: 36 | F39: =ISTEXT(L39) -> FALSE | G39: 1000005969 | H39: 원주북원주#2 T/L | I39: =IF(F39=TRUE,"사용","미사용") -> 미사용 | N39: =IF(F39=TRUE,"X","O") -> O | O39: 39.73 | P39: 13.458 | Q39: 8.157 | R39: 43248 | S39: 39.749 | T39: 13.497 | U39: 8.945 | V39: 43703 | W39: 39.736 | X39: 13.49 | Y39: 8.999 | Z39: 43887 | AA39: 39.7 | AB39: 13.396 | AC39: 8.31 | AD39: 44361 | AE39: 39.745 | AF39: 13.599 | AG39: 8.461 | AH39: 44650 | AI39: 39.74 | AJ39: 13.465 | AK39: 8.578 | AL39: 44980
A40: 강원본부 | B40: 원주전력소 | C40: 북원주변전소 | D40: 횡성변전소 | E40: 37 | F40: =ISTEXT(L40) -> FALSE | G40: 1000005969 | H40: 원주북원주#2 T/L | I40: =IF(F40=TRUE,"사용","미사용") -> 미사용 | N40: =IF(F40=TRUE,"X","O") -> O | O40: 39.75 | P40: 13.445 | Q40: 8.327 | R40: 43248 | S40: 39.732 | T40: 13.487 | U40: 8.353 | V40: 43703 | W40: 39.74 | X40: 13.808 | Y40: 8.256 | Z40: 43887 | AA40: 39.7 | AB40: 13.487 | AC40: 8.313 | AD40: 44361 | AE40: 39.736 | AF40: 13.338 | AG40: 8.285 | AH40: 44650 | AI40: 39.753 | AJ40: 13.705 | AK40: 8.901 | AL40: 44980
A41: 강원본부 | B41: 원주전력소 | C41: 북원주변전소 | D41: 횡성변전소 | E41: 38 | F41: =ISTEXT(L41) -> FALSE | G41: 1000005969 | H41: 원주북원주#2 T/L | I41: =IF(F41=TRUE,"사용","미사용") -> 미사용 | N41: =IF(F41=TRUE,"X","O") -> O | O41: 39.74 | P41: 13.63 | Q41: 8.138 | R41: 43248 | S41: 39.745 | T41: 13.749 | U41: 8.599 | V41: 43703 | W41: 39.736 | X41: 13.658 | Y41: 8.534 | Z41: 43887 | AA41: 39.7 | AB41: 13.605 | AC41: 8.628 | AD41: 44361 | AE41: 39.74 | AF41: 13.612 | AG41: 8.647 | AH41: 44650 | AI41: 39.732 | AJ41: 13.585 | AK41: 9.084 | AL41: 44980
A42: 강원본부 | B42: 원주전력소 | C42: 북원주변전소 | D42: 횡성변전소 | E42: 39 | F42: =ISTEXT(L42) -> TRUE | G42: 1000005969 | H42: 원주북원주#2 T/L | I42: =IF(F42=TRUE,"사용","미사용") -> 사용 | J42: 패치 | K42: PTPU | L42: 북원주-횡성 PTPU W-IN | M42: KEPCO | N42: =IF(F42=TRUE,"X","O") -> X
A43: 강원본부 | B43: 원주전력소 | C43: 북원주변전소 | D43: 횡성변전소 | E43: 40 | F43: =ISTEXT(L43) -> TRUE | G43: 1000005969 | H43: 원주북원주#2 T/L | I43: =IF(F43=TRUE,"사용","미사용") -> 사용 | J43: 패치 | K43: PTPU | L43: 북원주-횡성 PTPU W-OUT | M43: KEPCO | N43: =IF(F43=TRUE,"X","O") -> X
A44: 강원본부 | B44: 원주전력소 | C44: 북원주변전소 | D44: 횡성변전소 | E44: 41 | F44: =ISTEXT(L44) -> TRUE | G44: 1000005969 | H44: 원주북원주#2 T/L | I44: =IF(F44=TRUE,"사용","미사용") -> 사용 | J44: 패치 | K44: PTPU | L44: 북원주-횡성 PTPU E-IN | M44: KEPCO | N44: =IF(F44=TRUE,"X","O") -> X
A45: 강원본부 | B45: 원주전력소 | C45: 북원주변전소 | D45: 횡성변전소 | E45: 42 | F45: =ISTEXT(L45) -> TRUE | G45: 1000005969 | H45: 원주북원주#2 T/L | I45: =IF(F45=TRUE,"사용","미사용") -> 사용 | J45: 패치 | K45: PTPU | L45: 북원주-횡성 PTPU E-OUT | M45: KEPCO | N45: =IF(F45=TRUE,"X","O") -> X
A46: 강원본부 | B46: 원주전력소 | C46: 북원주변전소 | D46: 횡성변전소 | E46: 43 | F46: =ISTEXT(L46) -> FALSE | G46: 1000005969 | H46: 원주북원주#2 T/L | I46: =IF(F46=TRUE,"사용","미사용") -> 미사용 | N46: =IF(F46=TRUE,"X","O") -> O | O46: 39.75 | P46: 12.942 | Q46: 8.088 | R46: 43248 | S46: 39.753 | T46: 13.034 | U46: 8.124 | V46: 43703 | W46: 39.745 | X46: 13.093 | Y46: 8.056 | Z46: 43887 | AA46: 39.7 | AB46: 13.106 | AC46: 8.125 | AD46: 44361 | AE46: 39.74 | AF46: 13.091 | AG46: 8.22 | AH46: 44650 | AI46: 39.753 | AJ46: 12.066 | AK46: 9.206 | AL46: 44980
A47: 강원본부 | B47: 원주전력소 | C47: 북원주변전소 | D47: 횡성변전소 | E47: 44 | F47: =ISTEXT(L47) -> FALSE | G47: 1000005969 | H47: 원주북원주#2 T/L | I47: =IF(F47=TRUE,"사용","미사용") -> 미사용 | N47: =IF(F47=TRUE,"X","O") -> O | O47: 39.86 | P47: 21.575 | Q47: 8.363 | R47: 43248 | S47: 39.745 | T47: 13.447 | U47: 8.456 | V47: 43703 | W47: 39.74 | X47: 13.447 | Y47: 8.366 | Z47: 43887 | AA47: 39.7 | AB47: 13.552 | AC47: 8.446 | AD47: 44361 | AE47: 39.74 | AF47: 13.458 | AG47: 8.427 | AH47: 44650 | AI47: 39.74 | AJ47: 13.297 | AK47: 9.09 | AL47: 44980
A48: 강원본부 | B48: 원주전력소 | C48: 북원주변전소 | D48: 횡성변전소 | E48: 45 | F48: =ISTEXT(L48) -> FALSE | G48: 1000005969 | H48: 원주북원주#2 T/L | I48: =IF(F48=TRUE,"사용","미사용") -> 미사용 | N48: =IF(F48=TRUE,"X","O") -> O | O48: 39.749 | P48: 13.174 | Q48: 8.075 | R48: 43248 | S48: 39.921 | T48: 13.101 | U48: 8.11 | V48: 43703 | W48: 39.72 | X48: 13.13 | Y48: 8.198 | Z48: 43887 | AA48: 39.7 | AB48: 13.32 | AC48: 8.242 | AD48: 44361 | AE48: 39.753 | AF48: 13.32 | AG48: 8.571 | AH48: 44650 | AI48: 39.745 | AJ48: 13.59 | AK48: 10.965 | AL48: 44980
A49: 강원본부 | B49: 원주전력소 | C49: 북원주변전소 | D49: 횡성변전소 | E49: 46 | F49: =ISTEXT(L49) -> FALSE | G49: 1000005969 | H49: 원주북원주#2 T/L | I49: =IF(F49=TRUE,"사용","미사용") -> 미사용 | N49: =IF(F49=TRUE,"X","O") -> O | O49: 39.712 | P49: 13.093 | Q49: 8.189 | R49: 43248 | S49: 39.761 | T49: 13.12 | U49: 8.213 | V49: 43703 | W49: 39.753 | X49: 13.217 | Y49: 8.131 | Z49: 43887 | AA49: 39.7 | AB49: 13.2 | AC49: 8.261 | AD49: 44361 | AE49: 39.732 | AF49: 13.114 | AG49: 8.245 | AH49: 44650 | AI49: 39.724 | AJ49: 13.144 | AK49: 8.898 | AL49: 44980
A50: 강원본부 | B50: 원주전력소 | C50: 북원주변전소 | D50: 횡성변전소 | E50: 47 | F50: =ISTEXT(L50) -> FALSE | G50: 1000005969 | H50: 원주북원주#2 T/L | I50: =IF(F50=TRUE,"사용","미사용") -> 미사용 | N50: =IF(F50=TRUE,"X","O") -> O | O50: 39.74 | P50: 13.371 | Q50: 8.218 | R50: 43248 | S50: 39.835 | T50: 12.955 | U50: 8.28 | V50: 43703 | W50: 39.749 | X50: 13.562 | Y50: 8.185 | Z50: 43887 | AA50: 39.7 | AB50: 13.519 | AC50: 8.318 | AD50: 44361 | AE50: 39.74 | AF50: 13.368 | AG50: 8.376 | AH50: 44650 | AI50: 39.745 | AJ50: 13.401 | AK50: 8.868 | AL50: 44980
A51: 강원본부 | B51: 원주전력소 | C51: 북원주변전소 | D51: 횡성변전소 | E51: 48 | F51: =ISTEXT(L51) -> FALSE | G51: 1000005969 | H51: 원주북원주#2 T/L | I51: =IF(F51=TRUE,"사용","미사용") -> 미사용 | N51: =IF(F51=TRUE,"X","O") -> O | O51: 39.74 | P51: 13.211 | Q51: 8.39 | R51: 43248 | S51: 39.753 | T51: 13.343 | U51: 8.51 | V51: 43703 | W51: 39.749 | X51: 13.289 | Y51: 8.466 | Z51: 43887 | AA51: 39.7 | AB51: 12.811 | AC51: 8.322 | AD51: 44361 | AE51: 39.745 | AF51: 13.219 | AG51: 8.372 | AH51: 44650 | AI51: 39.724 | AJ51: 13.388 | AK51: 9.137 | AL51: 44980
A52: 강원본부 | B52: 원주전력소 | C52: 북원주변전소 | D52: 횡성지점 | E52: 1 | F52: =ISTEXT(#REF!) -> FALSE | G52: 배전지능화 | H52: 비금속자가망 | I52: =IF(F52=TRUE,"사용","미사용") -> 미사용 | J52: 패치 | K52: KepCIT | L52: 차세대전력통신망 강원2링(횡성지사-원주지사) | M52: KEPCO | N52: =IF(F52=TRUE,"X","O") -> O | AO52: 24.12.04, 5,6 -> 1,2
A53: 강원본부 | B53: 원주전력소 | C53: 북원주변전소 | D53: 횡성지점 | E53: 2 | F53: =ISTEXT(#REF!) -> FALSE | G53: 배전지능화 | H53: 비금속자가망 | I53: =IF(F53=TRUE,"사용","미사용") -> 미사용 | J53: 패치 | K53: KepCIT | L53: 차세대전력통신망 강원2링(횡성지사-원주지사) | M53: KEPCO | N53: =IF(F53=TRUE,"X","O") -> O | AO53: 24.12.04, 5,6 -> 1,2
A54: 강원본부 | B54: 원주전력소 | C54: 북원주변전소 | D54: 횡성지점 | E54: 3 | F54: =ISTEXT(L54) -> FALSE | G54: 배전지능화 | H54: 비금속자가망 | I54: =IF(F54=TRUE,"사용","미사용") -> 미사용 | N54: =IF(F54=TRUE,"X","O") -> O | S54: 47.85 | T54: 18.15 | U54: 12.159 | V54: 43703 | W54: 47.851 | X54: 18.533 | Y54: 12.202 | Z54: 43887 | AA54: 47.87 | AB54: 18.79 | AC54: 12.617 | AD54: 44378 | AE54: 16.424 | AF54: 6.74 | AG54: 4.359 | AH54: 44650 | AI54: 16.418 | AJ54: 7.0456 | AK54: 4.499 | AL54: 44980
A55: 강원본부 | B55: 원주전력소 | C55: 북원주변전소 | D55: 횡성지점 | E55: 4 | F55: =ISTEXT(L55) -> FALSE | G55: 배전지능화 | H55: 비금속자가망 | I55: =IF(F55=TRUE,"사용","미사용") -> 미사용 | N55: =IF(F55=TRUE,"X","O") -> O | S55: 47.58 | T55: 17.217 | U55: 10.935 | V55: 43703 | W55: 47.851 | X55: 17.239 | Y55: 11.208 | Z55: 43887 | AA55: 47.87 | AB55: 17.193 | AC55: 10.934 | AD55: 44378 | AE55: 16.422 | AF55: 6.504 | AG55: 4.119 | AH55: 44650 | AI55: 16.42 | AJ55: 6.948 | AK55: 4.283 | AL55: 44980
A56: 강원본부 | B56: 원주전력소 | C56: 북원주변전소 | D56: 횡성지점 | E56: 5 | F56: =ISTEXT(L52) -> TRUE | G56: 배전지능화 | H56: 비금속자가망 | I56: =IF(F56=TRUE,"사용","미사용") -> 사용 | N56: =IF(F56=TRUE,"X","O") -> X | S56: 47.85 | T56: 18.33 | U56: 11.763 | V56: 43703 | W56: 47.851 | X56: 17.992 | Y56: 11.339 | Z56: 43887
A57: 강원본부 | B57: 원주전력소 | C57: 북원주변전소 | D57: 횡성지점 | E57: 6 | F57: =ISTEXT(L53) -> TRUE | G57: 배전지능화 | H57: 비금속자가망 | I57: =IF(F57=TRUE,"사용","미사용") -> 사용 | N57: =IF(F57=TRUE,"X","O") -> X | S57: 47.85 | T57: 19.064 | U57: 12.423 | V57: 43703 | W57: 47.851 | X57: 19.144 | Y57: 12.409 | Z57: 43887
A58: 강원본부 | B58: 원주전력소 | C58: 북원주변전소 | D58: 횡성지점 | E58: 7 | F58: =ISTEXT(L58) -> FALSE | G58: 배전지능화 | H58: 비금속자가망 | I58: =IF(F58=TRUE,"사용","미사용") -> 미사용 | N58: =IF(F58=TRUE,"X","O") -> O | S58: 48.02 | T58: 17.861 | U58: 11.129 | V58: 43703 | W58: 47.827 | X58: 17.904 | Y58: 11.275 | Z58: 43887 | AA58: 47.66 | AB58: 18.09 | AC58: 11.41 | AD58: 44378 | AE58: 16.418 | AF58: 6.445 | AG58: 3.934 | AH58: 44650 | AI58: 16.422 | AJ58: 6.318 | AK58: 4.287 | AL58: 44980
A59: 강원본부 | B59: 원주전력소 | C59: 북원주변전소 | D59: 횡성지점 | E59: 8 | F59: =ISTEXT(L59) -> FALSE | G59: 배전지능화 | H59: 비금속자가망 | I59: =IF(F59=TRUE,"사용","미사용") -> 미사용 | N59: =IF(F59=TRUE,"X","O") -> O | S59: 47.04 | T59: 17.113 | U59: 10.944 | V59: 43703 | W59: 46.981 | X59: 16.955 | Y59: 10.979 | Z59: 43887 | AA59: 47.03 | AB59: 17.119 | AC59: 10.852 | AD59: 44378 | AE59: 16.418 | AF59: 6.249 | AG59: 3.896 | AH59: 44650 | AI59: 16.42 | AJ59: 6.346 | AK59: 4.021 | AL59: 44980
A60: 강원본부 | B60: 원주전력소 | C60: 북원주변전소 | D60: 횡성지점 | E60: 9 | F60: =ISTEXT(L60) -> FALSE | G60: 배전지능화 | H60: 비금속자가망 | I60: =IF(F60=TRUE,"사용","미사용") -> 미사용 | N60: =IF(F60=TRUE,"X","O") -> O | S60: 16.38 | T60: 5.689 | U60: 3.594 | V60: 43703 | W60: 16.381 | X60: 5.751 | Y60: 3.648 | Z60: 43887 | AA60: 16.39 | AB60: 5.927 | AC60: 3.587 | AD60: 44378 | AE60: 16.439 | AF60: 5.922 | AG60: 3.65 | AH60: 44650 | AI60: 16.422 | AJ60: 6.09 | AK60: 3.784 | AL60: 44980
A61: 강원본부 | B61: 원주전력소 | C61: 북원주변전소 | D61: 횡성지점 | E61: 10 | F61: =ISTEXT(L61) -> FALSE | G61: 배전지능화 | H61: 비금속자가망 | I61: =IF(F61=TRUE,"사용","미사용") -> 미사용 | N61: =IF(F61=TRUE,"X","O") -> O | S61: 16.38 | T61: 6.352 | U61: 4.044 | V61: 43703 | W61: 16.381 | X61: 6.388 | Y61: 4.168 | Z61: 43887 | AA61: 16.39 | AB61: 6.331 | AC61: 3.968 | AD61: 44378 | AE61: 16.422 | AF61: 6.29 | AG61: 3.953 | AH61: 44650 | AI61: 16.42 | AJ61: 6.507 | AK61: 4.061 | AL61: 44980
A62: 강원본부 | B62: 원주전력소 | C62: 북원주변전소 | D62: 횡성지점 | E62: 11 | F62: =ISTEXT(L62) -> FALSE | G62: 배전지능화 | H62: 비금속자가망 | I62: =IF(F62=TRUE,"사용","미사용") -> 미사용 | N62: =IF(F62=TRUE,"X","O") -> O | S62: 16.38 | T62: 6.101 | U62: 3.762 | V62: 43703 | W62: 16.381 | X62: 5.906 | Y62: 3.665 | Z62: 43887 | AA62: 16.39 | AB62: 6.161 | AC62: 3.69 | AD62: 44378 | AE62: 16.422 | AF62: 6.289 | AG62: 3.958 | AH62: 44650 | AI62: 16.422 | AJ62: 6.261 | AK62: 3.921 | AL62: 44980
A63: 강원본부 | B63: 원주전력소 | C63: 북원주변전소 | D63: 횡성지점 | E63: 12 | F63: =ISTEXT(L63) -> FALSE | G63: 배전지능화 | H63: 비금속자가망 | I63: =IF(F63=TRUE,"사용","미사용") -> 미사용 | N63: =IF(F63=TRUE,"X","O") -> O | S63: 16.38 | T63: 6.108 | U63: 3.909 | V63: 43703 | W63: 16.379 | X63: 6.136 | Y63: 3.95 | Z63: 43887 | AA63: 16.39 | AB63: 5.971 | AC63: 3.796 | AD63: 44378 | AE63: 16.418 | AF63: 6.076 | AG63: 3.792 | AH63: 44650 | AI63: 16.418 | AJ63: 6.173 | AK63: 4.214 | AL63: 44980
A64: 강원본부 | B64: 원주전력소 | C64: 북원주변전소 | D64: 횡성지점 | E64: 13 | F64: =ISTEXT(L64) -> FALSE | G64: 배전지능화 | H64: 비금속자가망 | I64: =IF(F64=TRUE,"사용","미사용") -> 미사용 | N64: =IF(F64=TRUE,"X","O") -> O | S64: 47.86 | T64: 17.233 | U64: 11.412 | V64: 43703 | W64: 48.172 | X64: 17.56 | Y64: 10.884 | Z64: 43887 | AA64: 47.29 | AB64: 17.21 | AC64: 11.52 | AD64: 44378 | AE64: 16.426 | AF64: 6.198 | AG64: 4.102 | AH64: 44650 | AI64: 16.418 | AJ64: 6.369 | AK64: 4.539 | AL64: 44980
A65: 강원본부 | B65: 원주전력소 | C65: 북원주변전소 | D65: 횡성지점 | E65: 14 | F65: =ISTEXT(L65) -> FALSE | G65: 배전지능화 | H65: 비금속자가망 | I65: =IF(F65=TRUE,"사용","미사용") -> 미사용 | N65: =IF(F65=TRUE,"X","O") -> O | S65: 47.86 | T65: 16.476 | U65: 10.582 | V65: 43703 | W65: 46.463 | X65: 16.245 | Y65: 10.575 | Z65: 43887 | AA65: 47.9 | AB65: 16.982 | AC65: 10.641 | AD65: 44378 | AE65: 16.426 | AF65: 5.807 | AG65: 3.453 | AH65: 44650 | AI65: 16.431 | AJ65: 5.676 | AK65: 3.517 | AL65: 44980
A66: 강원본부 | B66: 원주전력소 | C66: 북원주변전소 | D66: 횡성지점 | E66: 15 | F66: =ISTEXT(L66) -> FALSE | G66: 배전지능화 | H66: 비금속자가망 | I66: =IF(F66=TRUE,"사용","미사용") -> 미사용 | N66: =IF(F66=TRUE,"X","O") -> O | S66: 16.38 | T66: 6.531 | U66: 4.017 | V66: 43703 | W66: 16.385 | X66: 6.645 | Y66: 3.938 | Z66: 43887 | AA66: 16.39 | AB66: 6.614 | AC66: 4.005 | AD66: 44378 | AE66: 15.921 | AF66: 6.221 | AG66: 4.184 | AH66: 44650 | AI66: 16.422 | AJ66: 6.77 | AK66: 4.494 | AL66: 44980
A67: 강원본부 | B67: 원주전력소 | C67: 북원주변전소 | D67: 횡성지점 | E67: 16 | F67: =ISTEXT(L67) -> FALSE | G67: 배전지능화 | H67: 비금속자가망 | I67: =IF(F67=TRUE,"사용","미사용") -> 미사용 | N67: =IF(F67=TRUE,"X","O") -> O | S67: 16.38 | T67: 5.777 | U67: 3.647 | V67: 43703 | W67: 16.385 | X67: 5.775 | Y67: 3.643 | Z67: 43887 | AA67: 16.39 | AB67: 5.865 | AC67: 3.69 | AD67: 44378 | AE67: 16.529 | AF67: 8.671 | AG67: 3.732 | AH67: 44650 | AI67: 16.414 | AJ67: 6.175 | AK67: 3.675 | AL67: 44980
A68: 강원본부 | B68: 원주전력소 | C68: 북원주변전소 | D68: 횡성지점 | E68: 17 | F68: =ISTEXT(L68) -> FALSE | G68: 배전지능화 | H68: 비금속자가망 | I68: =IF(F68=TRUE,"사용","미사용") -> 미사용 | N68: =IF(F68=TRUE,"X","O") -> O | S68: 16.387 | T68: 5.879 | U68: 3.584 | V68: 43703 | W68: 16.381 | X68: 5.93 | Y68: 3.599 | Z68: 43887 | AA68: 16.39 | AB68: 5.928 | AC68: 3.539 | AD68: 44378 | AE68: 16.39 | AF68: 6.131 | AG68: 3.713 | AH68: 44650 | AI68: 16.418 | AJ68: 6.024 | AK68: 3.7 | AL68: 44980
A69: 강원본부 | B69: 원주전력소 | C69: 북원주변전소 | D69: 횡성지점 | E69: 18 | F69: =ISTEXT(L69) -> FALSE | G69: 배전지능화 | H69: 비금속자가망 | I69: =IF(F69=TRUE,"사용","미사용") -> 미사용 | N69: =IF(F69=TRUE,"X","O") -> O | S69: 16.383 | T69: 5.956 | U69: 3.835 | V69: 43703 | W69: 16.379 | X69: 6.039 | Y69: 3.912 | Z69: 43887 | AA69: 16.39 | AB69: 6.324 | AC69: 3.994 | AD69: 44378 | AE69: 16.42 | AF69: 6.279 | AG69: 3.925 | AH69: 44650 | AI69: 16.422 | AJ69: 6.731 | AK69: 4.379 | AL69: 44980
... A73: 강원본부 | B73: 원주전력소 | C73: 북원주변전소 | D73: 횡성지점 | E73: 22 | F73: =ISTEXT(L73) -> FALSE | G73: 배전지능화 | H73: 비금속자가망 | I73: =IF(F73=TRUE,"사용","미사용") -> 미사용 | N73: =IF(F73=TRUE,"X","O") -> O | S73: 9.91 | T73: 3.889 | U73: 2.608 | V73: 43703 | W73: 9.913 | X73: 3.723 | Y73: 2.385 | Z73: 43887 | AA73: 9.921 | AB73: 3.656 | AC73: 2.286 | AD73: 44378 | AE73: 9.917 | AF73: 3.664 | AG73: 2.238 | AH73: 44650 | AI73: 9.919 | AJ73: 3.658 | AK73: 2.733 | AL73: 44980
A74: 강원본부 | B74: 원주전력소 | C74: 북원주변전소 | D74: 횡성지점 | E74: 23 | F74: =ISTEXT(L74) -> FALSE | G74: 배전지능화 | H74: 비금속자가망 | I74: =IF(F74=TRUE,"사용","미사용") -> 미사용 | N74: =IF(F74=TRUE,"X","O") -> O | S74: 4.7 | T74: 3.606 | U74: 0.34 | V74: 43703 | W74: 4.707 | X74: 3.571 | Y74: 0.349 | Z74: 43887 | AA74: 4.71 | AB74: 3.591 | AC74: 0.329 | AD74: 44378 | AE74: 4.71 | AF74: 3.47 | AG74: 0.339 | AH74: 44650 | AO74: DAS
A75: 강원본부 | B75: 원주전력소 | C75: 북원주변전소 | D75: 횡성지점 | E75: 24 | F75: =ISTEXT(L75) -> FALSE | G75: 배전지능화 | H75: 비금속자가망 | I75: =IF(F75=TRUE,"사용","미사용") -> 미사용 | N75: =IF(F75=TRUE,"X","O") -> O | S75: 4.7 | T75: 3.346 | U75: 2.704 | V75: 43703 | W75: 4.702 | X75: 3.356 | Y75: 2.705 | Z75: 43887 | AA75: 4.7 | AB75: 3.295 | AC75: 2.577 | AD75: 44378 | AE75: 4.712 | AF75: 3.262 | AG75: 2.59 | AH75: 44650 | AO75: DAS
A76: 강원본부 | B76: 원주전력소 | C76: 북원주변전소 | D76: 원주지사 | E76: 1 | F76: =ISTEXT(L76) -> FALSE | G76: 배전지능화 | H76: 비금속자가망 | I76: =IF(F76=TRUE,"사용","미사용") -> 미사용 | M76: KEPCO | N76: =IF(F76=TRUE,"X","O") -> O
A77: 강원본부 | B77: 원주전력소 | C77: 북원주변전소 | D77: 원주지사 | E77: 2 | F77: =ISTEXT(L77) -> FALSE | G77: 배전지능화 | H77: 비금속자가망 | I77: =IF(F77=TRUE,"사용","미사용") -> 미사용 | M77: KEPCO | N77: =IF(F77=TRUE,"X","O") -> O
A78: 강원본부 | B78: 원주전력소 | C78: 북원주변전소 | D78: 원주지사 | E78: 3 | F78: =ISTEXT(L78) -> FALSE | G78: 배전지능화 | H78: 비금속자가망 | I78: =IF(F78=TRUE,"사용","미사용") -> 미사용 | N78: =IF(F78=TRUE,"X","O") -> O | S78: 9.626 | T78: 4.37 | U78: 3.121 | V78: 43703 | W78: 9.624 | X78: 4.351 | Y78: 3.131 | Z78: 43887 | AA78: 9.71 | AB78: 4.473 | AC78: 3.118 | AD78: 44378 | AE78: 9.71 | AF78: 4.435 | AG78: 3.306 | AH78: 44650 | AI78: 9.712 | AJ78: 4.544 | AK78: 3.552 | AL78: 44980 | AO78: 소형광 임시패치(원주-북원주)
A79: 강원본부 | B79: 원주전력소 | C79: 북원주변전소 | D79: 원주지사 | E79: 4 | F79: =ISTEXT(L79) -> FALSE | G79: 배전지능화 | H79: 비금속자가망 | I79: =IF(F79=TRUE,"사용","미사용") -> 미사용 | N79: =IF(F79=TRUE,"X","O") -> O | S79: 9.624 | T79: 4.424 | U79: 2.998 | V79: 43703 | W79: 9.624 | X79: 4.356 | Y79: 3.234 | Z79: 43887 | AA79: 9.71 | AB79: 4.367 | AC79: 3.111 | AD79: 44378 | AE79: 9.71 | AF79: 4.364 | AG79: 3.056 | AH79: 44650 | AI79: 9.712 | AJ79: 4.84 | AK79: 3.258 | AL79: 44980 | AO79: 소형광 임시패치(원주-북원주)
A80: 강원본부 | B80: 원주전력소 | C80: 북원주변전소 | D80: 원주지사 | E80: 5 | F80: =ISTEXT(L80) -> FALSE | G80: 배전지능화 | H80: 비금속자가망 | I80: =IF(F80=TRUE,"사용","미사용") -> 미사용 | N80: =IF(F80=TRUE,"X","O") -> O | S80: 9.626 | T80: 4.464 | U80: 3.414 | V80: 43703 | W80: 9.622 | X80: 4.527 | Y80: 3.422 | Z80: 43887 | AA80: 9.71 | AB80: 4.843 | AC80: 3.571 | AD80: 44378 | AE80: 1.879 | AF80: 0.7 | AG80: 0.445 | AH80: 44650 | AI80: 1.889 | AJ80: 0.791 | AK80: 0.561 | AL80: 44980 | AO80: 통합단말 임시패치(원주-북원주)
A81: 강원본부 | B81: 원주전력소 | C81: 북원주변전소 | D81: 원주지사 | E81: 6 | F81: =ISTEXT(L81) -> FALSE | G81: 배전지능화 | H81: 비금속자가망 | I81: =IF(F81=TRUE,"사용","미사용") -> 미사용 | N81: =IF(F81=TRUE,"X","O") -> O | S81: 9.62 | T81: 5.205 | U81: 3.848 | V81: 43703 | W81: 9.622 | X81: 5.382 | Y81: 3.962 | Z81: 43887 | AA81: 9.71 | AB81: 5.05 | AC81: 3.691 | AD81: 44378 | AE81: 1.887 | AF81: 0.971 | AG81: 0.627 | AH81: 44650 | AI81: 1.89 | AJ81: 1.399 | AK81: 0.867 | AL81: 44980 | AO81: 통합단말 임시패치(원주-북원주)
A82: 강원본부 | B82: 원주전력소 | C82: 북원주변전소 | D82: 원주지사 | E82: 7 | F82: =ISTEXT(L82) -> TRUE | G82: 배전지능화 | H82: 비금속자가망 | I82: =IF(F82=TRUE,"사용","미사용") -> 사용 | L82: 단선 : OFD내 융착흔적 있음 | N82: =IF(F82=TRUE,"X","O") -> X
A83: 강원본부 | B83: 원주전력소 | C83: 북원주변전소 | D83: 원주지사 | E83: 8 | F83: =ISTEXT(L83) -> TRUE | G83: 배전지능화 | H83: 비금속자가망 | I83: =IF(F83=TRUE,"사용","미사용") -> 사용 | L83: 단선 : OFD내 융착흔적 있음 | N83: =IF(F83=TRUE,"X","O") -> X
A84: 강원본부 | B84: 원주전력소 | C84: 북원주변전소 | D84: 원주지사 | E84: 9 | F84: =ISTEXT(L84) -> FALSE | G84: 배전지능화 | H84: 비금속자가망 | I84: =IF(F84=TRUE,"사용","미사용") -> 미사용 | N84: =IF(F84=TRUE,"X","O") -> O | S84: 9.62 | T84: 4.38 | U84: 3.136 | V84: 43703 | W84: 9.62 | X84: 4.352 | Y84: 3.186 | Z84: 43887 | AA84: 9.71 | AB84: 4.671 | AC84: 3.26 | AD84: 44378 | AE84: 9.706 | AF84: 4.508 | AG84: 3.281 | AH84: 44650 | AI84: 9.708 | AJ84: 4.655 | AK84: 3.412 | AL84: 44980 | AO84: 원주~북원주
A85: 강원본부 | B85: 원주전력소 | C85: 북원주변전소 | D85: 원주지사 | E85: 10 | F85: =ISTEXT(L85) -> FALSE | G85: 배전지능화 | H85: 비금속자가망 | I85: =IF(F85=TRUE,"사용","미사용") -> 미사용 | N85: =IF(F85=TRUE,"X","O") -> O | S85: 9.62 | T85: 5.388 | U85: 4.108 | V85: 43703 | W85: 9.62 | X85: 5.27 | Y85: 4.293 | Z85: 43887 | AA85: 9.71 | AB85: 5.35 | AC85: 4.203 | AD85: 44378 | AE85: 9.706 | AF85: 5.377 | AG85: 4.258 | AH85: 44650 | AI85: 9.708 | AJ85: 5.961 | AK85: 5.004 | AL85: 44980 | AO85: 원주~북원주
A86: 강원본부 | B86: 원주전력소 | C86: 북원주변전소 | D86: 원주지사 | E86: 11 | F86: =ISTEXT(L86) -> FALSE | G86: 배전지능화 | H86: 비금속자가망 | I86: =IF(F86=TRUE,"사용","미사용") -> 미사용 | N86: =IF(F86=TRUE,"X","O") -> O | S86: 9.62 | T86: 4.242 | U86: 3.323 | V86: 43703 | W86: 9.618 | X86: 4.252 | Y86: 3.105 | Z86: 43887 | AA86: 9.71 | AB86: 4.392 | AC86: 3.169 | AD86: 44378 | AE86: 9.706 | AF86: 4.347 | AG86: 3.196 | AH86: 44650 | AI86: 9.708 | AJ86: 4.568 | AK86: 3.51 | AL86: 44980 | AO86: 원주~북원주
A87: 강원본부 | B87: 원주전력소 | C87: 북원주변전소 | D87: 원주지사 | E87: 12 | F87: =ISTEXT(L87) -> FALSE | G87: 배전지능화 | H87: 비금속자가망 | I87: =IF(F87=TRUE,"사용","미사용") -> 미사용 | N87: =IF(F87=TRUE,"X","O") -> O | S87: 9.62 | T87: 5.214 | U87: 3.935 | V87: 43703 | W87: 9.618 | X87: 5.239 | Y87: 4.063 | Z87: 43887 | AA87: 9.71 | AB87: 5.263 | AC87: 4.062 | AD87: 44378 | AE87: 9.706 | AF87: 5.171 | AG87: 4.134 | AH87: 44650 | AI87: 9.708 | AJ87: 5.357 | AK87: 4.366 | AL87: 44980 | AO87: 원주~북원주
A88: 강원본부 | B88: 원주전력소 | C88: 북원주변전소 | D88: 원주지사 | E88: 13 | F88: =ISTEXT(L88) -> TRUE | G88: 배전지능화 | H88: 비금속자가망 | I88: =IF(F88=TRUE,"사용","미사용") -> 사용 | J88: 패치 | K88: KepCIT | L88: 차세대전력통신망 강원2링(횡성지사-원주지사) | M88: KEPCO | N88: =IF(F88=TRUE,"X","O") -> X | S88: 1.891 | T88: 0.528 | U88: 0.446 | V88: 43703 | W88: 1.89 | X88: 0.767 | Y88: 0.513 | Z88: 43887 | AA88: 1.88 | AB88: 0.734 | AC88: 0.366 | AD88: 44378
A89: 강원본부 | B89: 원주전력소 | C89: 북원주변전소 | D89: 원주지사 | E89: 14 | F89: =ISTEXT(L89) -> TRUE | G89: 배전지능화 | H89: 비금속자가망 | I89: =IF(F89=TRUE,"사용","미사용") -> 사용 | J89: 패치 | K89: KepCIT | L89: 차세대전력통신망 강원2링(횡성지사-원주지사) | M89: KEPCO | N89: =IF(F89=TRUE,"X","O") -> X | S89: 1.88 | T89: 0.678 | U89: 0.48 | V89: 43703 | W89: 1.882 | X89: 0.693 | Y89: 0.395 | Z89: 43887 | AA89: 1.88 | AB89: 0.669 | AC89: 0.415 | AD89: 44378
A90: 강원본부 | B90: 원주전력소 | C90: 북원주변전소 | D90: 원주지사 | E90: 15 | F90: =ISTEXT(L90) -> FALSE | G90: 배전지능화 | H90: 비금속자가망 | I90: =IF(F90=TRUE,"사용","미사용") -> 미사용 | N90: =IF(F90=TRUE,"X","O") -> O | S90: 10.62 | T90: 5.252 | U90: 0.548 | V90: 43703 | W90: 9.618 | X90: 5.054 | Y90: 5.404 | Z90: 43887 | AA90: 9.7 | AB90: 5.242 | AC90: 5.582 | AD90: 44378 | AE90: 1.879 | AF90: 0.827 | AG90: 0.536 | AH90: 44650 | AI90: 1.881 | AJ90: 0.901 | AK90: 1.103 | AL90: 44980
A91: 강원본부 | B91: 원주전력소 | C91: 북원주변전소 | D91: 원주지사 | E91: 16 | F91: =ISTEXT(L91) -> TRUE | G91: 배전지능화 | H91: 비금속자가망 | I91: =IF(F91=TRUE,"사용","미사용") -> 사용 | J91: 패치 | K91: DAS | L91: DAS 서원주 30링 | M91: KEPCO | N91: =IF(F91=TRUE,"X","O") -> X | S91: 9.62 | T91: 4.574 | U91: 4.666 | V91: 43703 | W91: 9.618 | X91: 4.643 | Y91: 4.199 | Z91: 43887 | AA91: 9.7 | AB91: 4.669 | AC91: 4.369 | AD91: 44378 | AO91: 2021.08.04
A92: 강원본부 | B92: 원주전력소 | C92: 북원주변전소 | D92: 원주지사 | E92: 17 | F92: =ISTEXT(L92) -> FALSE | G92: 배전지능화 | H92: 비금속자가망 | I92: =IF(F92=TRUE,"사용","미사용") -> 미사용 | N92: =IF(F92=TRUE,"X","O") -> O | S92: 9.62 | T92: 5.039 | U92: 3.822 | V92: 43703 | W92: 9.618 | X92: 5.146 | Y92: 3.832 | Z92: 43887 | AE92: 9.704 | AF92: 4.589 | AG92: 3.561 | AH92: 44650 | AI92: 9.706 | AJ92: 4.858 | AK92: 4.066 | AL92: 44980
A93: 강원본부 | B93: 원주전력소 | C93: 북원주변전소 | D93: 원주지사 | E93: 18 | F93: =ISTEXT(L93) -> FALSE | G93: 배전지능화 | H93: 비금속자가망 | I93: =IF(F93=TRUE,"사용","미사용") -> 미사용 | N93: =IF(F93=TRUE,"X","O") -> O | S93: 9.62 | T93: 4.525 | U93: 3.105 | V93: 43703 | W93: 9.618 | X93: 4.521 | Y93: 3.146 | Z93: 43887 | AE93: 9.704 | AF93: 4.385 | AG93: 3.28 | AH93: 44650 | AI93: 9.706 | AJ93: 4.816 | AK93: 3.551 | AL93: 44980
A94: 강원본부 | B94: 원주전력소 | C94: 북원주변전소 | D94: 원주지사 | E94: 19 | F94: =ISTEXT(L94) -> TRUE | G94: 배전지능화 | H94: 비금속자가망 | I94: =IF(F94=TRUE,"사용","미사용") -> 사용 | J94: 패치 | K94: DAS | L94: DAS 서원주 27링 | M94: KEPCO | N94: =IF(F94=TRUE,"X","O") -> X | S94: 9.61 | T94: 4.624 | U94: 3.312 | V94: 43703 | W94: 9.618 | X94: 4.676 | Y94: 3.534 | Z94: 43887 | AA94: 9.7 | AB94: 4.641 | AC94: 3.53 | AD94: 44378 | AO94: 2021.08.04
A95: 강원본부 | B95: 원주전력소 | C95: 북원주변전소 | D95: 원주지사 | E95: 20 | F95: =ISTEXT(L95) -> TRUE | G95: 배전지능화 | H95: 비금속자가망 | I95: =IF(F95=TRUE,"사용","미사용") -> 사용 | J95: 패치 | K95: DAS | L95: DAS 서원주 28링 | M95: KEPCO | N95: =IF(F95=TRUE,"X","O") -> X | S95: 9.61 | T95: 4.728 | U95: 3.312 | V95: 43703 | W95: 9.613 | X95: 4.757 | Y95: 3.385 | Z95: 43887 | AA95: 9.7 | AB95: 4.98 | AC95: 3.53 | AD95: 44378 | AO95: 2021.08.04
A96: 강원본부 | B96: 원주전력소 | C96: 북원주변전소 | D96: 원주지사 | E96: 21 | F96: =ISTEXT(L96) -> TRUE | G96: 배전지능화 | H96: 비금속자가망 | I96: =IF(F96=TRUE,"사용","미사용") -> 사용 | J96: 패치 | K96: DAS | L96: DAS 서원주 29링 | M96: KEPCO | N96: =IF(F96=TRUE,"X","O") -> X | AO96: 2021.08.04
A97: 강원본부 | B97: 원주전력소 | C97: 북원주변전소 | D97: 원주지사 | E97: 22 | F97: =ISTEXT(L97) -> FALSE | G97: 배전지능화 | H97: 비금속자가망 | I97: =IF(F97=TRUE,"사용","미사용") -> 미사용 | N97: =IF(F97=TRUE,"X","O") -> O | AE97: 9.702 | AF97: 4.928 | AG97: 3.386 | AH97: 44650 | AI97: 9.704 | AJ97: 5.289 | AK97: 3.566 | AL97: 44980 | AO97: 2021.08.04
A98: 강원본부 | B98: 원주전력소 | C98: 북원주변전소 | D98: 원주지사 | E98: 23 | F98: =ISTEXT(L98) -> TRUE | G98: 배전지능화 | H98: 비금속자가망 | I98: =IF(F98=TRUE,"사용","미사용") -> 사용 | J98: 패치 | K98: DAS | L98: DAS 원주 82링 | M98: KEPCO | N98: =IF(F98=TRUE,"X","O") -> X | AO98: 2021.08.04
A99: 강원본부 | B99: 원주전력소 | C99: 북원주변전소 | D99: 원주지사 | E99: 24 | F99: =ISTEXT(L99) -> TRUE | G99: 배전지능화 | H99: 비금속자가망 | I99: =IF(F99=TRUE,"사용","미사용") -> 사용 | J99: 패치 | K99: DAS | L99: DAS 원주 47링 | M99: KEPCO | N99: =IF(F99=TRUE,"X","O") -> X | AO99: 2021.08.04
A100: 강원본부 | B100: 원주전력소 | C100: 북원주변전소 | D100: 서원주 | E100: 1 | F100: =ISTEXT(L100) -> TRUE | G100: 배전지능화 | H100: 비금속자가망 | I100: =IF(F100=TRUE,"사용","미사용") -> 사용 | J100: 패치 | K100: DAS | L100: DAS 원주 82링 | M100: KEPCO | N100: =IF(F100=TRUE,"X","O") -> X | AO100: 21.06시설(비금속)
A101: 강원본부 | B101: 원주전력소 | C101: 북원주변전소 | D101: 서원주 | E101: 2 | F101: =ISTEXT(L101) -> TRUE | G101: 배전지능화 | H101: 비금속자가망 | I101: =IF(F101=TRUE,"사용","미사용") -> 사용 | J101: 패치 | K101: DAS | L101: DAS 원주 47링 | M101: KEPCO | N101: =IF(F101=TRUE,"X","O") -> X | AO101: 21.06시설(비금속)
A102: 강원본부 | B102: 원주전력소 | C102: 북원주변전소 | D102: 서원주 | E102: 3 | F102: =ISTEXT(L102) -> FALSE | G102: 배전지능화 | H102: 비금속자가망 | I102: =IF(F102=TRUE,"사용","미사용") -> 미사용 | N102: =IF(F102=TRUE,"X","O") -> O | AE102: 13.878 | AF102: 5.94 | AG102: 4.023 | AH102: 44650 | AI102: 13.88 | AJ102: 6.292 | AK102: 4.064 | AL102: 44980 | AO102: 21.06시설(비금속)
A103: 강원본부 | B103: 원주전력소 | C103: 북원주변전소 | D103: 서원주 | E103: 4 | F103: =ISTEXT(L103) -> FALSE | G103: 배전지능화 | H103: 비금속자가망 | I103: =IF(F103=TRUE,"사용","미사용") -> 미사용 | N103: =IF(F103=TRUE,"X","O") -> O | AE103: 13.878 | AF103: 5.452 | AG103: 3.511 | AH103: 44650 | AI103: 13.88 | AJ103: 5.83 | AK103: 3.824 | AL103: 44980 | AO103: 21.06시설(비금속)
...

Sheet 남원주
A1: ■ 강원본부 OFD 선번장(남원주) | L1: ※ 코아명칭 부여 PTP : COT측 장비 광출력 기준 링 : 링방향 West 광출력 기준
AO2: =원주!AS2 -> 45601 | AU2: 용도
A3: 본부 | B3: 관리사업소 | C3: 설치장소 | D3: 상대국명 | E3: 코어 선번 | F3: 사용여부판단 | G3: 송전선로 관리번호 | H3: 송전, 배전 선로명 | I3: 사용 여부 | J3: 융착/ 패치 | K3: 용도 | L3: 수용내역 | M3: 사용회사 | N3: 측정가능 여부 | O3: 측정거리 (km) | P3: 측정DATA 1310 (dB) | Q3: 측정DATA 1550 (dB) | R3: 측정일자 | S3: 측정거리 (km) | T3: 측정DATA 1310 (dB) | U3: 측정DATA 1550 (dB) | V3: 측정일자 | W3: 측정거리 (km) | X3: 측정DATA 1310 (dB) | Y3: 측정DATA 1550 (dB) | Z3: 측정일자 | AA3: 측정거리 (km) | AB3: 측정DATA 1310 (dB) | AC3: 측정DATA 1550 (dB) | AD3: 측정일자 | AE3: 측정거리 (km) | AF3: 측정DATA 1310 (dB) | AG3: 측정DATA 1550 (dB) | AH3: 측정일자 | AI3: 측정거리 (km) | AJ3: 측정DATA 1310 (dB) | AK3: 측정DATA 1550 (dB) | AL3: 측정일자 | AM3: 접속개소 | AN3: 상태 판단 | AO3: 비고 | AU3: 소형광단국
A4: 강원본부 | B4: 원주전력소 | C4: 남원주변전소 | D4: 원주전력소 | E4: 1 | F4: =ISTEXT(L4) -> FALSE | G4: 1000000355 | H4: 남원주원주#2 T/L | I4: =IF(F4=TRUE,"사용","미사용") -> 미사용 | J4: 패치 | M4: KEPCO | N4: =IF(F4=TRUE,"X","O") -> O | AI4: 8.845 | AJ4: 2.947 | AK4: 1.714 | AL4: 44978 | AU4: 통합단말
A5: 강원본부 | B5: 원주전력소 | C5: 남원주변전소 | D5: 원주전력소 | E5: 2 | F5: =ISTEXT(L5) -> FALSE | G5: 1000000355 | H5: 남원주원주#2 T/L | I5: =IF(F5=TRUE,"사용","미사용") -> 미사용 | J5: 패치 | M5: KEPCO | N5: =IF(F5=TRUE,"X","O") -> O | AI5: 8.856 | AJ5: 2.833 | AK5: 1.612 | AL5: 44978 | AU5: KepCIT
A6: 강원본부 | B6: 원주전력소 | C6: 남원주변전소 | D6: 원주전력소 | E6: 3 | F6: =ISTEXT(L6) -> FALSE | G6: 1000000355 | H6: 남원주원주#2 T/L | I6: =IF(F6=TRUE,"사용","미사용") -> 미사용 | J6: 패치 | M6: KEPCO | N6: =IF(F6=TRUE,"X","O") -> O | AI6: 8.856 | AJ6: 2.877 | AK6: 1.6 | AL6: 44978 | AU6: 광스위치
A7: 강원본부 | B7: 원주전력소 | C7: 남원주변전소 | D7: 원주전력소 | E7: 4 | F7: =ISTEXT(L7) -> FALSE | G7: 1000000355 | H7: 남원주원주#2 T/L | I7: =IF(F7=TRUE,"사용","미사용") -> 미사용 | J7: 패치 | M7: KEPCO | N7: =IF(F7=TRUE,"X","O") -> O | AI7: 8.843 | AJ7: 3.096 | AK7: 1.807 | AL7: 44978 | AU7: 송변전광
A8: 강원본부 | B8: 원주전력소 | C8: 남원주변전소 | D8: 원주전력소 | E8: 5 | F8: =ISTEXT(L8) -> TRUE | G8: 1000000355 | H8: 남원주원주#2 T/L | I8: =IF(F8=TRUE,"사용","미사용") -> 사용 | J8: 패치 | K8: 송PTPU | L8: 원주-남원주 송PTPU WEST | M8: KEPCO | N8: =IF(F8=TRUE,"X","O") -> X | O8: 8.642 | P8: 2.844 | Q8: 1.72 | R8: 43248 | S8: 8.636 | T8: 2.885 | U8: 1.739 | V8: 43704 | W8: 8.636 | X8: 2.93 | Y8: 1.746 | Z8: 43887 | AA8: 8.85 | AB8: 5.371 | AC8: 2.941 | AD8: 44347 | AE8: 8.847 | AF8: 2.969 | AG8: 1.787 | AH8: 44644 | AU8: 임대
A9: 강원본부 | B9: 원주전력소 | C9: 남원주변전소 | D9: 원주전력소 | E9: 6 | F9: =ISTEXT(L9) -> TRUE | G9: 1000000355 | H9: 남원주원주#2 T/L | I9: =IF(F9=TRUE,"사용","미사용") -> 사용 | J9: 패치 | K9: 송PTPU | L9: 원주-남원주 송PTPU EAST | M9: KEPCO | N9: =IF(F9=TRUE,"X","O") -> X | O9: 8.638 | P9: 2.799 | Q9: 1.657 | R9: 43248 | S9: 8.64 | T9: 2.833 | U9: 1.681 | V9: 43704 | W9: 8.642 | X9: 2.879 | Y9: 1.773 | Z9: 43887 | AA9: 8.85 | AB9: 5.276 | AC9: 3.135 | AD9: 44347 | AE9: 8.85 | AF9: 2.954 | AG9: 1.745 | AH9: 44644 | AU9: PTPU
A10: 강원본부 | B10: 원주전력소 | C10: 남원주변전소 | D10: 원주전력소 | E10: 7 | F10: =ISTEXT(L10) -> TRUE | G10: 1000000355 | H10: 남원주원주#2 T/L | I10: =IF(F10=TRUE,"사용","미사용") -> 사용 | J10: 패치 | K10: 통합단말 | L10: 원주전력소 GR3링(원주-동원주) OUT | M10: KEPCO | N10: =IF(F10=TRUE,"X","O") -> X | AU10: SCADA
A11: 강원본부 | B11: 원주전력소 | C11: 남원주변전소 | D11: 원주전력소 | E11: 8 | F11: =ISTEXT(L11) -> TRUE | G11: 1000000355 | H11: 남원주원주#2 T/L | I11: =IF(F11=TRUE,"사용","미사용") -> 사용 | J11: 패치 | K11: 통합단말 | L11: 원주전력소 GR3링(원주-동원주) IN | M11: KEPCO | N11: =IF(F11=TRUE,"X","O") -> X | AU11: PITR
A12: 강원본부 | B12: 원주전력소 | C12: 남원주변전소 | D12: 원주전력소 | E12: 9 | F12: =ISTEXT(L12) -> TRUE | G12: 1000000355 | H12: 남원주원주#2 T/L | I12: =IF(F12=TRUE,"사용","미사용") -> 사용 | J12: 패치 | K12: 통합단말 | L12: 원주전력소 GR3링(남원주-문막) OUT | M12: KEPCO | N12: =IF(F12=TRUE,"X","O") -> X | AU12: DAS
A13: 강원본부 | B13: 원주전력소 | C13: 남원주변전소 | D13: 원주전력소 | E13: 10 | F13: =ISTEXT(L13) -> TRUE | G13: 1000000355 | H13: 남원주원주#2 T/L | I13: =IF(F13=TRUE,"사용","미사용") -> 사용 | J13: 패치 | K13: 통합단말 | L13: 원주전력소 GR3링(남원주-문막) IN | M13: KEPCO | N13: =IF(F13=TRUE,"X","O") -> X | AU13: 기타
A14: 강원본부 | B14: 원주전력소 | C14: 남원주변전소 | D14: 원주전력소 | E14: 11 | F14: =ISTEXT(L14) -> TRUE | G14: 1000000355 | H14: 남원주원주#2 T/L | I14: =IF(F14=TRUE,"사용","미사용") -> 사용 | J14: 패치 | K14: KepCIT | L14: 차세대전력통신망 중부2링(원주P/O-신제천S/S) | M14: KEPCO | N14: =IF(F14=TRUE,"X","O") -> X | O14: 8.646 | P14: 2.902 | Q14: 1.755 | R14: 43248 | S14: 8.638 | T14: 2.934 | U14: 1.768 | V14: 43704 | W14: 8.638 | X14: 2.97 | Y14: 1.623 | Z14: 43887 | AA14: 8.85 | AB14: 4.986 | AC14: 3.131 | AD14: 44347 | AU14: 송PTPU
A15: 강원본부 | B15: 원주전력소 | C15: 남원주변전소 | D15: 원주전력소 | E15: 12 | F15: =ISTEXT(L15) -> TRUE | G15: 1000000355 | H15: 남원주원주#2 T/L | I15: =IF(F15=TRUE,"사용","미사용") -> 사용 | J15: 패치 | K15: KepCIT | L15: 차세대전력통신망 중부2링(원주P/O-신제천S/S) | M15: KEPCO | N15: =IF(F15=TRUE,"X","O") -> X | O15: 8.644 | P15: 2.853 | Q15: 1.651 | R15: 43248 | S15: 8.638 | T15: 2.794 | U15: 1.674 | V15: 43704 | W15: 8.636 | X15: 2.837 | Y15: 1.591 | Z15: 43887 | AA15: 8.85 | AB15: 5.898 | AC15: 2.871 | AD15: 44347
A16: 강원본부 | B16: 원주전력소 | C16: 남원주변전소 | D16: 원주전력소 | E16: 13 | F16: =ISTEXT(L16) -> TRUE | G16: 1000000355 | H16: 남원주원주#2 T/L | I16: =IF(F16=TRUE,"사용","미사용") -> 사용 | J16: 패치 | K16: PTPU | L16: 원주-남원주 PTPU E-OUT | M16: KEPCO | N16: =IF(F16=TRUE,"X","O") -> X
A17: 강원본부 | B17: 원주전력소 | C17: 남원주변전소 | D17: 원주전력소 | E17: 14 | F17: =ISTEXT(L17) -> TRUE | G17: 1000000355 | H17: 남원주원주#2 T/L | I17: =IF(F17=TRUE,"사용","미사용") -> 사용 | J17: 패치 | K17: PTPU | L17: 원주-남원주 PTPU E-IN | M17: KEPCO | N17: =IF(F17=TRUE,"X","O") -> X
A18: 강원본부 | B18: 원주전력소 | C18: 남원주변전소 | D18: 원주전력소 | E18: 15 | F18: =ISTEXT(L18) -> TRUE | G18: 1000000355 | H18: 남원주원주#2 T/L | I18: =IF(F18=TRUE,"사용","미사용") -> 사용 | J18: 패치 | K18: PTPU | L18: 원주-남원주 PTPU W-OUT | M18: KEPCO | N18: =IF(F18=TRUE,"X","O") -> X
A19: 강원본부 | B19: 원주전력소 | C19: 남원주변전소 | D19: 원주전력소 | E19: 16 | F19: =ISTEXT(L19) -> TRUE | G19: 1000000355 | H19: 남원주원주#2 T/L | I19: =IF(F19=TRUE,"사용","미사용") -> 사용 | J19: 패치 | K19: PTPU | L19: 원주-남원주 PTPU W-IN | M19: KEPCO | N19: =IF(F19=TRUE,"X","O") -> X
A20: 강원본부 | B20: 원주전력소 | C20: 남원주변전소 | D20: 원주전력소 | E20: 17 | F20: =ISTEXT(L20) -> TRUE | G20: 1000000355 | H20: 남원주원주#2 T/L | I20: =IF(F20=TRUE,"사용","미사용") -> 사용 | J20: 패치 | K20: 광스위치 | L20: 디지탈스카다㈜(홍천-동원주) | M20: KEPCO | N20: =IF(F20=TRUE,"X","O") -> X
A21: 강원본부 | B21: 원주전력소 | C21: 남원주변전소 | D21: 원주전력소 | E21: 18 | F21: =ISTEXT(L21) -> TRUE | G21: 1000000355 | H21: 남원주원주#2 T/L | I21: =IF(F21=TRUE,"사용","미사용") -> 사용 | J21: 패치 | K21: 광스위치 | L21: 디지탈스카다㈜(남원주-문막) | M21: KEPCO | N21: =IF(F21=TRUE,"X","O") -> X
A22: 강원본부 | B22: 원주전력소 | C22: 남원주변전소 | D22: 원주전력소 | E22: 19 | F22: =ISTEXT(L22) -> FALSE | G22: 1000000355 | H22: 남원주원주#2 T/L | I22: =IF(F22=TRUE,"사용","미사용") -> 미사용 | N22: =IF(F22=TRUE,"X","O") -> O | O22: 8.638 | P22: 2.774 | Q22: 1.674 | R22: 43248 | S22: 8.638 | T22: 2.798 | U22: 1.688 | V22: 43704 | W22: 8.636 | X22: 2.842 | Y22: 1.694 | Z22: 43887 | AA22: 8.84 | AB22: 3.451 | AC22: 3.18 | AD22: 44347 | AE22: 8.852 | AF22: 2.885 | AG22: 0.478 | AH22: 44644 | AI22: 8.845 | AJ22: 2.891 | AK22: 1.733 | AL22: 44978
A23: 강원본부 | B23: 원주전력소 | C23: 남원주변전소 | D23: 원주전력소 | E23: 20 | F23: =ISTEXT(L23) -> FALSE | G23: 1000000355 | H23: 남원주원주#2 T/L | I23: =IF(F23=TRUE,"사용","미사용") -> 미사용 | N23: =IF(F23=TRUE,"X","O") -> O | O23: 8.64 | P23: 2.793 | Q23: 1.711 | R23: 43248 | S23: 8.64 | T23: 2.83 | U23: 1.74 | V23: 43704 | W23: 8.638 | X23: 2.863 | Y23: 1.74 | Z23: 43887 | AA23: 8.85 | AB23: 5.111 | AC23: 3.044 | AD23: 44347 | AE23: 8.845 | AF23: 2.948 | AG23: 1.809 | AH23: 44644 | AI23: 8.847 | AJ23: 2.948 | AK23: 1.818 | AL23: 44978
A24: 강원본부 | B24: 원주전력소 | C24: 남원주변전소 | D24: 원주전력소 | E24: 21 | F24: =ISTEXT(L24) -> TRUE | G24: 1000000355 | H24: 남원주원주#2 T/L | I24: =IF(F24=TRUE,"사용","미사용") -> 사용 | J24: 패치 | K24: KepCIT | L24: 차세대전력통신망 강원1링(원주P/O-동해P/O) | M24: KEPCO | N24: =IF(F24=TRUE,"X","O") -> X | O24: 8.64 | P24: 2.862 | Q24: 1.744 | R24: 43248 | S24: 8.64 | T24: 2.883 | U24: 1.767 | V24: 43704 | W24: 8.638 | X24: 2.923 | Y24: 1.769 | Z24: 43887 | AA24: 8.85 | AB24: 3.388 | AC24: 3.065 | AD24: 44347
A25: 강원본부 | B25: 원주전력소 | C25: 남원주변전소 | D25: 원주전력소 | E25: 22 | F25: =ISTEXT(L25) -> TRUE | G25: 1000000355 | H25: 남원주원주#2 T/L | I25: =IF(F25=TRUE,"사용","미사용") -> 사용 | J25: 패치 | K25: KepCIT | L25: 차세대전력통신망 강원1링(원주P/O-동해P/O) | M25: KEPCO | N25: =IF(F25=TRUE,"X","O") -> X | O25: 8.64 | P25: 2.906 | Q25: 1.801 | R25: 43248 | S25: 8.64 | T25: 2.926 | U25: 1.819 | V25: 43704 | W25: 8.638 | X25: 2.968 | Y25: 1.815 | Z25: 43887 | AA25: 8.85 | AB25: 5.426 | AC25: 2.762 | AD25: 44347
A26: 강원본부 | B26: 원주전력소 | C26: 남원주변전소 | D26: 원주전력소 | E26: 23 | F26: =ISTEXT(L26) -> FALSE | G26: 1000000355 | H26: 남원주원주#2 T/L | I26: =IF(F26=TRUE,"사용","미사용") -> 미사용 | N26: =IF(F26=TRUE,"X","O") -> O | O26: 8.64 | P26: 2.851 | Q26: 1.728 | R26: 43248 | S26: 8.64 | T26: 2.886 | U26: 1.752 | V26: 43704 | W26: 8.638 | X26: 2.925 | Y26: 1.755 | Z26: 43887 | AA26: 8.85 | AB26: 5.153 | AC26: 3.118 | AD26: 44347 | AE26: 8.847 | AF26: 2.836 | AG26: 1.582 | AH26: 44644 | AI26: 8.847 | AJ26: 2.833 | AK26: 1.674 | AL26: 44978
A27: 강원본부 | B27: 원주전력소 | C27: 남원주변전소 | D27: 원주전력소 | E27: 24 | F27: =ISTEXT(L27) -> FALSE | G27: 1000000355 | H27: 남원주원주#2 T/L | I27: =IF(F27=TRUE,"사용","미사용") -> 미사용 | N27: =IF(F27=TRUE,"X","O") -> O | O27: 8.64 | P27: 2.882 | Q27: 1.733 | R27: 43248 | S27: 8.64 | T27: 2.91 | U27: 1.755 | V27: 43704 | W27: 8.638 | X27: 2.947 | Y27: 1.761 | Z27: 43887 | AA27: 8.85 | AB27: 5.495 | AC27: 3.343 | AD27: 44347 | AE27: 8.847 | AF27: 3.024 | AG27: 1.815 | AH27: 44644 | AI27: 8.852 | AJ27: 3.023 | AK27: 1.815 | AL27: 44978
A28: 강원본부 | B28: 원주전력소 | C28: 남원주변전소 | D28: 원주전력소 | E28: 25 | F28: =ISTEXT(L28) -> TRUE | G28: 1000000355 | H28: 남원주원주#2 T/L | I28: =IF(F28=TRUE,"사용","미사용") -> 사용 | J28: 패치 | K28: 송변전광 | L28: 원주-동원주 송변전광 W-OUT | M28: KEPCO | N28: =IF(F28=TRUE,"X","O") -> X | O28: 8.62 | P28: 2.739 | Q28: 1.679 | R28: 43248 | S28: 8.615 | T28: 2.769 | U28: 1.693 | V28: 43704
A29: 강원본부 | B29: 원주전력소 | C29: 남원주변전소 | D29: 원주전력소 | E29: 26 | F29: =ISTEXT(L29) -> TRUE | G29: 1000000355 | H29: 남원주원주#2 T/L | I29: =IF(F29=TRUE,"사용","미사용") -> 사용 | J29: 패치 | K29: 송변전광 | L29: 원주-동원주 송변전광 W-IN | M29: KEPCO | N29: =IF(F29=TRUE,"X","O") -> X | O29: 8.622 | P29: 2.793 | Q29: 1.617 | R29: 43248 | S29: 8.622 | T29: 2.822 | U29: 1.622 | V29: 43704
A30: 강원본부 | B30: 원주전력소 | C30: 남원주변전소 | D30: 원주전력소 | E30: 27 | F30: =ISTEXT(L30) -> TRUE | G30: 1000000355 | H30: 남원주원주#2 T/L | I30: =IF(F30=TRUE,"사용","미사용") -> 사용 | J30: 패치 | K30: 송변전광 | L30: 남원주-서원주 송변전광 W-OUT | M30: KEPCO | N30: =IF(F30=TRUE,"X","O") -> X | O30: 8.622 | P30: 2.815 | Q30: 1.668 | R30: 43248 | S30: 8.615 | T30: 2.845 | U30: 1.684 | V30: 43704
A31: 강원본부 | B31: 원주전력소 | C31: 남원주변전소 | D31: 원주전력소 | E31: 28 | F31: =ISTEXT(L31) -> TRUE | G31: 1000000355 | H31: 남원주원주#2 T/L | I31: =IF(F31=TRUE,"사용","미사용") -> 사용 | J31: 패치 | K31: 송변전광 | L31: 남원주-서원주 송변전광 W-IN | M31: KEPCO | N31: =IF(F31=TRUE,"X","O") -> X | O31: 8.622 | P31: 2.917 | Q31: 1.778 | R31: 43248 | S31: 8.622 | T31: 2.94 | U31: 1.789 | V31: 43704
A32: 강원본부 | B32: 원주전력소 | C32: 남원주변전소 | D32: 원주전력소 | E32: 29 | F32: =ISTEXT(L32) -> FALSE | G32: 1000000355 | H32: 남원주원주#2 T/L | I32: =IF(F32=TRUE,"사용","미사용") -> 미사용 | N32: =IF(F32=TRUE,"X","O") -> O | O32: 8.618 | P32: 2.807 | Q32: 1.633 | R32: 43248 | S32: 8.624 | T32: 2.839 | U32: 1.638 | V32: 43704 | W32: 8.602 | X32: 2.872 | Y32: 1.653 | Z32: 43887 | AA32: 8.827 | AB32: 3.194 | AC32: 2.726 | AD32: 44347 | AI32: 8.833 | AJ32: 2.936 | AK32: 1.677 | AL32: 44978
A33: 강원본부 | B33: 원주전력소 | C33: 남원주변전소 | D33: 원주전력소 | E33: 30 | F33: =ISTEXT(L33) -> FALSE | G33: 1000000355 | H33: 남원주원주#2 T/L | I33: =IF(F33=TRUE,"사용","미사용") -> 미사용 | N33: =IF(F33=TRUE,"X","O") -> O | O33: 8.624 | P33: 2.827 | Q33: 1.635 | R33: 43248 | S33: 8.626 | T33: 2.865 | U33: 1.665 | V33: 43704 | W33: 8.618 | X33: 2.895 | Y33: 1.674 | Z33: 43887 | AA33: 8.83 | AB33: 5.082 | AC33: 3.235 | AD33: 44347 | AI33: 8.825 | AJ33: 2.932 | AK33: 1.691 | AL33: 44978
A34: 강원본부 | B34: 원주전력소 | C34: 남원주변전소 | D34: 원주전력소 | E34: 31 | F34: =ISTEXT(L34) -> FALSE | G34: 1000000355 | H34: 남원주원주#2 T/L | I34: =IF(F34=TRUE,"사용","미사용") -> 미사용 | N34: =IF(F34=TRUE,"X","O") -> O | O34: 8.62 | P34: 2.841 | Q34: 1.655 | R34: 43248 | S34: 8.615 | T34: 2.781 | U34: 1.652 | V34: 43704 | W34: 8.618 | X34: 2.829 | Y34: 1.673 | Z34: 43887 | AA34: 8.82 | AB34: 5.04 | AC34: 1.875 | AD34: 44347 | AE34: 8.821 | AF34: 2.93 | AG34: 1.705 | AH34: 44644 | AI34: 8.823 | AJ34: 2.916 | AK34: 1.711 | AL34: 44978
A35: 강원본부 | B35: 원주전력소 | C35: 남원주변전소 | D35: 원주전력소 | E35: 32 | F35: =ISTEXT(L35) -> FALSE | G35: 1000000355 | H35: 남원주원주#2 T/L | I35: =IF(F35=TRUE,"사용","미사용") -> 미사용 | N35: =IF(F35=TRUE,"X","O") -> O | O35: 8.624 | P35: 2.79 | Q35: 1.616 | R35: 43248 | S35: 8.618 | T35: 2.81 | U35: 1.627 | V35: 43704 | W35: 8.615 | X35: 2.851 | Y35: 1.65 | Z35: 43887 | AA35: 8.83 | AB35: 6.351 | AC35: 2.97 | AD35: 44347 | AI35: 8.831 | AJ35: 2.899 | AK35: 1.681 | AL35: 44978
A36: 강원본부 | B36: 원주전력소 | C36: 남원주변전소 | D36: 원주전력소 | E36: 33 | F36: =ISTEXT(L36) -> FALSE | G36: 1000000355 | H36: 남원주원주#2 T/L | I36: =IF(F36=TRUE,"사용","미사용") -> 미사용 | N36: =IF(F36=TRUE,"X","O") -> O | O36: 8.622 | P36: 2.859 | Q36: 1.85 | R36: 43248 | S36: 8.622 | T36: 2.879 | U36: 1.677 | V36: 43704 | W36: 8.618 | X36: 2.911 | Y36: 1.685 | Z36: 43887 | AA36: 8.82 | AB36: 4.545 | AC36: 1.842 | AD36: 44347 | AI36: 8.833 | AJ36: 2.837 | AK36: 1.706 | AL36: 44978
A37: 강원본부 | B37: 원주전력소 | C37: 남원주변전소 | D37: 원주전력소 | E37: 34 | F37: =ISTEXT(L37) -> FALSE | G37: 1000000355 | H37: 남원주원주#2 T/L | I37: =IF(F37=TRUE,"사용","미사용") -> 미사용 | N37: =IF(F37=TRUE,"X","O") -> O | O37: 8.618 | P37: 2.791 | Q37: 1.577 | R37: 43248 | S37: 7.999 | T37: 2.61 | U37: 1.605 | V37: 43704 | W37: 8.615 | X37: 2.847 | Y37: 1.613 | Z37: 43887 | AA37: 8.83 | AB37: 4.687 | AC37: 3.265 | AD37: 44347 | AI37: 8.821 | AJ37: 2.88 | AK37: 1.639 | AL37: 44978
A38: 강원본부 | B38: 원주전력소 | C38: 남원주변전소 | D38: 원주전력소 | E38: 35 | F38: =ISTEXT(L38) -> FALSE | G38: 1000000355 | H38: 남원주원주#2 T/L | I38: =IF(F38=TRUE,"사용","미사용") -> 미사용 | N38: =IF(F38=TRUE,"X","O") -> O | O38: 8.624 | P38: 2.817 | Q38: 1.691 | R38: 43248 | S38: 8.622 | T38: 3.045 | U38: 1.671 | V38: 43704 | W38: 8.62 | X38: 2.909 | Y38: 1.684 | Z38: 43887 | AA38: 8.83 | AB38: 6.736 | AC38: 3.767 | AD38: 44347 | AI38: 8.825 | AJ38: 2.869 | AK38: 1.53 | AL38: 44978
A39: 강원본부 | B39: 원주전력소 | C39: 남원주변전소 | D39: 원주전력소 | E39: 36 | F39: =ISTEXT(L39) -> FALSE | G39: 1000000355 | H39: 남원주원주#2 T/L | I39: =IF(F39=TRUE,"사용","미사용") -> 미사용 | N39: =IF(F39=TRUE,"X","O") -> O | O39: 8.626 | P39: 2.766 | Q39: 1.642 | R39: 43248 | S39: 8.624 | T39: 2.825 | U39: 1.669 | V39: 43704 | W39: 8.624 | X39: 2.837 | Y39: 1.676 | Z39: 43887 | AA39: 8.82 | AB39: 4.617 | AC39: 2.226 | AD39: 44347 | AE39: 8.831 | AF39: 2.876 | AG39: 1.598 | AH39: 44644 | AI39: 8.825 | AJ39: 2.879 | AK39: 1.591 | AL39: 44978
A40: 강원본부 | B40: 원주전력소 | C40: 남원주변전소 | D40: 신제천변전소 | E40: 37 | F40: =ISTEXT(L40) -> TRUE | G40: 1000000359 | H40: 신제천남원주#2 T/L | I40: =IF(F40=TRUE,"사용","미사용") -> 사용 | J40: 패치 | K40: KepCIT | L40: 차세대전력통신망 중부2링(원주P/O-신제천S/S) | M40: KEPCO | N40: =IF(F40=TRUE,"X","O") -> X | O40: 36.065 | P40: 12.525 | Q40: 7.791 | R40: 43248 | S40: 36.065 | T40: 12.747 | U40: 7.856 | V40: 43704 | W40: 35.97 | X40: 12.531 | Y40: 7.904 | Z40: 43887 | AA40: 35.87 | AB40: 13.219 | AC40: 8.136 | AD40: 44347
A41: 강원본부 | B41: 원주전력소 | C41: 남원주변전소 | D41: 신제천변전소 | E41: 38 | F41: =ISTEXT(L41) -> TRUE | G41: 1000000359 | H41: 신제천남원주#2 T/L | I41: =IF(F41=TRUE,"사용","미사용") -> 사용 | J41: 패치 | K41: KepCIT | L41: 차세대전력통신망 중부2링(원주P/O-신제천S/S) | M41: KEPCO | N41: =IF(F41=TRUE,"X","O") -> X | O41: 35.95 | P41: 11.913 | Q41: 7.603 | R41: 43248 | S41: 35.975 | T41: 12.196 | U41: 7.509 | V41: 43704 | W41: 35.892 | X41: 12.058 | Y41: 7.52 | Z41: 43887 | AA41: 35.96 | AB41: 11.825 | AC41: 7.509 | AD41: 44347
A42: 강원본부 | B42: 원주전력소 | C42: 남원주변전소 | D42: 신제천변전소 | E42: 39 | F42: =ISTEXT(L42) -> TRUE | G42: 1000000359 | H42: 신제천남원주#2 T/L | I42: =IF(F42=TRUE,"사용","미사용") -> 사용 | J42: 패치 | K42: PTPU | L42: 남원주-신제천 PTPU E-OUT | M42: KEPCO | N42: =IF(F42=TRUE,"X","O") -> X
A43: 강원본부 | B43: 원주전력소 | C43: 남원주변전소 | D43: 신제천변전소 | E43: 40 | F43: =ISTEXT(L43) -> TRUE | G43: 1000000359 | H43: 신제천남원주#2 T/L | I43: =IF(F43=TRUE,"사용","미사용") -> 사용 | J43: 패치 | K43: PTPU | L43: 남원주-신제천 PTPU E-IN | M43: KEPCO | N43: =IF(F43=TRUE,"X","O") -> X
A44: 강원본부 | B44: 원주전력소 | C44: 남원주변전소 | D44: 신제천변전소 | E44: 41 | F44: =ISTEXT(L44) -> TRUE | G44: 1000000359 | H44: 신제천남원주#2 T/L | I44: =IF(F44=TRUE,"사용","미사용") -> 사용 | J44: 패치 | K44: PTPU | L44: 남원주-신제천 PTPU W-OUT | M44: KEPCO | N44: =IF(F44=TRUE,"X","O") -> X | BD44: 손실
A45: 강원본부 | B45: 원주전력소 | C45: 남원주변전소 | D45: 신제천변전소 | E45: 42 | F45: =ISTEXT(L45) -> TRUE | G45: 1000000359 | H45: 신제천남원주#2 T/L | I45: =IF(F45=TRUE,"사용","미사용") -> 사용 | J45: 패치 | K45: PTPU | L45: 남원주-신제천 PTPU W-IN | M45: KEPCO | N45: =IF(F45=TRUE,"X","O") -> X | AE45: ` | AW45: 원주 | AY45: 신제천 | BD45: 9
A46: 강원본부 | B46: 원주전력소 | C46: 남원주변전소 | D46: 신제천변전소 | E46: 43 | F46: =ISTEXT(L46) -> TRUE | G46: 1000000359 | H46: 신제천남원주#2 T/L | I46: =IF(F46=TRUE,"사용","미사용") -> 사용 | L46: 디지탈스카다(주천-동원주)_예정 | N46: =IF(F46=TRUE,"X","O") -> X | O46: 35.975 | P46: 12.108 | Q46: 7.857 | R46: 43248 | S46: 35.962 | T46: 12.078 | U46: 7.938 | V46: 43704 | W46: 35.958 | X46: 12.268 | Y46: 8.101 | Z46: 43887 | AA46: 35.97 | AB46: 12.204 | AC46: 7.863 | AD46: 44347 | AE46: 35.95 | AF46: 12.33 | AG46: 7.948 | AH46: 44644 | AI46: 35.917 | AJ46: 12.187 | AK46: 7.646 | AL46: 44978 | AQ46: =AC46/W46 -> 0.21867178 | AS46: =AQ46*20 -> 4.3734357 | AU46: =AC46-AS46 -> 3.4895643 | AW46: 원주 | AX46: 1.9 | AY46: 남원주 | AZ46: 7.8 | BA46: 신제천 | BD46: =AX46+AZ46 -> 9.7
A47: 강원본부 | B47: 원주전력소 | C47: 남원주변전소 | D47: 신제천변전소 | E47: 44 | F47: =ISTEXT(L47) -> FALSE | G47: 1000000359 | H47: 신제천남원주#2 T/L | I47: =IF(F47=TRUE,"사용","미사용") -> 미사용 | N47: =IF(F47=TRUE,"X","O") -> O | O47: 35.983 | P47: 12.096 | Q47: 7.932 | R47: 43248 | S47: 35.958 | T47: 12.11 | U47: 7.954 | V47: 43704 | W47: 35.966 | X47: 12.244 | Y47: 8.255 | Z47: 43887 | AA47: 35.9 | AB47: 12.262 | AC47: 7.912 | AD47: 44347 | AE47: 35.921 | AF47: 12.291 | AG47: 7.917 | AH47: 44644 | AI47: 36.007 | AJ47: 12.041 | AK47: 7.758 | AL47: 44978 | AS47: 6.69 | AU47: =AS47-AS46 -> 2.3165643 | AW47: 원주 | AX47: 1.9 | AY47: 남원주 | AZ47: 6.69 | BA47: LGU | BB47: =20*0.22 -> 4.4 | BC47: 신제천 | BD47: =AX47+AZ47+BB47 -> 12.99 | BF47: =BD47-BD45 -> 3.99
A48: 강원본부 | B48: 원주전력소 | C48: 남원주변전소 | D48: 신제천변전소 | E48: 45 | F48: =ISTEXT(L48) -> FALSE | G48: 1000000359 | H48: 신제천남원주#2 T/L | I48: =IF(F48=TRUE,"사용","미사용") -> 미사용 | N48: =IF(F48=TRUE,"X","O") -> O | O48: 39.57 | P48: 12.104 | Q48: 7.883 | R48: 43248 | S48: 35.958 | T48: 12.161 | U48: 8.033 | V48: 43704 | W48: 35.942 | X48: 12.306 | Y48: 8.255 | Z48: 43887 | AA48: 35.95 | AB48: 12.071 | AC48: 8.221 | AD48: 44347 | AE48: 35.966 | AF48: 12.314 | AG48: 7.797 | AH48: 44644 | AI48: 35.983 | AJ48: 12.154 | AK48: 7.699 | AL48: 44978
A49: 강원본부 | B49: 원주전력소 | C49: 남원주변전소 | D49: 신제천변전소 | E49: 46 | F49: =ISTEXT(L49) -> FALSE | G49: 1000000359 | H49: 신제천남원주#2 T/L | I49: =IF(F49=TRUE,"사용","미사용") -> 미사용 | N49: =IF(F49=TRUE,"X","O") -> O | O49: 35.975 | P49: 12.16 | Q49: 7.801 | R49: 43248 | S49: 36.069 | T49: 12.901 | U49: 7.81 | V49: 43704 | W49: 35.958 | X49: 12.301 | Y49: 8.048 | Z49: 43887 | AA49: 35.97 | AB49: 12.118 | AC49: 7.808 | AD49: 44347 | AE49: 35.966 | AF49: 12.231 | AG49: 7.797 | AH49: 44644 | AI49: 35.975 | AJ49: 12.062 | AK49: 7.643 | AL49: 44978
A50: 강원본부 | B50: 원주전력소 | C50: 남원주변전소 | D50: 신제천변전소 | E50: 47 | F50: =ISTEXT(L50) -> TRUE | G50: 1000000359 | H50: 신제천남원주#2 T/L | I50: =IF(F50=TRUE,"사용","미사용") -> 사용 | J50: 패치 | K50: KepCIT | L50: 차세대전력통신망 강원1링(원주P/O-동해P/O) | M50: KEPCO | N50: =IF(F50=TRUE,"X","O") -> X | O50: 35.975 | P50: 11.816 | Q50: 7.656 | R50: 43248 | S50: 35.975 | T50: 11.949 | U50: 7.679 | V50: 43704 | W50: 35.938 | X50: 11.943 | Y50: 7.867 | Z50: 43887 | AA50: 35.91 | AB50: 11.923 | AC50: 7.577 | AD50: 44347
A51: 강원본부 | B51: 원주전력소 | C51: 남원주변전소 | D51: 신제천변전소 | E51: 48 | F51: =ISTEXT(L51) -> TRUE | G51: 1000000359 | H51: 신제천남원주#2 T/L | I51: =IF(F51=TRUE,"사용","미사용") -> 사용 | J51: 패치 | K51: KepCIT | L51: 차세대전력통신망 강원1링(원주P/O-동해P/O) | M51: KEPCO | N51: =IF(F51=TRUE,"X","O") -> X | O51: 36.098 | P51: 20.767 | Q51: 7.776 | R51: 43248 | S51: 35.97 | T51: 12.281 | U51: 7.801 | V51: 43704 | W51: 35.958 | X51: 12.38 | Y51: 8.28 | Z51: 43887 | AA51: 35.97 | AB51: 12.14 | AC51: 7.773 | AD51: 44347
A52: 강원본부 | B52: 원주전력소 | C52: 남원주변전소 | D52: 동원주변전소 | E52: 1 | F52: =ISTEXT(L52) -> TRUE | H52: 남원주동원주T/L(지중) | I52: =IF(F52=TRUE,"사용","미사용") -> 사용 | J52: 패치 | K52: PTPU | L52: 남원주-동원주 PTPU W-IN | M52: KEPCO | N52: =IF(F52=TRUE,"X","O") -> X
A53: 강원본부 | B53: 원주전력소 | C53: 남원주변전소 | D53: 동원주변전소 | E53: 2 | F53: =ISTEXT(L53) -> TRUE | H53: 남원주동원주T/L(지중) | I53: =IF(F53=TRUE,"사용","미사용") -> 사용 | J53: 패치 | K53: PTPU | L53: 남원주-동원주 PTPU W-OUT | M53: KEPCO | N53: =IF(F53=TRUE,"X","O") -> X
A54: 강원본부 | B54: 원주전력소 | C54: 남원주변전소 | D54: 동원주변전소 | E54: 3 | F54: =ISTEXT(L54) -> TRUE | H54: 남원주동원주T/L(지중) | I54: =IF(F54=TRUE,"사용","미사용") -> 사용 | J54: 패치 | K54: PTPU | L54: 남원주-동원주 PTPU E-IN | M54: KEPCO | N54: =IF(F54=TRUE,"X","O") -> X
A55: 강원본부 | B55: 원주전력소 | C55: 남원주변전소 | D55: 동원주변전소 | E55: 4 | F55: =ISTEXT(L55) -> TRUE | H55: 남원주동원주T/L(지중) | I55: =IF(F55=TRUE,"사용","미사용") -> 사용 | J55: 패치 | K55: PTPU | L55: 남원주-동원주 PTPU E-OUT | M55: KEPCO | N55: =IF(F55=TRUE,"X","O") -> X
A56: 강원본부 | B56: 원주전력소 | C56: 남원주변전소 | D56: 동원주변전소 | E56: 5 | F56: =ISTEXT(L56) -> TRUE | H56: 남원주동원주T/L(지중) | I56: =IF(F56=TRUE,"사용","미사용") -> 사용 | J56: 패치 | K56: 통합단말 | L56: 원주전력소 GR3링(원주-동원주) OUT | M56: KEPCO | N56: =IF(F56=TRUE,"X","O") -> X
A57: 강원본부 | B57: 원주전력소 | C57: 남원주변전소 | D57: 동원주변전소 | E57: 6 | F57: =ISTEXT(L57) -> TRUE | H57: 남원주동원주T/L(지중) | I57: =IF(F57=TRUE,"사용","미사용") -> 사용 | J57: 패치 | K57: 통합단말 | L57: 원주전력소 GR3링(원주-동원주) IN | M57: KEPCO | N57: =IF(F57=TRUE,"X","O") -> X
A58: 강원본부 | B58: 원주전력소 | C58: 남원주변전소 | D58: 동원주변전소 | E58: 7 | F58: =ISTEXT(L58) -> TRUE | H58: 남원주동원주T/L(지중) | I58: =IF(F58=TRUE,"사용","미사용") -> 사용 | J58: 패치 | K58: 통합단말 | L58: 원주전력소 GR2링(동원주-남원주) OUT | M58: KEPCO | N58: =IF(F58=TRUE,"X","O") -> X
A59: 강원본부 | B59: 원주전력소 | C59: 남원주변전소 | D59: 동원주변전소 | E59: 8 | F59: =ISTEXT(L59) -> TRUE | H59: 남원주동원주T/L(지중) | I59: =IF(F59=TRUE,"사용","미사용") -> 사용 | J59: 패치 | K59: 통합단말 | L59: 원주전력소 GR2링(동원주-남원주) IN | M59: KEPCO | N59: =IF(F59=TRUE,"X","O") -> X
A60: 강원본부 | B60: 원주전력소 | C60: 남원주변전소 | D60: 동원주변전소 | E60: 9 | F60: =ISTEXT(L60) -> TRUE | H60: 남원주동원주T/L(지중) | I60: =IF(F60=TRUE,"사용","미사용") -> 사용 | J60: 패치 | K60: 광스위치 | L60: 디지탈스카다㈜(홍천-동원주) | M60: KEPCO | N60: =IF(F60=TRUE,"X","O") -> X
A61: 강원본부 | B61: 원주전력소 | C61: 남원주변전소 | D61: 동원주변전소 | E61: 10 | F61: =ISTEXT(L61) -> TRUE | H61: 남원주동원주T/L(지중) | I61: =IF(F61=TRUE,"사용","미사용") -> 사용 | J61: 패치 | K61: 광스위치 | L61: 디지탈스카다㈜(동원주-남원주) | M61: KEPCO | N61: =IF(F61=TRUE,"X","O") -> X
A62: 강원본부 | B62: 원주전력소 | C62: 남원주변전소 | D62: 동원주변전소 | E62: 11 | F62: =ISTEXT(L62) -> FALSE | H62: 남원주동원주T/L(지중) | I62: =IF(F62=TRUE,"사용","미사용") -> 미사용 | N62: =IF(F62=TRUE,"X","O") -> O | O62: 3.861 | P62: 1.27 | Q62: 0.774 | R62: 43248 | S62: 3.858 | T62: 1.255 | U62: 0.78 | V62: 43704 | W62: 3.858 | X62: 1.261 | Y62: 0.771 | Z62: 43887 | AA62: 3.85 | AB62: 1.258 | AC62: 0.777 | AD62: 44420 | AE62: 3.854 | AF62: 1.267 | AG62: 0.772 | AH62: 44644 | AI62: 3.856 | AJ62: 1.267 | AK62: 0.772 | AL62: 44978
A63: 강원본부 | B63: 원주전력소 | C63: 남원주변전소 | D63: 동원주변전소 | E63: 12 | F63: =ISTEXT(L63) -> TRUE | H63: 남원주동원주T/L(지중) | I63: =IF(F63=TRUE,"사용","미사용") -> 사용 | L63: 디지탈스카다(주천-동원주)_예정 | N63: =IF(F63=TRUE,"X","O") -> X | O63: 3.859 | P63: 1.414 | Q63: 0.875 | R63: 43248 | S63: 3.861 | T63: 1.407 | U63: 0.861 | V63: 43704 | W63: 3.86 | X63: 1.423 | Y63: 0.864 | Z63: 43887 | AA63: 3.85 | AB63: 1.411 | AC63: 0.866 | AD63: 44420 | AE63: 3.854 | AF63: 1.417 | AG63: 0.87 | AH63: 44644 | AI63: 3.856 | AJ63: 1.417 | AK63: 0.869 | AL63: 44978
A64: 강원본부 | B64: 원주전력소 | C64: 남원주변전소 | D64: 동원주변전소 | E64: 13 | F64: =ISTEXT(L64) -> TRUE | H64: 남원주동원주T/L(지중) | I64: =IF(F64=TRUE,"사용","미사용") -> 사용 | J64: 패치 | K64: 송변전광 | L64: 원주-동원주 송변전광 W-OUT | M64: KEPCO | N64: =IF(F64=TRUE,"X","O") -> X | O64: 3.853 | P64: 1.243 | Q64: 0.811 | R64: 43248 | S64: 3.863 | T64: 1.299 | U64: 1.229 | V64: 43704
A65: 강원본부 | B65: 원주전력소 | C65: 남원주변전소 | D65: 동원주변전소 | E65: 14 | F65: =ISTEXT(L65) -> TRUE | H65: 남원주동원주T/L(지중) | I65: =IF(F65=TRUE,"사용","미사용") -> 사용 | J65: 패치 | K65: 송변전광 | L65: 원주-동원주 송변전광 W-IN | M65: KEPCO | N65: =IF(F65=TRUE,"X","O") -> X | O65: 3.85 | P65: 1.255 | Q65: 0.794 | R65: 43248 | S65: 3.855 | T65: 1.256 | U65: 0.989 | V65: 43704
A66: 강원본부 | B66: 원주전력소 | C66: 남원주변전소 | D66: 동원주변전소 | E66: 15 | F66: =ISTEXT(L66) -> TRUE | H66: 남원주동원주T/L(지중) | I66: =IF(F66=TRUE,"사용","미사용") -> 사용 | J66: 패치 | K66: 송변전광 | L66: 동원주-남원주 송변전광 W-OUT | M66: KEPCO | N66: =IF(F66=TRUE,"X","O") -> X | O66: 3.854 | P66: 1.273 | Q66: 0.763 | R66: 43248 | S66: 3.855 | T66: 1.279 | U66: 0.933 | V66: 43704
A67: 강원본부 | B67: 원주전력소 | C67: 남원주변전소 | D67: 동원주변전소 | E67: 16 | F67: =ISTEXT(L67) -> TRUE | H67: 남원주동원주T/L(지중) | I67: =IF(F67=TRUE,"사용","미사용") -> 사용 | J67: 패치 | K67: 송변전광 | L67: 동원주-남원주 송변전광 W-IN | M67: KEPCO | N67: =IF(F67=TRUE,"X","O") -> X | O67: 3.853 | P67: 1.311 | Q67: 0.794 | R67: 43248 | S67: 3.862 | T67: 1.261 | U67: 0.841 | V67: 43704
A68: 강원본부 | B68: 원주전력소 | C68: 남원주변전소 | D68: 동원주변전소 | E68: 17 | F68: =ISTEXT(L68) -> FALSE | H68: 남원주동원주T/L(지중) | I68: =IF(F68=TRUE,"사용","미사용") -> 미사용 | N68: =IF(F68=TRUE,"X","O") -> O | O68: 3.853 | P68: 1.241 | Q68: 0.728 | R68: 43248 | S68: 3.856 | T68: 1.339 | U68: 1.033 | V68: 43704 | W68: 3.861 | X68: 1.351 | Y68: 0.971 | Z68: 43887 | AA68: 3.85 | AB68: 1.349 | AC68: 1.002 | AD68: 44420 | AE68: 3.853 | AF68: 1.341 | AG68: 0.932 | AH68: 44644 | AI68: 3.863 | AJ68: 1.361 | AK68: 0.927 | AL68: 44978
A69: 강원본부 | B69: 원주전력소 | C69: 남원주변전소 | D69: 동원주변전소 | E69: 18 | F69: =ISTEXT(L69) -> FALSE | H69: 남원주동원주T/L(지중) | I69: =IF(F69=TRUE,"사용","미사용") -> 미사용 | N69: =IF(F69=TRUE,"X","O") -> O | O69: 3.853 | P69: 1.348 | Q69: 0.832 | R69: 43248 | S69: 3.862 | T69: 1.333 | U69: 0.822 | V69: 43704 | W69: 3.826 | X69: 1.338 | Y69: 0.815 | Z69: 43887 | AA69: 3.85 | AB69: 1.335 | AC69: 0.825 | AD69: 44420 | AE69: 3.859 | AF69: 1.34 | AG69: 0.813 | AH69: 44644 | AI69: 3.855 | AJ69: 1.337 | AK69: 0.811 | AL69: 44978
A70: 강원본부 | B70: 원주전력소 | C70: 남원주변전소 | D70: 동원주변전소 | E70: 19 | F70: =ISTEXT(L70) -> FALSE | H70: 남원주동원주T/L(지중) | I70: =IF(F70=TRUE,"사용","미사용") -> 미사용 | N70: =IF(F70=TRUE,"X","O") -> O | O70: 3.86 | P70: 1.298 | Q70: 1.194 | R70: 43248 | S70: 3.855 | T70: 1.238 | U70: 0.835 | V70: 43704 | W70: 3.855 | X70: 1.254 | Y70: 0.815 | Z70: 43887 | AA70: 3.85 | AB70: 1.248 | AC70: 0.832 | AD70: 44420 | AE70: 3.853 | AF70: 1.247 | AG70: 0.823 | AH70: 44644 | AI70: 3.855 | AJ70: 1.249 | AK70: 0.818 | AL70: 44978
A71: 강원본부 | B71: 원주전력소 | C71: 남원주변전소 | D71: 동원주변전소 | E71: 20 | F71: =ISTEXT(L71) -> FALSE | H71: 남원주동원주T/L(지중) | I71: =IF(F71=TRUE,"사용","미사용") -> 미사용 | N71: =IF(F71=TRUE,"X","O") -> O | O71: 3.853 | P71: 1.258 | Q71: 0.95 | R71: 43248 | S71: 3.855 | T71: 1.259 | U71: 0.809 | V71: 43704 | W71: 3.851 | X71: 1.294 | Y71: 0.776 | Z71: 43887 | AA71: 3.85 | AB71: 1.269 | AC71: 0.798 | AD71: 44420 | AE71: 3.853 | AF71: 1.286 | AG71: 0.801 | AH71: 44644 | AI71: 3.855 | AJ71: 1.285 | AK71: 0.784 | AL71: 44978
A72: 강원본부 | B72: 원주전력소 | C72: 남원주변전소 | D72: 동원주변전소 | E72: 21 | F72: =ISTEXT(L72) -> FALSE | H72: 남원주동원주T/L(지중) | I72: =IF(F72=TRUE,"사용","미사용") -> 미사용 | N72: =IF(F72=TRUE,"X","O") -> O | O72: 3.854 | P72: 1.274 | Q72: 0.884 | R72: 43248 | S72: 3.856 | T72: 1.263 | U72: 0.771 | V72: 43704 | W72: 3.855 | X72: 1.279 | Y72: 0.767 | Z72: 43887 | AA72: 3.85 | AB72: 1.27 | AC72: 0.771 | AD72: 44420 | AE72: 3.853 | AF72: 1.272 | AG72: 0.756 | AH72: 44644 | AI72: 3.855 | AJ72: 1.274 | AK72: 0.762 | AL72: 44978
A73: 강원본부 | B73: 원주전력소 | C73: 남원주변전소 | D73: 동원주변전소 | E73: 22 | F73: =ISTEXT(L73) -> FALSE | H73: 남원주동원주T/L(지중) | I73: =IF(F73=TRUE,"사용","미사용") -> 미사용 | N73: =IF(F73=TRUE,"X","O") -> O | O73: 3.86 | P73: 1.255 | Q73: 0.835 | R73: 43248 | S73: 3.856 | T73: 1.31 | U73: 0.805 | V73: 43704 | W73: 3.855 | X73: 1.319 | Y73: 0.793 | Z73: 43887 | AA73: 3.85 | AB73: 1.307 | AC73: 0.797 | AD73: 44420 | AE73: 3.853 | AF73: 1.313 | AG73: 0.793 | AH73: 44644 | AI73: 3.855 | AJ73: 1.321 | AK73: 0.795 | AL73: 44978
A74: 강원본부 | B74: 원주전력소 | C74: 남원주변전소 | D74: 동원주변전소 | E74: 23 | F74: =ISTEXT(L74) -> FALSE | H74: 남원주동원주T/L(지중) | I74: =IF(F74=TRUE,"사용","미사용") -> 미사용 | N74: =IF(F74=TRUE,"X","O") -> O | O74: 3.854 | P74: 1.399 | Q74: 0.991 | R74: 43248 | S74: 3.856 | T74: 1.243 | U74: 0.755 | V74: 43704 | W74: 3.855 | X74: 1.251 | Y74: 0.74 | Z74: 43887 | AA74: 3.85 | AB74: 1.258 | AC74: 0.73 | AD74: 44420 | AE74: 3.858 | AF74: 1.255 | AG74: 0.72 | AH74: 44644 | AI74: 3.859 | AJ74: 1.259 | AK74: 0.741 | AL74: 44978
A75: 강원본부 | B75: 원주전력소 | C75: 남원주변전소 | D75: 동원주변전소 | E75: 24 | F75: =ISTEXT(L75) -> FALSE | H75: 남원주동원주T/L(지중) | I75: =IF(F75=TRUE,"사용","미사용") -> 미사용 | N75: =IF(F75=TRUE,"X","O") -> O | O75: 3.85 | P75: 1.326 | Q75: 0.809 | R75: 43248 | S75: 3.855 | T75: 1.34 | U75: 0.841 | V75: 43704 | W75: 3.855 | X75: 1.356 | Y75: 0.839 | Z75: 43887 | AA75: 3.85 | AB75: 1.345 | AC75: 0.839 | AD75: 44420 | AE75: 3.853 | AF75: 1.347 | AG75: 0.833 | AH75: 44644 | AI75: 3.855 | AJ75: 1.346 | AK75: 0.828 | AL75: 44978

Sheet 동원주
A1: ■ 강원본부 OFD 선번장(동원주) | L1: ※ 코아명칭 부여 PTP : COT측 장비 광출력 기준 링 : 링방향 West 광출력 기준
AO2: =원주!AS2 -> 45601 | AU2: 용도
A3: 본부 | B3: 관리사업소 | C3: 설치장소 | D3: 상대국명 | E3: 코어 선번 | F3: 사용여부판단 | G3: 송전선로 관리번호 | H3: 송전, 배전 선로명 | I3: 사용 여부 | J3: 융착/ 패치 | K3: 용도 | L3: 수용내역 | M3: 사용회사 | N3: 측정가능 여부 | O3: 측정거리 (km) | P3: 측정DATA 1310 (dB) | Q3: 측정DATA 1550 (dB) | R3: 측정일자 | S3: 측정거리 (km) | T3: 측정DATA 1310 (dB) | U3: 측정DATA 1550 (dB) | V3: 측정일자 | W3: 측정거리 (km) | X3: 측정DATA 1310 (dB) | Y3: 측정DATA 1550 (dB) | Z3: 측정일자 | AA3: 측정거리 (km) | AB3: 측정DATA 1310 (dB) | AC3: 측정DATA 1550 (dB) | AD3: 측정일자 | AE3: 측정거리 (km) | AF3: 측정DATA 1310 (dB) | AG3: 측정DATA 1550 (dB) | AH3: 측정일자 | AI3: 측정거리 (km) | AJ3: 측정DATA 1310 (dB) | AK3: 측정DATA 1550 (dB) | AL3: 측정일자 | AM3: 접속개소 | AN3: 상태 판단 | AO3: 비고 | AU3: 소형광단국
A4: 강원본부 | B4: 원주전력소 | C4: 동원주변전소 | D4: 남원주변전소 | E4: 1 | F4: =ISTEXT(L4) -> TRUE | H4: 남원주동원주T/L(지중) | I4: =IF(F4=TRUE,"사용","미사용") -> 사용 | J4: 패치 | K4: PTPU | L4: 남원주-동원주 PTPU W-IN | M4: KEPCO | N4: =IF(F4=TRUE,"X","O") -> X | AU4: 통합단말
A5: 강원본부 | B5: 원주전력소 | C5: 동원주변전소 | D5: 남원주변전소 | E5: 2 | F5: =ISTEXT(L5) -> TRUE | H5: 남원주동원주T/L(지중) | I5: =IF(F5=TRUE,"사용","미사용") -> 사용 | J5: 패치 | K5: PTPU | L5: 남원주-동원주 PTPU W-OUT | M5: KEPCO | N5: =IF(F5=TRUE,"X","O") -> X | AU5: KepCIT
A6: 강원본부 | B6: 원주전력소 | C6: 동원주변전소 | D6: 남원주변전소 | E6: 3 | F6: =ISTEXT(L6) -> TRUE | H6: 남원주동원주T/L(지중) | I6: =IF(F6=TRUE,"사용","미사용") -> 사용 | J6: 패치 | K6: PTPU | L6: 남원주-동원주 PTPU E-IN | M6: KEPCO | N6: =IF(F6=TRUE,"X","O") -> X | AU6: 광스위치
A7: 강원본부 | B7: 원주전력소 | C7: 동원주변전소 | D7: 남원주변전소 | E7: 4 | F7: =ISTEXT(L7) -> TRUE | H7: 남원주동원주T/L(지중) | I7: =IF(F7=TRUE,"사용","미사용") -> 사용 | J7: 패치 | K7: PTPU | L7: 남원주-동원주 PTPU E-OUT | M7: KEPCO | N7: =IF(F7=TRUE,"X","O") -> X | AU7: 송변전광
A8: 강원본부 | B8: 원주전력소 | C8: 동원주변전소 | D8: 남원주변전소 | E8: 5 | F8: =ISTEXT(L8) -> TRUE | H8: 남원주동원주T/L(지중) | I8: =IF(F8=TRUE,"사용","미사용") -> 사용 | J8: 패치 | K8: 통합단말 | L8: 원주전력소 GR3링(원주-동원주) OUT | M8: KEPCO | N8: =IF(F8=TRUE,"X","O") -> X | AU8: 임대
A9: 강원본부 | B9: 원주전력소 | C9: 동원주변전소 | D9: 남원주변전소 | E9: 6 | F9: =ISTEXT(L9) -> TRUE | H9: 남원주동원주T/L(지중) | I9: =IF(F9=TRUE,"사용","미사용") -> 사용 | J9: 패치 | K9: 통합단말 | L9: 원주전력소 GR3링(원주-동원주) IN | M9: KEPCO | N9: =IF(F9=TRUE,"X","O") -> X | AU9: PTPU
A10: 강원본부 | B10: 원주전력소 | C10: 동원주변전소 | D10: 남원주변전소 | E10: 7 | F10: =ISTEXT(L10) -> TRUE | H10: 남원주동원주T/L(지중) | I10: =IF(F10=TRUE,"사용","미사용") -> 사용 | J10: 패치 | K10: 통합단말 | L10: 원주전력소 GR3링(동원주-남원주) OUT | M10: KEPCO | N10: =IF(F10=TRUE,"X","O") -> X | AU10: SCADA
A11: 강원본부 | B11: 원주전력소 | C11: 동원주변전소 | D11: 남원주변전소 | E11: 8 | F11: =ISTEXT(L11) -> TRUE | H11: 남원주동원주T/L(지중) | I11: =IF(F11=TRUE,"사용","미사용") -> 사용 | J11: 패치 | K11: 통합단말 | L11: 원주전력소 GR3링(동원주-남원주) IN | M11: KEPCO | N11: =IF(F11=TRUE,"X","O") -> X | AU11: PITR
A12: 강원본부 | B12: 원주전력소 | C12: 동원주변전소 | D12: 남원주변전소 | E12: 9 | F12: =ISTEXT(L12) -> TRUE | H12: 남원주동원주T/L(지중) | I12: =IF(F12=TRUE,"사용","미사용") -> 사용 | J12: 패치 | K12: 광스위치 | L12: 디지탈스카다㈜(홍천-동원주) | M12: KEPCO | N12: =IF(F12=TRUE,"X","O") -> X | AU12: DAS
A13: 강원본부 | B13: 원주전력소 | C13: 동원주변전소 | D13: 남원주변전소 | E13: 10 | F13: =ISTEXT(L13) -> TRUE | H13: 남원주동원주T/L(지중) | I13: =IF(F13=TRUE,"사용","미사용") -> 사용 | J13: 패치 | K13: 광스위치 | L13: 디지탈스카다㈜(동원주-남원주) | M13: KEPCO | N13: =IF(F13=TRUE,"X","O") -> X | AU13: 기타
A14: 강원본부 | B14: 원주전력소 | C14: 동원주변전소 | D14: 남원주변전소 | E14: 11 | F14: =ISTEXT(L14) -> FALSE | H14: 남원주동원주T/L(지중) | I14: =IF(F14=TRUE,"사용","미사용") -> 미사용 | N14: =IF(F14=TRUE,"X","O") -> O | S14: 3.86 | T14: 1.266 | U14: 0.769 | V14: 43704 | W14: 3.86 | X14: 1.281 | Y14: 0.775 | Z14: 43892 | AA14: 3.86 | AB14: 1.262 | AC14: 0.769 | AD14: 44420 | AE14: 3.855 | AF14: 1.272 | AG14: 0.776 | AH14: 44644 | AI14: 3.859 | AJ14: 1.333 | AK14: 0.879 | AL14: 44978 | AU14: 송PTPU
A15: 강원본부 | B15: 원주전력소 | C15: 동원주변전소 | D15: 남원주변전소 | E15: 12 | F15: =ISTEXT(L15) -> TRUE | H15: 남원주동원주T/L(지중) | I15: =IF(F15=TRUE,"사용","미사용") -> 사용 | L15: 디지탈스카다(주천-동원주)_예정 | N15: =IF(F15=TRUE,"X","O") -> X | S15: 3.85 | T15: 1.434 | U15: 0.877 | V15: 43704 | W15: 3.856 | X15: 1.449 | Y15: 0.885 | Z15: 43892 | AA15: 3.85 | AB15: 1.416 | AC15: 0.883 | AD15: 44420 | AE15: 3.854 | AF15: 1.434 | AG15: 0.872 | AH15: 44644 | AI15: 3.856 | AJ15: 1.482 | AK15: 1.127 | AL15: 44978
A16: 강원본부 | B16: 원주전력소 | C16: 동원주변전소 | D16: 남원주변전소 | E16: 13 | F16: =ISTEXT(L16) -> TRUE | H16: 남원주동원주T/L(지중) | I16: =IF(F16=TRUE,"사용","미사용") -> 사용 | J16: 패치 | K16: 송변전광 | L16: 원주-동원주 송변전광 W-OUT | M16: KEPCO | N16: =IF(F16=TRUE,"X","O") -> X | S16: 3.85 | T16: 1.313 | U16: 1.208 | V16: 43704
A17: 강원본부 | B17: 원주전력소 | C17: 동원주변전소 | D17: 남원주변전소 | E17: 14 | F17: =ISTEXT(L17) -> TRUE | H17: 남원주동원주T/L(지중) | I17: =IF(F17=TRUE,"사용","미사용") -> 사용 | J17: 패치 | K17: 송변전광 | L17: 원주-동원주 송변전광 W_IN | M17: KEPCO | N17: =IF(F17=TRUE,"X","O") -> X | S17: 3.85 | T17: 1.272 | U17: 0.992 | V17: 43704
A18: 강원본부 | B18: 원주전력소 | C18: 동원주변전소 | D18: 남원주변전소 | E18: 15 | F18: =ISTEXT(L18) -> TRUE | H18: 남원주동원주T/L(지중) | I18: =IF(F18=TRUE,"사용","미사용") -> 사용 | J18: 패치 | K18: 송변전광 | L18: 동원주-남원주 송변전광 W-OUT | M18: KEPCO | N18: =IF(F18=TRUE,"X","O") -> X | S18: 3.85 | T18: 1.302 | U18: 0.923 | V18: 43704
A19: 강원본부 | B19: 원주전력소 | C19: 동원주변전소 | D19: 남원주변전소 | E19: 16 | F19: =ISTEXT(L19) -> TRUE | H19: 남원주동원주T/L(지중) | I19: =IF(F19=TRUE,"사용","미사용") -> 사용 | J19: 패치 | K19: 송변전광 | L19: 동원주-남원주 송변전광 W-IN | M19: KEPCO | N19: =IF(F19=TRUE,"X","O") -> X | S19: 3.85 | T19: 1.277 | U19: 0.869 | V19: 43704
A20: 강원본부 | B20: 원주전력소 | C20: 동원주변전소 | D20: 남원주변전소 | E20: 17 | F20: =ISTEXT(L20) -> FALSE | H20: 남원주동원주T/L(지중) | I20: =IF(F20=TRUE,"사용","미사용") -> 미사용 | N20: =IF(F20=TRUE,"X","O") -> O | S20: 3.85 | T20: 1.352 | U20: 1.025 | V20: 43704 | W20: 3.855 | X20: 1.363 | Y20: 0.973 | Z20: 43892 | AA20: 3.85 | AB20: 1.339 | AC20: 1.013 | AD20: 44420 | AE20: 3.853 | AF20: 1.35 | AG20: 0.974 | AH20: 44644 | AI20: 3.855 | AJ20: 1.383 | AK20: 1.128 | AL20: 44978
A21: 강원본부 | B21: 원주전력소 | C21: 동원주변전소 | D21: 남원주변전소 | E21: 18 | F21: =ISTEXT(L21) -> FALSE | H21: 남원주동원주T/L(지중) | I21: =IF(F21=TRUE,"사용","미사용") -> 미사용 | N21: =IF(F21=TRUE,"X","O") -> O | S21: 3.85 | T21: 1.328 | U21: 0.811 | V21: 43704 | W21: 3.855 | X21: 1.346 | Y21: 0.796 | Z21: 43892 | AA21: 3.86 | AB21: 1.312 | AC21: 0.791 | AD21: 44420 | AE21: 3.858 | AF21: 1.33 | AG21: 0.788 | AH21: 44644 | AI21: 3.86 | AJ21: 1.379 | AK21: 2.136 | AL21: 44978
A22: 강원본부 | B22: 원주전력소 | C22: 동원주변전소 | D22: 남원주변전소 | E22: 19 | F22: =ISTEXT(L22) -> FALSE | H22: 남원주동원주T/L(지중) | I22: =IF(F22=TRUE,"사용","미사용") -> 미사용 | N22: =IF(F22=TRUE,"X","O") -> O | S22: 3.85 | T22: 1.257 | U22: 0.828 | V22: 43704 | W22: 3.855 | X22: 1.274 | Y22: 0.816 | Z22: 43892 | AA22: 3.85 | AB22: 1.244 | AC22: 0.832 | AD22: 44420 | AE22: 3.853 | AF22: 1.253 | AG22: 0.816 | AH22: 44644 | AI22: 3.855 | AJ22: 1.281 | AK22: 0.874 | AL22: 44978
A23: 강원본부 | B23: 원주전력소 | C23: 동원주변전소 | D23: 남원주변전소 | E23: 20 | F23: =ISTEXT(L23) -> FALSE | H23: 남원주동원주T/L(지중) | I23: =IF(F23=TRUE,"사용","미사용") -> 미사용 | N23: =IF(F23=TRUE,"X","O") -> O | S23: 3.85 | T23: 1.281 | U23: 0.821 | V23: 43704 | W23: 3.855 | X23: 1.293 | Y23: 0.803 | Z23: 43892 | AA23: 3.85 | AB23: 1.266 | AC23: 0.812 | AD23: 44420 | AE23: 3.853 | AF23: 1.288 | AG23: 0.807 | AH23: 44644 | AI23: 3.855 | AJ23: 1.304 | AK23: 1.229 | AL23: 44978
A24: 강원본부 | B24: 원주전력소 | C24: 동원주변전소 | D24: 남원주변전소 | E24: 21 | F24: =ISTEXT(L24) -> FALSE | H24: 남원주동원주T/L(지중) | I24: =IF(F24=TRUE,"사용","미사용") -> 미사용 | N24: =IF(F24=TRUE,"X","O") -> O | S24: 3.85 | T24: 1.271 | U24: 0.764 | V24: 43704 | W24: 3.855 | X24: 1.285 | Y24: 0.769 | Z24: 43892 | AA24: 3.85 | AB24: 1.263 | AC24: 0.765 | AD24: 44420 | AE24: 3.853 | AF24: 1.279 | AG24: 0.759 | AH24: 44644 | AI24: 3.855 | AJ24: 1.324 | AK24: 0.865 | AL24: 44978
A25: 강원본부 | B25: 원주전력소 | C25: 동원주변전소 | D25: 남원주변전소 | E25: 22 | F25: =ISTEXT(L25) -> FALSE | H25: 남원주동원주T/L(지중) | I25: =IF(F25=TRUE,"사용","미사용") -> 미사용 | N25: =IF(F25=TRUE,"X","O") -> O | S25: 3.85 | T25: 1.312 | U25: 0.795 | V25: 43704 | W25: 3.855 | X25: 1.329 | Y25: 0.793 | Z25: 43892 | AA25: 3.85 | AB25: 1.301 | AC25: 0.794 | AD25: 44420 | AE25: 3.853 | AF25: 1.321 | AG25: 0.797 | AH25: 44644 | AI25: 3.855 | AJ25: 1.361 | AK25: 0.889 | AL25: 44978
A26: 강원본부 | B26: 원주전력소 | C26: 동원주변전소 | D26: 남원주변전소 | E26: 23 | F26: =ISTEXT(L26) -> FALSE | H26: 남원주동원주T/L(지중) | I26: =IF(F26=TRUE,"사용","미사용") -> 미사용 | N26: =IF(F26=TRUE,"X","O") -> O | S26: 3.85 | T26: 1.24 | U26: 0.746 | V26: 43704 | W26: 3.861 | X26: 1.29 | Y26: 0.727 | Z26: 43892 | AA26: 3.86 | AB26: 1.254 | AC26: 0.759 | AD26: 44420 | AE26: 3.853 | AF26: 1.266 | AG26: 0.733 | AH26: 44644 | AI26: 3.855 | AJ26: 1.299 | AK26: 0.808 | AL26: 44978
A27: 강원본부 | B27: 원주전력소 | C27: 동원주변전소 | D27: 남원주변전소 | E27: 24 | F27: =ISTEXT(L27) -> FALSE | H27: 남원주동원주T/L(지중) | I27: =IF(F27=TRUE,"사용","미사용") -> 미사용 | N27: =IF(F27=TRUE,"X","O") -> O | S27: 3.86 | T27: 1.347 | U27: 0.835 | V27: 43704 | W27: 3.859 | X27: 1.365 | Y27: 0.839 | Z27: 43892 | AA27: 3.86 | AB27: 1.343 | AC27: 0.834 | AD27: 44420 | AE27: 3.853 | AF27: 1.351 | AG27: 0.834 | AH27: 44644 | AI27: 3.86 | AJ27: 1.378 | AK27: 0.901 | AL27: 44978
A28: 강원본부 | B28: 원주전력소 | C28: 동원주변전소 | D28: 혁신도시(동원주) | E28: 1 | F28: =ISTEXT(L28) -> TRUE | H28: 비금속자가망(A) | I28: =IF(F28=TRUE,"사용","미사용") -> 사용 | J28: 패치 | K28: DAS | L28: 31링 East | M28: KEPCO | N28: =IF(F28=TRUE,"X","O") -> X | AO28: S131방향
A29: 강원본부 | B29: 원주전력소 | C29: 동원주변전소 | D29: 혁신도시(동원주) | E29: 2 | F29: =ISTEXT(L29) -> FALSE | H29: 비금속자가망(A) | I29: =IF(F29=TRUE,"사용","미사용") -> 미사용 | N29: =IF(F29=TRUE,"X","O") -> O | AO29: S131방향
A30: 강원본부 | B30: 원주전력소 | C30: 동원주변전소 | D30: 혁신도시(동원주) | E30: 3 | F30: =ISTEXT(L30) -> FALSE | H30: 비금속자가망(A) | I30: =IF(F30=TRUE,"사용","미사용") -> 미사용 | N30: =IF(F30=TRUE,"X","O") -> O | AO30: S131방향
A31: 강원본부 | B31: 원주전력소 | C31: 동원주변전소 | D31: 혁신도시(동원주) | E31: 4 | F31: =ISTEXT(L31) -> FALSE | H31: 비금속자가망(A) | I31: =IF(F31=TRUE,"사용","미사용") -> 미사용 | N31: =IF(F31=TRUE,"X","O") -> O | AO31: S131방향
A32: 강원본부 | B32: 원주전력소 | C32: 동원주변전소 | D32: 혁신도시(동원주) | E32: 5 | F32: =ISTEXT(L32) -> FALSE | H32: 비금속자가망(A) | I32: =IF(F32=TRUE,"사용","미사용") -> 미사용 | N32: =IF(F32=TRUE,"X","O") -> O | AO32: S131방향
A33: 강원본부 | B33: 원주전력소 | C33: 동원주변전소 | D33: 혁신도시(동원주) | E33: 6 | F33: =ISTEXT(L33) -> FALSE | H33: 비금속자가망(A) | I33: =IF(F33=TRUE,"사용","미사용") -> 미사용 | N33: =IF(F33=TRUE,"X","O") -> O | AO33: S131방향
A34: 강원본부 | B34: 원주전력소 | C34: 동원주변전소 | D34: 혁신도시(동원주) | E34: 7 | F34: =ISTEXT(L34) -> FALSE | H34: 비금속자가망(A) | I34: =IF(F34=TRUE,"사용","미사용") -> 미사용 | N34: =IF(F34=TRUE,"X","O") -> O | AO34: S131방향
A35: 강원본부 | B35: 원주전력소 | C35: 동원주변전소 | D35: 혁신도시(동원주) | E35: 8 | F35: =ISTEXT(L35) -> FALSE | H35: 비금속자가망(A) | I35: =IF(F35=TRUE,"사용","미사용") -> 미사용 | N35: =IF(F35=TRUE,"X","O") -> O | AO35: S131방향
A36: 강원본부 | B36: 원주전력소 | C36: 동원주변전소 | D36: 혁신도시(동원주) | E36: 9 | F36: =ISTEXT(L36) -> TRUE | H36: 비금속자가망(A) | I36: =IF(F36=TRUE,"사용","미사용") -> 사용 | J36: 패치 | K36: DAS | L36: 32링 East | M36: KEPCO | N36: =IF(F36=TRUE,"X","O") -> X | AO36: S131방향
A37: 강원본부 | B37: 원주전력소 | C37: 동원주변전소 | D37: 혁신도시(동원주) | E37: 10 | F37: =ISTEXT(L37) -> FALSE | H37: 비금속자가망(A) | I37: =IF(F37=TRUE,"사용","미사용") -> 미사용 | N37: =IF(F37=TRUE,"X","O") -> O | AO37: S131방향
A38: 강원본부 | B38: 원주전력소 | C38: 동원주변전소 | D38: 혁신도시(동원주) | E38: 11 | F38: =ISTEXT(L38) -> FALSE | H38: 비금속자가망(A) | I38: =IF(F38=TRUE,"사용","미사용") -> 미사용 | N38: =IF(F38=TRUE,"X","O") -> O | AO38: S131방향
A39: 강원본부 | B39: 원주전력소 | C39: 동원주변전소 | D39: 혁신도시(동원주) | E39: 12 | F39: =ISTEXT(L39) -> FALSE | H39: 비금속자가망(A) | I39: =IF(F39=TRUE,"사용","미사용") -> 미사용 | N39: =IF(F39=TRUE,"X","O") -> O | AO39: S131방향
A40: 강원본부 | B40: 원주전력소 | C40: 동원주변전소 | D40: 혁신도시(동원주) | E40: 13 | F40: =ISTEXT(L40) -> TRUE | H40: 비금속자가망(A) | I40: =IF(F40=TRUE,"사용","미사용") -> 사용 | J40: 패치 | K40: DAS | L40: 33링 East | M40: KEPCO | N40: =IF(F40=TRUE,"X","O") -> X | AO40: S131방향
A41: 강원본부 | B41: 원주전력소 | C41: 동원주변전소 | D41: 혁신도시(동원주) | E41: 14 | F41: =ISTEXT(L41) -> FALSE | H41: 비금속자가망(A) | I41: =IF(F41=TRUE,"사용","미사용") -> 미사용 | N41: =IF(F41=TRUE,"X","O") -> O | AO41: S131방향
A42: 강원본부 | B42: 원주전력소 | C42: 동원주변전소 | D42: 혁신도시(동원주) | E42: 15 | F42: =ISTEXT(L42) -> FALSE | H42: 비금속자가망(A) | I42: =IF(F42=TRUE,"사용","미사용") -> 미사용 | N42: =IF(F42=TRUE,"X","O") -> O | AO42: S131방향
A43: 강원본부 | B43: 원주전력소 | C43: 동원주변전소 | D43: 혁신도시(동원주) | E43: 16 | F43: =ISTEXT(L43) -> FALSE | H43: 비금속자가망(A) | I43: =IF(F43=TRUE,"사용","미사용") -> 미사용 | N43: =IF(F43=TRUE,"X","O") -> O | AO43: S131방향
A44: 강원본부 | B44: 원주전력소 | C44: 동원주변전소 | D44: 혁신도시(동원주) | E44: 17 | F44: =ISTEXT(L44) -> TRUE | H44: 비금속자가망(A) | I44: =IF(F44=TRUE,"사용","미사용") -> 사용 | J44: 패치 | K44: DAS | L44: 34링 East | M44: KEPCO | N44: =IF(F44=TRUE,"X","O") -> X | AO44: S131방향
A45: 강원본부 | B45: 원주전력소 | C45: 동원주변전소 | D45: 혁신도시(동원주) | E45: 18 | F45: =ISTEXT(L45) -> FALSE | H45: 비금속자가망(A) | I45: =IF(F45=TRUE,"사용","미사용") -> 미사용 | N45: =IF(F45=TRUE,"X","O") -> O | AO45: S131방향
A46: 강원본부 | B46: 원주전력소 | C46: 동원주변전소 | D46: 혁신도시(동원주) | E46: 19 | F46: =ISTEXT(L46) -> FALSE | H46: 비금속자가망(A) | I46: =IF(F46=TRUE,"사용","미사용") -> 미사용 | N46: =IF(F46=TRUE,"X","O") -> O | AO46: S131방향
A47: 강원본부 | B47: 원주전력소 | C47: 동원주변전소 | D47: 혁신도시(동원주) | E47: 20 | F47: =ISTEXT(L47) -> FALSE | H47: 비금속자가망(A) | I47: =IF(F47=TRUE,"사용","미사용") -> 미사용 | N47: =IF(F47=TRUE,"X","O") -> O | AO47: S131방향
A48: 강원본부 | B48: 원주전력소 | C48: 동원주변전소 | D48: 혁신도시(동원주) | E48: 21 | F48: =ISTEXT(L48) -> TRUE | H48: 비금속자가망(A) | I48: =IF(F48=TRUE,"사용","미사용") -> 사용 | J48: 패치 | K48: DAS | L48: 35링 East | M48: KEPCO | N48: =IF(F48=TRUE,"X","O") -> X | AO48: S131방향
A49: 강원본부 | B49: 원주전력소 | C49: 동원주변전소 | D49: 혁신도시(동원주) | E49: 22 | F49: =ISTEXT(L49) -> FALSE | H49: 비금속자가망(A) | I49: =IF(F49=TRUE,"사용","미사용") -> 미사용 | N49: =IF(F49=TRUE,"X","O") -> O | AO49: S131방향
A50: 강원본부 | B50: 원주전력소 | C50: 동원주변전소 | D50: 혁신도시(동원주) | E50: 23 | F50: =ISTEXT(L50) -> FALSE | H50: 비금속자가망(A) | I50: =IF(F50=TRUE,"사용","미사용") -> 미사용 | N50: =IF(F50=TRUE,"X","O") -> O | AO50: S131방향
A51: 강원본부 | B51: 원주전력소 | C51: 동원주변전소 | D51: 혁신도시(동원주) | E51: 24 | F51: =ISTEXT(L51) -> FALSE | H51: 비금속자가망(A) | I51: =IF(F51=TRUE,"사용","미사용") -> 미사용 | N51: =IF(F51=TRUE,"X","O") -> O | AO51: S131방향
A52: 강원본부 | B52: 원주전력소 | C52: 동원주변전소 | D52: 혁신도시(동원주) | E52: 1 | F52: =ISTEXT(L52) -> TRUE | H52: 비금속자가망(B) | I52: =IF(F52=TRUE,"사용","미사용") -> 사용 | J52: 패치 | K52: DAS | L52: 31링 West | M52: KEPCO | N52: =IF(F52=TRUE,"X","O") -> X | AO52: S133방향
A53: 강원본부 | B53: 원주전력소 | C53: 동원주변전소 | D53: 혁신도시(동원주) | E53: 2 | F53: =ISTEXT(L53) -> FALSE | H53: 비금속자가망(B) | I53: =IF(F53=TRUE,"사용","미사용") -> 미사용 | N53: =IF(F53=TRUE,"X","O") -> O | AO53: S133방향
A54: 강원본부 | B54: 원주전력소 | C54: 동원주변전소 | D54: 혁신도시(동원주) | E54: 3 | F54: =ISTEXT(L54) -> FALSE | H54: 비금속자가망(B) | I54: =IF(F54=TRUE,"사용","미사용") -> 미사용 | N54: =IF(F54=TRUE,"X","O") -> O | AO54: S133방향
A55: 강원본부 | B55: 원주전력소 | C55: 동원주변전소 | D55: 혁신도시(동원주) | E55: 4 | F55: =ISTEXT(L55) -> FALSE | H55: 비금속자가망(B) | I55: =IF(F55=TRUE,"사용","미사용") -> 미사용 | N55: =IF(F55=TRUE,"X","O") -> O | AO55: S133방향
A56: 강원본부 | B56: 원주전력소 | C56: 동원주변전소 | D56: 혁신도시(동원주) | E56: 5 | F56: =ISTEXT(L56) -> FALSE | H56: 비금속자가망(B) | I56: =IF(F56=TRUE,"사용","미사용") -> 미사용 | N56: =IF(F56=TRUE,"X","O") -> O | AO56: S133방향
A57: 강원본부 | B57: 원주전력소 | C57: 동원주변전소 | D57: 혁신도시(동원주) | E57: 6 | F57: =ISTEXT(L57) -> FALSE | H57: 비금속자가망(B) | I57: =IF(F57=TRUE,"사용","미사용") -> 미사용 | N57: =IF(F57=TRUE,"X","O") -> O | AO57: S133방향
A58: 강원본부 | B58: 원주전력소 | C58: 동원주변전소 | D58: 혁신도시(동원주) | E58: 7 | F58: =ISTEXT(L58) -> FALSE | H58: 비금속자가망(B) | I58: =IF(F58=TRUE,"사용","미사용") -> 미사용 | N58: =IF(F58=TRUE,"X","O") -> O | AO58: S133방향
A59: 강원본부 | B59: 원주전력소 | C59: 동원주변전소 | D59: 혁신도시(동원주) | E59: 8 | F59: =ISTEXT(L59) -> FALSE | H59: 비금속자가망(B) | I59: =IF(F59=TRUE,"사용","미사용") -> 미사용 | N59: =IF(F59=TRUE,"X","O") -> O | AO59: S133방향
A60: 강원본부 | B60: 원주전력소 | C60: 동원주변전소 | D60: 혁신도시(동원주) | E60: 9 | F60: =ISTEXT(L60) -> TRUE | H60: 비금속자가망(B) | I60: =IF(F60=TRUE,"사용","미사용") -> 사용 | J60: 패치 | K60: DAS | L60: 32링 West | M60: KEPCO | N60: =IF(F60=TRUE,"X","O") -> X | AO60: S133방향
A61: 강원본부 | B61: 원주전력소 | C61: 동원주변전소 | D61: 혁신도시(동원주) | E61: 10 | F61: =ISTEXT(L61) -> FALSE | H61: 비금속자가망(B) | I61: =IF(F61=TRUE,"사용","미사용") -> 미사용 | N61: =IF(F61=TRUE,"X","O") -> O | AO61: S133방향
A62: 강원본부 | B62: 원주전력소 | C62: 동원주변전소 | D62: 혁신도시(동원주) | E62: 11 | F62: =ISTEXT(L62) -> FALSE | H62: 비금속자가망(B) | I62: =IF(F62=TRUE,"사용","미사용") -> 미사용 | N62: =IF(F62=TRUE,"X","O") -> O | AO62: S133방향
A63: 강원본부 | B63: 원주전력소 | C63: 동원주변전소 | D63: 혁신도시(동원주) | E63: 12 | F63: =ISTEXT(L63) -> FALSE | H63: 비금속자가망(B) | I63: =IF(F63=TRUE,"사용","미사용") -> 미사용 | N63: =IF(F63=TRUE,"X","O") -> O | AO63: S133방향
A64: 강원본부 | B64: 원주전력소 | C64: 동원주변전소 | D64: 혁신도시(동원주) | E64: 13 | F64: =ISTEXT(L64) -> TRUE | H64: 비금속자가망(B) | I64: =IF(F64=TRUE,"사용","미사용") -> 사용 | J64: 패치 | K64: DAS | L64: 33링 West | M64: KEPCO | N64: =IF(F64=TRUE,"X","O") -> X | AO64: S133방향
A65: 강원본부 | B65: 원주전력소 | C65: 동원주변전소 | D65: 혁신도시(동원주) | E65: 14 | F65: =ISTEXT(L65) -> FALSE | H65: 비금속자가망(B) | I65: =IF(F65=TRUE,"사용","미사용") -> 미사용 | N65: =IF(F65=TRUE,"X","O") -> O | AO65: S133방향
A66: 강원본부 | B66: 원주전력소 | C66: 동원주변전소 | D66: 혁신도시(동원주) | E66: 15 | F66: =ISTEXT(L66) -> FALSE | H66: 비금속자가망(B) | I66: =IF(F66=TRUE,"사용","미사용") -> 미사용 | N66: =IF(F66=TRUE,"X","O") -> O | AO66: S133방향
A67: 강원본부 | B67: 원주전력소 | C67: 동원주변전소 | D67: 혁신도시(동원주) | E67: 16 | F67: =ISTEXT(L67) -> FALSE | H67: 비금속자가망(B) | I67: =IF(F67=TRUE,"사용","미사용") -> 미사용 | N67: =IF(F67=TRUE,"X","O") -> O | AO67: S133방향
A68: 강원본부 | B68: 원주전력소 | C68: 동원주변전소 | D68: 혁신도시(동원주) | E68: 17 | F68: =ISTEXT(L68) -> TRUE | H68: 비금속자가망(B) | I68: =IF(F68=TRUE,"사용","미사용") -> 사용 | J68: 패치 | K68: DAS | L68: 34링 West | M68: KEPCO | N68: =IF(F68=TRUE,"X","O") -> X | AO68: S133방향
A69: 강원본부 | B69: 원주전력소 | C69: 동원주변전소 | D69: 혁신도시(동원주) | E69: 18 | F69: =ISTEXT(L69) -> FALSE | H69: 비금속자가망(B) | I69: =IF(F69=TRUE,"사용","미사용") -> 미사용 | N69: =IF(F69=TRUE,"X","O") -> O | AO69: S133방향
A70: 강원본부 | B70: 원주전력소 | C70: 동원주변전소 | D70: 혁신도시(동원주) | E70: 19 | F70: =ISTEXT(L70) -> FALSE | H70: 비금속자가망(B) | I70: =IF(F70=TRUE,"사용","미사용") -> 미사용 | N70: =IF(F70=TRUE,"X","O") -> O | AO70: S133방향
A71: 강원본부 | B71: 원주전력소 | C71: 동원주변전소 | D71: 혁신도시(동원주) | E71: 20 | F71: =ISTEXT(L71) -> FALSE | H71: 비금속자가망(B) | I71: =IF(F71=TRUE,"사용","미사용") -> 미사용 | N71: =IF(F71=TRUE,"X","O") -> O | AO71: S133방향
A72: 강원본부 | B72: 원주전력소 | C72: 동원주변전소 | D72: 혁신도시(동원주) | E72: 21 | F72: =ISTEXT(L72) -> TRUE | H72: 비금속자가망(B) | I72: =IF(F72=TRUE,"사용","미사용") -> 사용 | J72: 패치 | K72: DAS | L72: 35링 West | M72: KEPCO | N72: =IF(F72=TRUE,"X","O") -> X | AO72: S133방향
A73: 강원본부 | B73: 원주전력소 | C73: 동원주변전소 | D73: 혁신도시(동원주) | E73: 22 | F73: =ISTEXT(L73) -> FALSE | H73: 비금속자가망(B) | I73: =IF(F73=TRUE,"사용","미사용") -> 미사용 | N73: =IF(F73=TRUE,"X","O") -> O | AO73: S133방향
A74: 강원본부 | B74: 원주전력소 | C74: 동원주변전소 | D74: 혁신도시(동원주) | E74: 23 | F74: =ISTEXT(L74) -> FALSE | H74: 비금속자가망(B) | I74: =IF(F74=TRUE,"사용","미사용") -> 미사용 | N74: =IF(F74=TRUE,"X","O") -> O | AO74: S133방향
A75: 강원본부 | B75: 원주전력소 | C75: 동원주변전소 | D75: 혁신도시(동원주) | E75: 24 | F75: =ISTEXT(L75) -> FALSE | H75: 비금속자가망(B) | I75: =IF(F75=TRUE,"사용","미사용") -> 미사용 | N75: =IF(F75=TRUE,"X","O") -> O | AO75: S133방향
A76: 강원본부 | B76: 원주전력소 | C76: 동원주변전소 | D76: 원주지사 | E76: 1 | F76: =ISTEXT(L76) -> FALSE | G76: 배전지능화 | H76: 비금속자가망(B) | I76: =IF(F76=TRUE,"사용","미사용") -> 미사용 | N76: =IF(F76=TRUE,"X","O") -> O | AA76: 9.97 | AB76: 4.536 | AC76: 2.949 | AD76: 44420 | AE76: 9.971 | AF76: 4.544 | AG76: 2.95 | AH76: 44644 | AI76: 9.973 | AJ76: 4.517 | AK76: 3.012 | AL76: 44978 | AO76: A경로
A77: 강원본부 | B77: 원주전력소 | C77: 동원주변전소 | D77: 원주지사 | E77: 2 | F77: =ISTEXT(L77) -> TRUE | G77: 배전지능화 | H77: 비금속자가망(B) | I77: =IF(F77=TRUE,"사용","미사용") -> 사용 | J77: 패치 | K77: DAS | L77: DAS 원주 83링 | M77: KEPCO | N77: =IF(F77=TRUE,"X","O") -> X | AO77: A경로
A78: 강원본부 | B78: 원주전력소 | C78: 동원주변전소 | D78: 원주지사 | E78: 3 | F78: =ISTEXT(L78) -> TRUE | G78: 배전지능화 | H78: 비금속자가망(B) | I78: =IF(F78=TRUE,"사용","미사용") -> 사용 | J78: 패치 | K78: DAS | L78: DAS 원주 84링 | M78: KEPCO | N78: =IF(F78=TRUE,"X","O") -> X | AO78: A경로
A79: 강원본부 | B79: 원주전력소 | C79: 동원주변전소 | D79: 원주지사 | E79: 4 | F79: =ISTEXT(L79) -> TRUE | G79: 배전지능화 | H79: 비금속자가망(B) | I79: =IF(F79=TRUE,"사용","미사용") -> 사용 | J79: 패치 | K79: DAS | L79: DAS 원주 85링 | M79: KEPCO | N79: =IF(F79=TRUE,"X","O") -> X | AO79: A경로
A80: 강원본부 | B80: 원주전력소 | C80: 동원주변전소 | D80: 원주지사 | E80: 5 | F80: =ISTEXT(L80) -> TRUE | G80: 배전지능화 | H80: 비금속자가망(B) | I80: =IF(F80=TRUE,"사용","미사용") -> 사용 | J80: 패치 | K80: DAS | L80: DAS 원주 86링 | M80: KEPCO | N80: =IF(F80=TRUE,"X","O") -> X | AO80: A경로
A81: 강원본부 | B81: 원주전력소 | C81: 동원주변전소 | D81: 원주지사 | E81: 6 | F81: =ISTEXT(L81) -> FALSE | G81: 배전지능화 | H81: 비금속자가망(B) | I81: =IF(F81=TRUE,"사용","미사용") -> 미사용 | N81: =IF(F81=TRUE,"X","O") -> O | AA81: 9.97 | AB81: 4.696 | AC81: 3.101 | AD81: 44420 | AE81: 9.969 | AF81: 4.727 | AG81: 3.139 | AH81: 44644 | AI81: 9.971 | AJ81: 4.742 | AK81: 3.33 | AL81: 44978 | AO81: A경로
A82: 강원본부 | B82: 원주전력소 | C82: 동원주변전소 | D82: 원주지사 | E82: 7 | F82: =ISTEXT(L82) -> FALSE | G82: 배전지능화 | H82: 비금속자가망(B) | I82: =IF(F82=TRUE,"사용","미사용") -> 미사용 | N82: =IF(F82=TRUE,"X","O") -> O | AA82: 9.97 | AB82: 4.487 | AC82: 2.976 | AD82: 44420 | AE82: 9.971 | AF82: 4.523 | AG82: 3.008 | AH82: 44644 | AI82: 9.973 | AJ82: 4.434 | AK82: 3.061 | AL82: 44978 | AO82: A경로
A83: 강원본부 | B83: 원주전력소 | C83: 동원주변전소 | D83: 원주지사 | E83: 8 | F83: =ISTEXT(L83) -> FALSE | G83: 배전지능화 | H83: 비금속자가망(B) | I83: =IF(F83=TRUE,"사용","미사용") -> 미사용 | N83: =IF(F83=TRUE,"X","O") -> O | AA83: 9.97 | AB83: 5.32 | AC83: 3.685 | AD83: 44420 | AE83: 9.967 | AF83: 5.292 | AG83: 3.662 | AH83: 44644 | AI83: 9.969 | AJ83: 5.372 | AK83: 4.096 | AL83: 44978 | AO83: A경로
A84: 강원본부 | B84: 원주전력소 | C84: 동원주변전소 | D84: 원주지사 | E84: 9 | F84: =ISTEXT(L84) -> FALSE | G84: 배전지능화 | H84: 비금속자가망(B) | I84: =IF(F84=TRUE,"사용","미사용") -> 미사용 | N84: =IF(F84=TRUE,"X","O") -> O | AA84: 9.97 | AB84: 4.951 | AC84: 3.304 | AD84: 44420 | AE84: 9.971 | AF84: 4.936 | AG84: 3.4 | AH84: 44644 | AI84: 9.973 | AJ84: 5.011 | AK84: 3.506 | AL84: 44978 | AO84: A경로
A85: 강원본부 | B85: 원주전력소 | C85: 동원주변전소 | D85: 원주지사 | E85: 10 | F85: =ISTEXT(L85) -> FALSE | G85: 배전지능화 | H85: 비금속자가망(B) | I85: =IF(F85=TRUE,"사용","미사용") -> 미사용 | N85: =IF(F85=TRUE,"X","O") -> O | AA85: 9.97 | AB85: 5.509 | AC85: 3.931 | AD85: 44420 | AE85: 9.971 | AF85: 5.574 | AG85: 3.78 | AH85: 44644 | AI85: 9.973 | AJ85: 5.612 | AK85: 3.954 | AL85: 44978 | AO85: A경로
A86: 강원본부 | B86: 원주전력소 | C86: 동원주변전소 | D86: 원주지사 | E86: 11 | F86: =ISTEXT(L86) -> FALSE | G86: 배전지능화 | H86: 비금속자가망(B) | I86: =IF(F86=TRUE,"사용","미사용") -> 미사용 | N86: =IF(F86=TRUE,"X","O") -> O | AA86: 9.97 | AB86: 5.661 | AC86: 3.901 | AD86: 44420 | AE86: 9.971 | AF86: 5.676 | AG86: 4.005 | AH86: 44644 | AI86: 9.973 | AJ86: 5.776 | AK86: 4.214 | AL86: 44978 | AO86: A경로
A87: 강원본부 | B87: 원주전력소 | C87: 동원주변전소 | D87: 원주지사 | E87: 12 | F87: =ISTEXT(L87) -> FALSE | G87: 배전지능화 | H87: 비금속자가망(B) | I87: =IF(F87=TRUE,"사용","미사용") -> 미사용 | N87: =IF(F87=TRUE,"X","O") -> O | AA87: 9.97 | AB87: 4.528 | AC87: 3.159 | AD87: 44420 | AE87: 9.969 | AF87: 4.447 | AG87: 3.106 | AH87: 44644 | AI87: 9.971 | AJ87: 4.779 | AK87: 3.189 | AL87: 44978 | AO87: A경로
A88: 강원본부 | B88: 원주전력소 | C88: 동원주변전소 | D88: 원주지사 | E88: 13 | F88: =ISTEXT(L88) -> TRUE | G88: 배전지능화 | H88: 비금속자가망(B) | I88: =IF(F88=TRUE,"사용","미사용") -> 사용 | J88: 패치 | K88: DAS | L88: DAS 동원주 31 WEST | M88: KEPCO | N88: =IF(F88=TRUE,"X","O") -> X | AO88: A경로
A89: 강원본부 | B89: 원주전력소 | C89: 동원주변전소 | D89: 원주지사 | E89: 14 | F89: =ISTEXT(L89) -> TRUE | G89: 배전지능화 | H89: 비금속자가망(B) | I89: =IF(F89=TRUE,"사용","미사용") -> 사용 | J89: 패치 | K89: DAS | L89: DAS 동원주 32 WEST | M89: KEPCO | N89: =IF(F89=TRUE,"X","O") -> X | AO89: A경로
A90: 강원본부 | B90: 원주전력소 | C90: 동원주변전소 | D90: 원주지사 | E90: 15 | F90: =ISTEXT(L90) -> TRUE | G90: 배전지능화 | H90: 비금속자가망(B) | I90: =IF(F90=TRUE,"사용","미사용") -> 사용 | J90: 패치 | K90: DAS | L90: DAS 동원주 33 WEST | M90: KEPCO | N90: =IF(F90=TRUE,"X","O") -> X | AO90: A경로
A91: 강원본부 | B91: 원주전력소 | C91: 동원주변전소 | D91: 원주지사 | E91: 16 | F91: =ISTEXT(L91) -> TRUE | G91: 배전지능화 | H91: 비금속자가망(B) | I91: =IF(F91=TRUE,"사용","미사용") -> 사용 | J91: 패치 | K91: DAS | L91: DAS 동원주 34 WEST | M91: KEPCO | N91: =IF(F91=TRUE,"X","O") -> X | AO91: A경로
A92: 강원본부 | B92: 원주전력소 | C92: 동원주변전소 | D92: 원주지사 | E92: 17 | F92: =ISTEXT(L92) -> TRUE | G92: 배전지능화 | H92: 비금속자가망(B) | I92: =IF(F92=TRUE,"사용","미사용") -> 사용 | J92: 패치 | K92: DAS | L92: DAS 동원주 35 WEST | M92: KEPCO | N92: =IF(F92=TRUE,"X","O") -> X | AO92: A경로
A93: 강원본부 | B93: 원주전력소 | C93: 동원주변전소 | D93: 원주지사 | E93: 18 | F93: =ISTEXT(L93) -> FALSE | G93: 배전지능화 | H93: 비금속자가망(B) | I93: =IF(F93=TRUE,"사용","미사용") -> 미사용 | N93: =IF(F93=TRUE,"X","O") -> O | AA93: 9.97 | AB93: 4.248 | AC93: 3.118 | AD93: 44420 | AE93: 9.969 | AF93: 4.276 | AG93: 3.085 | AH93: 44644 | AI93: 9.971 | AJ93: 4.302 | AK93: 3.158 | AL93: 44978 | AO93: A경로
A94: 강원본부 | B94: 원주전력소 | C94: 동원주변전소 | D94: 원주지사 | E94: 19 | F94: =ISTEXT(L94) -> FALSE | G94: 배전지능화 | H94: 비금속자가망(B) | I94: =IF(F94=TRUE,"사용","미사용") -> 미사용 | N94: =IF(F94=TRUE,"X","O") -> O | AA94: 9.97 | AB94: 6.109 | AC94: 4.072 | AD94: 44420 | AE94: 9.975 | AF94: 6.138 | AG94: 4.08 | AH94: 44644 | AI94: 9.977 | AJ94: 6.255 | AK94: 4.412 | AL94: 44978 | AO94: A경로
A95: 강원본부 | B95: 원주전력소 | C95: 동원주변전소 | D95: 원주지사 | E95: 20 | F95: =ISTEXT(L95) -> FALSE | G95: 배전지능화 | H95: 비금속자가망(B) | I95: =IF(F95=TRUE,"사용","미사용") -> 미사용 | N95: =IF(F95=TRUE,"X","O") -> O | AA95: 9.97 | AB95: 5.134 | AC95: 3.772 | AD95: 44420 | AE95: 9.975 | AF95: 5.17 | AG95: 3.822 | AH95: 44644 | AI95: 9.977 | AJ95: 5.197 | AK95: 3.947 | AL95: 44978 | AO95: A경로
A96: 강원본부 | B96: 원주전력소 | C96: 동원주변전소 | D96: 원주지사 | E96: 21 | F96: =ISTEXT(L96) -> FALSE | G96: 배전지능화 | H96: 비금속자가망(B) | I96: =IF(F96=TRUE,"사용","미사용") -> 미사용 | N96: =IF(F96=TRUE,"X","O") -> O | AA96: 9.97 | AB96: 4.307 | AC96: 2.976 | AD96: 44420 | AE96: 9.975 | AF96: 4.316 | AG96: 2.966 | AH96: 44644 | AI96: 9.977 | AJ96: 4.375 | AK96: 3.149 | AL96: 44978 | AO96: A경로
A97: 강원본부 | B97: 원주전력소 | C97: 동원주변전소 | D97: 원주지사 | E97: 22 | F97: =ISTEXT(L97) -> FALSE | G97: 배전지능화 | H97: 비금속자가망(B) | I97: =IF(F97=TRUE,"사용","미사용") -> 미사용 | N97: =IF(F97=TRUE,"X","O") -> O | AA97: 9.97 | AB97: 5.785 | AC97: 4.228 | AD97: 44420 | AE97: 9.975 | AF97: 5.81 | AG97: 4.214 | AH97: 44644 | AI97: 9.977 | AJ97: 5.839 | AK97: 4.497 | AL97: 44978 | AO97: A경로
A98: 강원본부 | B98: 원주전력소 | C98: 동원주변전소 | D98: 원주지사 | E98: 23 | F98: =ISTEXT(L98) -> FALSE | G98: 배전지능화 | H98: 비금속자가망(B) | I98: =IF(F98=TRUE,"사용","미사용") -> 미사용 | N98: =IF(F98=TRUE,"X","O") -> O | AA98: 9.97 | AB98: 5.054 | AC98: 3.531 | AD98: 44420 | AE98: 9.975 | AF98: 5.098 | AG98: 3.654 | AH98: 44644 | AI98: 9.977 | AJ98: 5.137 | AK98: 3.859 | AL98: 44978 | AO98: A경로
A99: 강원본부 | B99: 원주전력소 | C99: 동원주변전소 | D99: 원주지사 | E99: 24 | F99: =ISTEXT(L99) -> FALSE | G99: 배전지능화 | H99: 비금속자가망(B) | I99: =IF(F99=TRUE,"사용","미사용") -> 미사용 | N99: =IF(F99=TRUE,"X","O") -> O | AA99: 9.97 | AB99: 6.129 | AC99: 4.344 | AD99: 44420 | AE99: 9.975 | AF99: 6.252 | AG99: 4.278 | AH99: 44644 | AI99: 9.975 | AJ99: 6.257 | AK99: 4.617 | AL99: 44978 | AO99: A경로
A100: 강원본부 | B100: 원주전력소 | C100: 동원주변전소 | D100: 원주지사 | E100: 1 | F100: =ISTEXT(L100) -> FALSE | G100: 배전지능화 | H100: 비금속자가망(B) | I100: =IF(F100=TRUE,"사용","미사용") -> 미사용 | N100: =IF(F100=TRUE,"X","O") -> O | AA100: 10.424 | AB100: 3.683 | AC100: 2.22 | AD100: 44420 | AE100: 10.42 | AF100: 3.719 | AG100: 2.233 | AH100: 44644 | AI100: 10.42 | AJ100: 3.726 | AK100: 2.256 | AL100: 44978 | AO100: B경로
...

Sheet 문막
A1: ■ 강원본부 OFD 선번장(문막) | L1: ※ 코아명칭 부여 PTP : COT측 장비 광출력 기준 링 : 링방향 West 광출력 기준
AO2: =원주!AS2 -> 45601 | AU2: 용도
A3: 본부 | B3: 관리사업소 | C3: 설치장소 | D3: 상대국명 | E3: 코어 선번 | F3: 사용여부판단 | G3: 송전선로 관리번호 | H3: 송전, 배전 선로명 | I3: 사용 여부 | J3: 융착/ 패치 | K3: 용도 | L3: 수용내역 | M3: 사용회사 | N3: 측정가능 여부 | O3: 측정거리 (km) | P3: 측정DATA 1310 (dB) | Q3: 측정DATA 1550 (dB) | R3: 측정일자 | S3: 측정거리 (km) | T3: 측정DATA 1310 (dB) | U3: 측정DATA 1550 (dB) | V3: 측정일자 | W3: 측정거리 (km) | X3: 측정DATA 1310 (dB) | Y3: 측정DATA 1550 (dB) | Z3: 측정일자 | AA3: 측정거리 (km) | AB3: 측정DATA 1310 (dB) | AC3: 측정DATA 1550 (dB) | AD3: 측정일자 | AE3: 측정거리 (km) | AF3: 측정DATA 1310 (dB) | AG3: 측정DATA 1550 (dB) | AH3: 측정일자 | AI3: 측정거리 (km) | AJ3: 측정DATA 1310 (dB) | AK3: 측정DATA 1550 (dB) | AL3: 측정일자 | AM3: 접속개소 | AN3: 상태 판단 | AO3: 비고 | AU3: 소형광단국
A4: 강원본부 | B4: 원주전력소 | C4: 문막변전소 | D4: 서원주변전소 | E4: 1 | F4: =ISTEXT(L4) -> FALSE | G4: 1000000353 | H4: 원주문막#2 T/L | I4: =IF(F4=TRUE,"사용","미사용") -> 미사용 | J4: 패치 | M4: KEPCO | N4: =IF(F4=TRUE,"X","O") -> O | AI4: 23.995 | AJ4: 9.578 | AK4: 6.04 | AL4: 44979 | AU4: 통합단말
A5: 강원본부 | B5: 원주전력소 | C5: 문막변전소 | D5: 서원주변전소 | E5: 2 | F5: =ISTEXT(L5) -> FALSE | G5: 1000000353 | H5: 원주문막#2 T/L | I5: =IF(F5=TRUE,"사용","미사용") -> 미사용 | J5: 패치 | M5: KEPCO | N5: =IF(F5=TRUE,"X","O") -> O | AI5: 24.061 | AJ5: 8.893 | AK5: 5.387 | AL5: 44979 | AU5: KepCIT
A6: 강원본부 | B6: 원주전력소 | C6: 문막변전소 | D6: 서원주변전소 | E6: 3 | F6: =ISTEXT(L6) -> FALSE | G6: 1000000353 | H6: 원주문막#2 T/L | I6: =IF(F6=TRUE,"사용","미사용") -> 미사용 | J6: 패치 | M6: KEPCO | N6: =IF(F6=TRUE,"X","O") -> O | AI6: 23.999 | AJ6: 9.571 | AK6: 6.351 | AL6: 44979 | AU6: 광스위치
A7: 강원본부 | B7: 원주전력소 | C7: 문막변전소 | D7: 서원주변전소 | E7: 4 | F7: =ISTEXT(L7) -> FALSE | G7: 1000000353 | H7: 원주문막#2 T/L | I7: =IF(F7=TRUE,"사용","미사용") -> 미사용 | J7: 패치 | M7: KEPCO | N7: =IF(F7=TRUE,"X","O") -> O | AI7: 23.995 | AJ7: 8.214 | AK7: 5.243 | AL7: 44979 | AU7: 송변전광
A8: 강원본부 | B8: 원주전력소 | C8: 문막변전소 | D8: 서원주변전소 | E8: 5 | F8: =ISTEXT(L8) -> TRUE | G8: 1000000353 | H8: 원주문막#2 T/L | I8: =IF(F8=TRUE,"사용","미사용") -> 사용 | J8: 패치 | K8: 통합단말 | L8: 원주전력소 GR3링(남원주-문막) OUT | M8: KEPCO | N8: =IF(F8=TRUE,"X","O") -> X | AO8: 콘넥터미사용 코드직결 | AU8: 임대
A9: 강원본부 | B9: 원주전력소 | C9: 문막변전소 | D9: 서원주변전소 | E9: 6 | F9: =ISTEXT(L9) -> TRUE | G9: 1000000353 | H9: 원주문막#2 T/L | I9: =IF(F9=TRUE,"사용","미사용") -> 사용 | J9: 패치 | K9: 통합단말 | L9: 원주전력소 GR3링(남원주-문막) IN | M9: KEPCO | N9: =IF(F9=TRUE,"X","O") -> X | AU9: PTPU
A10: 강원본부 | B10: 원주전력소 | C10: 문막변전소 | D10: 서원주변전소 | E10: 7 | F10: =ISTEXT(L10) -> TRUE | G10: 1000000353 | H10: 원주문막#2 T/L | I10: =IF(F10=TRUE,"사용","미사용") -> 사용 | J10: 패치 | K10: 광스위치 | L10: 디지탈스카다㈜(남원주-문막) | M10: KEPCO | N10: =IF(F10=TRUE,"X","O") -> X | AU10: SCADA
A11: 강원본부 | B11: 원주전력소 | C11: 문막변전소 | D11: 서원주변전소 | E11: 8 | F11: =ISTEXT(L11) -> TRUE | G11: 1000000353 | H11: 원주문막#2 T/L | I11: =IF(F11=TRUE,"사용","미사용") -> 사용 | J11: 패치 | K11: 광스위치 | L11: 디지탈스카다㈜(문막-서원주) | M11: KEPCO | N11: =IF(F11=TRUE,"X","O") -> X | AU11: PITR
A12: 강원본부 | B12: 원주전력소 | C12: 문막변전소 | D12: 서원주변전소 | E12: 9 | F12: =ISTEXT(L12) -> TRUE | G12: 1000000353 | H12: 원주문막#2 T/L | I12: =IF(F12=TRUE,"사용","미사용") -> 사용 | J12: 패치 | K12: 송변전광 | L12: 문막-원주 송변전광 W-OUT | M12: KEPCO | N12: =IF(F12=TRUE,"X","O") -> X | O12: 18.759 | P12: 6.653 | Q12: 4.021 | R12: 43255 | S12: 18.767 | T12: 6.616 | U12: 4.383 | V12: 43704 | AU12: DAS
A13: 강원본부 | B13: 원주전력소 | C13: 문막변전소 | D13: 서원주변전소 | E13: 10 | F13: =ISTEXT(L13) -> TRUE | G13: 1000000353 | H13: 원주문막#2 T/L | I13: =IF(F13=TRUE,"사용","미사용") -> 사용 | J13: 패치 | K13: 송변전광 | L13: 문막-원주 송변전광 W-IN | M13: KEPCO | N13: =IF(F13=TRUE,"X","O") -> X | S13: 18.767 | T13: 6.621 | U13: 4.682 | V13: 43704 | AU13: 기타
A14: 강원본부 | B14: 원주전력소 | C14: 문막변전소 | D14: 서원주변전소 | E14: 11 | F14: =ISTEXT(L14) -> TRUE | G14: 1000000353 | H14: 원주문막#2 T/L | I14: =IF(F14=TRUE,"사용","미사용") -> 사용 | J14: 패치 | K14: 송변전광 | L14: 서원주-문막 송변전광 W-IN | M14: KEPCO | N14: =IF(F14=TRUE,"X","O") -> X | O14: 18.755 | P14: 6.743 | Q14: 4.056 | R14: 43255 | S14: 18.767 | T14: 6.719 | U14: 4.536 | V14: 43704 | AU14: 송PTPU
A15: 강원본부 | B15: 원주전력소 | C15: 문막변전소 | D15: 서원주변전소 | E15: 12 | F15: =ISTEXT(L15) -> TRUE | G15: 1000000353 | H15: 원주문막#2 T/L | I15: =IF(F15=TRUE,"사용","미사용") -> 사용 | J15: 패치 | K15: 송변전광 | L15: 서원주-문막 송변전광 W-OUT | M15: KEPCO | N15: =IF(F15=TRUE,"X","O") -> X | O15: 18.743 | P15: 6.583 | Q15: 4.087 | R15: 43255 | S15: 18.767 | T15: 6.585 | U15: 4.717 | V15: 43704
A16: 강원본부 | B16: 원주전력소 | C16: 문막변전소 | D16: 서원주변전소 | E16: 13 | F16: =ISTEXT(L16) -> TRUE | G16: 1000000353 | H16: 원주문막#2 T/L | I16: =IF(F16=TRUE,"사용","미사용") -> 사용 | J16: 패치 | K16: 통합단말 | L16: 원주전력소 GR3링(문막-서원주) OUT | M16: KEPCO | N16: =IF(F16=TRUE,"X","O") -> X
